index,actual,probability,dummy_probability
6,1,0.28630321499381295,0.21259701224709524
10,0,0.23979858101584536,0.21259701224709524
18,0,0.17138001440228917,0.21259701224709524
27,0,0.21599132815253405,0.21259701224709524
28,0,0.1531314578069423,0.21259701224709524
46,0,0.31923336935435753,0.21259701224709524
60,1,0.30580127030015,0.21259701224709524
62,1,0.291108850838624,0.21259701224709524
66,0,0.13945907875415506,0.21259701224709524
68,0,0.17406636022871905,0.21259701224709524
75,1,0.2358785102211274,0.21259701224709524
76,0,0.37277464511002323,0.21259701224709524
79,1,0.1690946599672923,0.21259701224709524
85,0,0.15118141999403653,0.21259701224709524
86,0,0.16073984676110825,0.21259701224709524
87,1,0.3402087162236021,0.21259701224709524
99,0,0.17522463108513173,0.21259701224709524
104,0,0.15048067940549067,0.21259701224709524
109,0,0.1511257141083183,0.21259701224709524
116,1,0.22174288686594196,0.21259701224709524
124,1,0.2168172382672614,0.21259701224709524
128,0,0.22206302133069,0.21259701224709524
134,1,0.24353936157964334,0.21259701224709524
136,1,0.27335017745470336,0.21259701224709524
141,0,0.1593573481284802,0.21259701224709524
149,1,0.1706500744392299,0.21259701224709524
150,0,0.23377202935074107,0.21259701224709524
157,0,0.2535795373366979,0.21259701224709524
167,0,0.23527283385750256,0.21259701224709524
168,0,0.1908400874558132,0.21259701224709524
175,1,0.2891536242516354,0.21259701224709524
176,1,0.28010140278201767,0.21259701224709524
182,0,0.17593164193437116,0.21259701224709524
184,0,0.30633810524589866,0.21259701224709524
188,0,0.24957240076617768,0.21259701224709524
192,1,0.2072904770967791,0.21259701224709524
195,0,0.2129057200680125,0.21259701224709524
206,0,0.14060186662533447,0.21259701224709524
209,0,0.2975563969043051,0.21259701224709524
216,0,0.22232190446330358,0.21259701224709524
218,0,0.3862057251603327,0.21259701224709524
219,0,0.28689196112534027,0.21259701224709524
220,0,0.15080486831119608,0.21259701224709524
222,0,0.15755479611418385,0.21259701224709524
223,0,0.14753136200011435,0.21259701224709524
232,0,0.15827563149362783,0.21259701224709524
236,0,0.2245478861808779,0.21259701224709524
244,0,0.15204243824221034,0.21259701224709524
246,0,0.27889689520029687,0.21259701224709524
248,0,0.14305511077846234,0.21259701224709524
249,0,0.13528479502671004,0.21259701224709524
250,0,0.17083749479912147,0.21259701224709524
252,0,0.175769435325303,0.21259701224709524
254,0,0.2651451856137799,0.21259701224709524
257,0,0.14475365925572029,0.21259701224709524
260,0,0.24944440978830065,0.21259701224709524
261,0,0.1936312790330692,0.21259701224709524
265,0,0.16175507122653307,0.21259701224709524
267,0,0.19852503028413354,0.21259701224709524
268,0,0.15467354606753164,0.21259701224709524
271,0,0.12786108019708234,0.21259701224709524
272,0,0.16017111988864907,0.21259701224709524
280,0,0.2747127257315253,0.21259701224709524
286,0,0.31001485530549533,0.21259701224709524
294,0,0.1352549970115032,0.21259701224709524
302,0,0.15074769498781335,0.21259701224709524
303,0,0.20341529872063965,0.21259701224709524
306,0,0.21664992842299985,0.21259701224709524
310,1,0.2631384701727221,0.21259701224709524
316,0,0.14811924210295782,0.21259701224709524
321,0,0.28418253139687133,0.21259701224709524
331,0,0.2119628556890415,0.21259701224709524
335,0,0.23414389450548032,0.21259701224709524
341,1,0.2372842659343761,0.21259701224709524
345,0,0.11744328111663706,0.21259701224709524
346,1,0.1278739017132405,0.21259701224709524
350,0,0.2572118933248949,0.21259701224709524
354,0,0.1960586194364449,0.21259701224709524
355,0,0.2705328516634779,0.21259701224709524
360,0,0.19255753607401527,0.21259701224709524
361,0,0.12621514804093312,0.21259701224709524
363,1,0.19985436949925126,0.21259701224709524
367,0,0.14901125148920902,0.21259701224709524
376,1,0.28380200327388677,0.21259701224709524
383,0,0.17980118193885156,0.21259701224709524
384,0,0.1623566358938747,0.21259701224709524
388,0,0.16843644602910884,0.21259701224709524
390,0,0.15545362065280735,0.21259701224709524
396,0,0.3152914857806009,0.21259701224709524
398,0,0.158224734025767,0.21259701224709524
402,0,0.20780377220137045,0.21259701224709524
408,0,0.22601687133831858,0.21259701224709524
415,0,0.21261729967703438,0.21259701224709524
433,0,0.2758773539635231,0.21259701224709524
436,0,0.14277518462322678,0.21259701224709524
439,0,0.2938012039481634,0.21259701224709524
441,0,0.1594186438005427,0.21259701224709524
456,1,0.2944328314962009,0.21259701224709524
460,0,0.2734379313352797,0.21259701224709524
463,1,0.3796740587043709,0.21259701224709524
468,0,0.17521220407156032,0.21259701224709524
469,0,0.1642402173664589,0.21259701224709524
472,1,0.23990769775895723,0.21259701224709524
477,0,0.15301962604745023,0.21259701224709524
481,0,0.1845674981442067,0.21259701224709524
493,0,0.19605492043417894,0.21259701224709524
496,0,0.1722127071748885,0.21259701224709524
499,0,0.18596619319844124,0.21259701224709524
500,0,0.17156380337125504,0.21259701224709524
516,0,0.14476827190395447,0.21259701224709524
517,1,0.23284483058138328,0.21259701224709524
520,0,0.2721450062774697,0.21259701224709524
521,1,0.16029524709712378,0.21259701224709524
526,1,0.31953561002952136,0.21259701224709524
530,0,0.1679135255511996,0.21259701224709524
536,0,0.14702550536457773,0.21259701224709524
538,1,0.278809406580658,0.21259701224709524
542,0,0.12748347947445535,0.21259701224709524
561,0,0.2726210521153984,0.21259701224709524
567,0,0.1629588829525027,0.21259701224709524
571,0,0.18062890492514136,0.21259701224709524
590,1,0.3197174437333352,0.21259701224709524
591,0,0.17785924673214695,0.21259701224709524
611,0,0.15478375486979995,0.21259701224709524
612,1,0.15989964803912904,0.21259701224709524
622,0,0.14578228280960623,0.21259701224709524
623,0,0.18517141461273112,0.21259701224709524
624,0,0.14391834323498287,0.21259701224709524
626,1,0.2161831392094252,0.21259701224709524
627,0,0.1676944375878336,0.21259701224709524
640,0,0.205291385122606,0.21259701224709524
644,0,0.17040481988025616,0.21259701224709524
645,0,0.13878444573578955,0.21259701224709524
655,0,0.3590151660116731,0.21259701224709524
663,0,0.13384197481877308,0.21259701224709524
666,0,0.29655430500605817,0.21259701224709524
667,0,0.1438611687683956,0.21259701224709524
683,1,0.22325258087029706,0.21259701224709524
688,0,0.23082717380161483,0.21259701224709524
695,0,0.1903040303323107,0.21259701224709524
710,0,0.24558822481732903,0.21259701224709524
725,0,0.2707524330022535,0.21259701224709524
726,0,0.17658972961655697,0.21259701224709524
728,0,0.12940781774134308,0.21259701224709524
734,1,0.138821908203757,0.21259701224709524
746,0,0.14672542497597632,0.21259701224709524
748,0,0.1325085315542678,0.21259701224709524
750,1,0.26515626144703514,0.21259701224709524
762,0,0.3744286693360538,0.21259701224709524
773,1,0.17142896546699413,0.21259701224709524
774,1,0.1851665762859425,0.21259701224709524
775,0,0.18311650237441784,0.21259701224709524
781,0,0.24573786751739593,0.21259701224709524
782,0,0.116638704716205,0.21259701224709524
789,0,0.20133531483021783,0.21259701224709524
797,0,0.23359152876079867,0.21259701224709524
798,0,0.12981445702591043,0.21259701224709524
799,1,0.2831895288968655,0.21259701224709524
801,0,0.3024205497684197,0.21259701224709524
805,0,0.21619619338121804,0.21259701224709524
819,0,0.2184893712590372,0.21259701224709524
825,1,0.31697247098624937,0.21259701224709524
826,0,0.3499339802460983,0.21259701224709524
840,0,0.21801617633360298,0.21259701224709524
842,0,0.18491952739973475,0.21259701224709524
846,0,0.22474781099482036,0.21259701224709524
849,0,0.18449388230985314,0.21259701224709524
851,0,0.19509202174273862,0.21259701224709524
860,0,0.14050400886381073,0.21259701224709524
869,0,0.15944036789566227,0.21259701224709524
873,0,0.34031666072869915,0.21259701224709524
874,0,0.18347782864553502,0.21259701224709524
875,0,0.2509324313966114,0.21259701224709524
877,0,0.2382517857362837,0.21259701224709524
882,1,0.22298041346821834,0.21259701224709524
888,0,0.13267361009946713,0.21259701224709524
889,0,0.3548937362027972,0.21259701224709524
891,1,0.19205682861743295,0.21259701224709524
913,0,0.26455463279957236,0.21259701224709524
915,1,0.16220693228935934,0.21259701224709524
916,1,0.2623630146334613,0.21259701224709524
917,0,0.34849616234012754,0.21259701224709524
922,0,0.2235594468398046,0.21259701224709524
927,0,0.21696836248725437,0.21259701224709524
930,0,0.18345908018113555,0.21259701224709524
935,0,0.24025342466895486,0.21259701224709524
980,0,0.17942267898927639,0.21259701224709524
982,1,0.15951011919060976,0.21259701224709524
983,0,0.16964102915616686,0.21259701224709524
984,1,0.16190976774911298,0.21259701224709524
991,0,0.13018165539096704,0.21259701224709524
994,0,0.21103098352933103,0.21259701224709524
997,0,0.20213670401866723,0.21259701224709524
1000,0,0.26287650887449193,0.21259701224709524
1002,0,0.17393659792536903,0.21259701224709524
1013,0,0.14803873736337378,0.21259701224709524
1018,1,0.26047322437872417,0.21259701224709524
1025,0,0.25527992819971695,0.21259701224709524
1026,0,0.22498982762304318,0.21259701224709524
1027,0,0.23857127776127748,0.21259701224709524
1033,0,0.19949399094899645,0.21259701224709524
1035,0,0.2714030413578308,0.21259701224709524
1042,0,0.1704269741915401,0.21259701224709524
1076,0,0.21144088289702304,0.21259701224709524
1081,0,0.30421969515658664,0.21259701224709524
1083,1,0.13221143061292764,0.21259701224709524
1086,0,0.1662091630336012,0.21259701224709524
1087,0,0.16656049352303898,0.21259701224709524
1089,0,0.24559100783932616,0.21259701224709524
1091,0,0.2463103077245944,0.21259701224709524
1094,0,0.3157782927001839,0.21259701224709524
1095,0,0.14003729796471245,0.21259701224709524
1098,0,0.2410307973331518,0.21259701224709524
1103,0,0.18471808347373384,0.21259701224709524
1104,0,0.26544104710764094,0.21259701224709524
1112,0,0.09457118496119439,0.21259701224709524
1120,0,0.2057175082638665,0.21259701224709524
1124,0,0.206744962474163,0.21259701224709524
1125,0,0.13422553524263947,0.21259701224709524
1132,1,0.17654785950588187,0.21259701224709524
1133,0,0.19442845779281803,0.21259701224709524
1138,0,0.1742738671957449,0.21259701224709524
1140,0,0.10931437234621258,0.21259701224709524
1142,0,0.12014672358328823,0.21259701224709524
1145,1,0.17520113694251663,0.21259701224709524
1146,0,0.14730469403611954,0.21259701224709524
1152,0,0.16516130394961126,0.21259701224709524
1155,1,0.2634953409897333,0.21259701224709524
1158,1,0.19070729216102633,0.21259701224709524
1161,0,0.30961718556902035,0.21259701224709524
1162,1,0.13299165716315825,0.21259701224709524
1164,0,0.2756739877489254,0.21259701224709524
1167,0,0.2912733501038949,0.21259701224709524
1168,0,0.2374098980549546,0.21259701224709524
1169,1,0.1657808752237315,0.21259701224709524
1171,0,0.1457107029064778,0.21259701224709524
1177,0,0.2517229912578957,0.21259701224709524
1180,1,0.2251955146957836,0.21259701224709524
1182,0,0.2362422050311383,0.21259701224709524
1187,0,0.3286112511822291,0.21259701224709524
1194,0,0.18962713266106151,0.21259701224709524
1202,0,0.1900749393991528,0.21259701224709524
1210,0,0.17524041867241322,0.21259701224709524
1212,0,0.16636447495612683,0.21259701224709524
1230,0,0.18494222364407778,0.21259701224709524
1251,0,0.24517729670225424,0.21259701224709524
1256,0,0.13434297611683454,0.21259701224709524
1271,1,0.149980923187095,0.21259701224709524
1272,0,0.30467898755536654,0.21259701224709524
1274,0,0.26659630422710945,0.21259701224709524
1280,0,0.2730367575547183,0.21259701224709524
1282,0,0.21568512433680825,0.21259701224709524
1287,0,0.16754870326626442,0.21259701224709524
1288,0,0.17904339761987167,0.21259701224709524
1290,0,0.25783893019262605,0.21259701224709524
1291,1,0.200945682643265,0.21259701224709524
1292,0,0.19838092632044727,0.21259701224709524
1298,0,0.15570095865100067,0.21259701224709524
1309,0,0.19065794644787862,0.21259701224709524
1329,1,0.27578031925470037,0.21259701224709524
1331,0,0.30338081572903935,0.21259701224709524
1335,0,0.19520600908491345,0.21259701224709524
1343,0,0.36894868492971095,0.21259701224709524
1349,0,0.20410746028906493,0.21259701224709524
1363,0,0.3421774381993129,0.21259701224709524
1364,0,0.3275237718553869,0.21259701224709524
1367,1,0.19820370662285938,0.21259701224709524
1372,0,0.11233463302268333,0.21259701224709524
1374,0,0.25267198131607943,0.21259701224709524
1382,0,0.3556240567540344,0.21259701224709524
1383,0,0.09650767514253086,0.21259701224709524
1388,0,0.18297125723773486,0.21259701224709524
1389,0,0.17769135739782113,0.21259701224709524
1392,1,0.24902828912195923,0.21259701224709524
1393,1,0.16179987540298574,0.21259701224709524
1395,0,0.12586923014108187,0.21259701224709524
1399,0,0.2841698906752524,0.21259701224709524
1402,0,0.24349957201296418,0.21259701224709524
1403,0,0.14157674168619588,0.21259701224709524
1416,0,0.14782923966044487,0.21259701224709524
1417,0,0.20762158136670827,0.21259701224709524
1420,0,0.18363622816882685,0.21259701224709524
1424,1,0.1956610606814885,0.21259701224709524
1429,0,0.11808598833371597,0.21259701224709524
1432,0,0.19002355600239426,0.21259701224709524
1433,0,0.2826343295537282,0.21259701224709524
1436,0,0.19505996848373697,0.21259701224709524
1438,0,0.13652739109732193,0.21259701224709524
1440,0,0.3013866838014214,0.21259701224709524
1441,0,0.28840919893966566,0.21259701224709524
1445,0,0.30458683577379814,0.21259701224709524
1446,0,0.26177417417665155,0.21259701224709524
1456,0,0.17170626258929625,0.21259701224709524
1458,0,0.30708673504107564,0.21259701224709524
1461,0,0.13595034175054935,0.21259701224709524
1468,0,0.26817524048879665,0.21259701224709524
1469,1,0.15750148126556132,0.21259701224709524
1479,1,0.26205902809292464,0.21259701224709524
1481,0,0.27137456274752725,0.21259701224709524
1485,0,0.09111043615102665,0.21259701224709524
1487,0,0.22120533239401313,0.21259701224709524
1494,0,0.23507675280171933,0.21259701224709524
1501,0,0.27924156178491183,0.21259701224709524
1504,0,0.1604952068128731,0.21259701224709524
1511,0,0.31530397513797254,0.21259701224709524
1515,1,0.25333972025462487,0.21259701224709524
1519,0,0.1349079200498224,0.21259701224709524
1525,0,0.2630270134350832,0.21259701224709524
1533,0,0.18805526844378295,0.21259701224709524
1534,1,0.2771208461599411,0.21259701224709524
1539,0,0.2266515427639141,0.21259701224709524
1548,1,0.14579756368755917,0.21259701224709524
1560,0,0.1859839130513508,0.21259701224709524
1562,0,0.15599339727490194,0.21259701224709524
1573,0,0.15518782397641417,0.21259701224709524
1578,1,0.11850310975300406,0.21259701224709524
1590,0,0.2385812900863869,0.21259701224709524
1591,0,0.16286573838040805,0.21259701224709524
1601,1,0.1931462649437251,0.21259701224709524
1602,0,0.2506170977014419,0.21259701224709524
1604,0,0.12360828561623201,0.21259701224709524
1610,0,0.19306630911495962,0.21259701224709524
1611,0,0.38561406174301677,0.21259701224709524
1615,1,0.1596898316737463,0.21259701224709524
1616,0,0.26303687795137626,0.21259701224709524
1618,0,0.23244370408626464,0.21259701224709524
1625,0,0.13858918105255386,0.21259701224709524
1631,0,0.18200775891062942,0.21259701224709524
1637,0,0.16665843407523395,0.21259701224709524
1639,1,0.3021910790051258,0.21259701224709524
1646,0,0.14691356974577863,0.21259701224709524
1651,0,0.1746651982724108,0.21259701224709524
1656,0,0.18763015372342348,0.21259701224709524
1657,0,0.22957135203024312,0.21259701224709524
1668,0,0.21353155149293737,0.21259701224709524
1671,0,0.1742196998213999,0.21259701224709524
1677,0,0.2690451194169406,0.21259701224709524
1690,1,0.25819231509023544,0.21259701224709524
1702,0,0.1377901705421504,0.21259701224709524
1704,0,0.36779914486474996,0.21259701224709524
1720,1,0.3134766065930785,0.21259701224709524
1731,0,0.19664890643569632,0.21259701224709524
1733,0,0.31994315281910385,0.21259701224709524
1735,1,0.26658165535272227,0.21259701224709524
1739,0,0.10656036346333085,0.21259701224709524
1747,0,0.27033950141982127,0.21259701224709524
1748,0,0.13585964289342944,0.21259701224709524
1750,0,0.19678873816712203,0.21259701224709524
1752,0,0.27725993571012714,0.21259701224709524
1753,0,0.17098822374622685,0.21259701224709524
1755,0,0.12748074542062812,0.21259701224709524
1757,0,0.22066651996285297,0.21259701224709524
1765,0,0.2765556660284661,0.21259701224709524
1766,0,0.31824245155313224,0.21259701224709524
1772,1,0.17820987885986223,0.21259701224709524
1779,0,0.2754157460302262,0.21259701224709524
1781,1,0.20795482899652235,0.21259701224709524
1785,0,0.1882008361478132,0.21259701224709524
1789,1,0.2147195511311048,0.21259701224709524
1802,1,0.16275103176226324,0.21259701224709524
1815,0,0.29067971047741786,0.21259701224709524
1824,0,0.26107366287418926,0.21259701224709524
1830,0,0.12995697324118144,0.21259701224709524
1831,0,0.2433754462120351,0.21259701224709524
1842,0,0.1695008409043222,0.21259701224709524
1844,0,0.13166334952009853,0.21259701224709524
1846,0,0.1685588130595028,0.21259701224709524
1857,0,0.1447897240729896,0.21259701224709524
1859,0,0.1669845294920285,0.21259701224709524
1863,0,0.3955491417416759,0.21259701224709524
1877,0,0.16234950431861836,0.21259701224709524
1880,0,0.18545550610166964,0.21259701224709524
1886,1,0.1719658682714736,0.21259701224709524
1893,0,0.11037743316329418,0.21259701224709524
1907,0,0.15924389525201668,0.21259701224709524
1914,1,0.16577171849723085,0.21259701224709524
1919,0,0.19828155183596097,0.21259701224709524
1922,0,0.19501649113589808,0.21259701224709524
1923,0,0.13230894189492046,0.21259701224709524
1924,0,0.23597393499823732,0.21259701224709524
1931,0,0.15318948582592967,0.21259701224709524
1937,0,0.18451083850203215,0.21259701224709524
1939,0,0.23050616608277377,0.21259701224709524
1940,1,0.25946862391463643,0.21259701224709524
1948,1,0.29300583923291473,0.21259701224709524
1949,0,0.16366008487317107,0.21259701224709524
1950,0,0.19125829632725538,0.21259701224709524
1953,0,0.27849051698238936,0.21259701224709524
1957,0,0.2432925306334759,0.21259701224709524
1964,0,0.18998257610695193,0.21259701224709524
1969,0,0.1782877140501502,0.21259701224709524
1975,0,0.220946094720799,0.21259701224709524
1977,1,0.25660219637655335,0.21259701224709524
1985,0,0.20146718104662592,0.21259701224709524
1990,1,0.2628611477847234,0.21259701224709524
1997,0,0.20247018340427492,0.21259701224709524
2003,1,0.1656681145841341,0.21259701224709524
2009,0,0.2538235374208767,0.21259701224709524
2011,0,0.28237340889378815,0.21259701224709524
2013,0,0.13611915406343936,0.21259701224709524
2016,0,0.17679660428594593,0.21259701224709524
2019,1,0.21623595884889638,0.21259701224709524
2034,0,0.26428655035446547,0.21259701224709524
2040,0,0.22117436345411115,0.21259701224709524
2054,0,0.17261344902910797,0.21259701224709524
2060,0,0.16323419812295145,0.21259701224709524
2063,0,0.1838463283805723,0.21259701224709524
2065,0,0.20152923539841633,0.21259701224709524
2066,0,0.24451720108026967,0.21259701224709524
2067,0,0.1900498355013912,0.21259701224709524
2068,0,0.08197280434078077,0.21259701224709524
2071,0,0.21501414539411398,0.21259701224709524
2074,0,0.3282450673615942,0.21259701224709524
2076,0,0.17896683070892153,0.21259701224709524
2089,0,0.2247526159119655,0.21259701224709524
2096,0,0.14211882189237393,0.21259701224709524
2097,0,0.18279072068290217,0.21259701224709524
2100,1,0.2937220101971606,0.21259701224709524
2105,0,0.2593828626115613,0.21259701224709524
2116,0,0.2461667168207294,0.21259701224709524
2123,0,0.2027730229447116,0.21259701224709524
2130,0,0.17418784744598495,0.21259701224709524
2131,0,0.1608305731835399,0.21259701224709524
2138,0,0.2653536658378444,0.21259701224709524
2142,0,0.23482851702099844,0.21259701224709524
2151,0,0.19307635256132968,0.21259701224709524
2153,0,0.19713663777997556,0.21259701224709524
2157,0,0.24999343844233118,0.21259701224709524
2165,0,0.19320952844166536,0.21259701224709524
2167,0,0.12312993944325451,0.21259701224709524
2168,1,0.2761475020863855,0.21259701224709524
2172,1,0.12075316983550566,0.21259701224709524
2178,0,0.18094757078289475,0.21259701224709524
2179,0,0.2591729390136842,0.21259701224709524
2183,1,0.3173104983505738,0.21259701224709524
2187,0,0.24307700595276266,0.21259701224709524
2188,0,0.22075215394003697,0.21259701224709524
2190,0,0.3045245160927521,0.21259701224709524
2199,0,0.15705816270422848,0.21259701224709524
2208,1,0.23978472112421118,0.21259701224709524
2209,0,0.23667959471030356,0.21259701224709524
2218,0,0.11268118416359368,0.21259701224709524
2221,1,0.3068968341829581,0.21259701224709524
2226,0,0.21089753739572117,0.21259701224709524
2227,0,0.2460338885974975,0.21259701224709524
2231,0,0.3045404089735906,0.21259701224709524
2236,0,0.17066496878358922,0.21259701224709524
2242,1,0.28366626742034823,0.21259701224709524
2250,1,0.32117679331969273,0.21259701224709524
2251,0,0.15290373065845833,0.21259701224709524
2253,0,0.27496796268359974,0.21259701224709524
2264,0,0.19049089289060986,0.21259701224709524
2287,0,0.2516880460406527,0.21259701224709524
2291,0,0.25128542759042516,0.21259701224709524
2295,0,0.17833255432639525,0.21259701224709524
2298,0,0.16999139965354107,0.21259701224709524
2299,0,0.30966734710323757,0.21259701224709524
2305,0,0.3194145306079352,0.21259701224709524
2310,0,0.2464752681810171,0.21259701224709524
2315,0,0.31578568454185474,0.21259701224709524
2331,0,0.18594348319947498,0.21259701224709524
2336,1,0.2461361536474197,0.21259701224709524
2339,0,0.30599560893404776,0.21259701224709524
2350,1,0.2549001783161652,0.21259701224709524
2352,0,0.20508775659465453,0.21259701224709524
2353,0,0.21024911216467193,0.21259701224709524
2354,1,0.14864951874731466,0.21259701224709524
2365,0,0.27060051678283503,0.21259701224709524
2374,1,0.23220917778398614,0.21259701224709524
2380,0,0.1049498028684081,0.21259701224709524
2381,0,0.20005238338537026,0.21259701224709524
2388,0,0.10973905476935622,0.21259701224709524
2389,1,0.17134120417172127,0.21259701224709524
2391,0,0.18403351566443713,0.21259701224709524
2400,1,0.15102709533539407,0.21259701224709524
2404,0,0.1907351660600782,0.21259701224709524
2405,0,0.1928489525397824,0.21259701224709524
2410,0,0.3016181399991486,0.21259701224709524
2411,0,0.20690563243991242,0.21259701224709524
2420,0,0.1820736249162342,0.21259701224709524
2421,0,0.20082296549559125,0.21259701224709524
2422,1,0.1505772121387572,0.21259701224709524
2427,0,0.13301711302533256,0.21259701224709524
2428,0,0.14115441361833223,0.21259701224709524
2431,0,0.25439396993499735,0.21259701224709524
2434,0,0.2089639374229354,0.21259701224709524
2442,0,0.15930823285328854,0.21259701224709524
2450,0,0.19349832325885566,0.21259701224709524
2454,0,0.26010128597939763,0.21259701224709524
2461,0,0.1951241094874048,0.21259701224709524
2462,1,0.246737201023758,0.21259701224709524
2469,0,0.13895928199153698,0.21259701224709524
2474,1,0.23106107659711783,0.21259701224709524
2479,0,0.1655063811445314,0.21259701224709524
2481,0,0.18817701794852332,0.21259701224709524
2483,0,0.2743551508672663,0.21259701224709524
2484,0,0.1615398372910894,0.21259701224709524
2494,0,0.21291589465921712,0.21259701224709524
2495,0,0.30945894606685,0.21259701224709524
2512,1,0.19480597431775126,0.21259701224709524
2515,0,0.1465729948286034,0.21259701224709524
2518,1,0.21189248140754072,0.21259701224709524
2521,0,0.23558188091700283,0.21259701224709524
2522,0,0.2648590390057565,0.21259701224709524
2523,0,0.11806251390531868,0.21259701224709524
2524,0,0.1998861631115628,0.21259701224709524
2527,0,0.25585710992555705,0.21259701224709524
2530,0,0.19986126972306945,0.21259701224709524
2535,0,0.2589475232836892,0.21259701224709524
2541,1,0.1628260879214693,0.21259701224709524
2543,1,0.29588089664060613,0.21259701224709524
2545,0,0.2680804533080813,0.21259701224709524
2547,0,0.2685382136680637,0.21259701224709524
2551,0,0.20607344623351273,0.21259701224709524
2552,1,0.2608124833950168,0.21259701224709524
2555,0,0.19631730962800517,0.21259701224709524
2557,1,0.22637340080738527,0.21259701224709524
2559,0,0.19972073062883036,0.21259701224709524
2567,0,0.14130044808549758,0.21259701224709524
2569,1,0.19731307800624795,0.21259701224709524
2572,0,0.1418266522332684,0.21259701224709524
2576,0,0.1926302176564056,0.21259701224709524
2577,0,0.18258268566274696,0.21259701224709524
2580,0,0.27444133461703446,0.21259701224709524
2586,0,0.27174019814220696,0.21259701224709524
2596,0,0.20725487390330902,0.21259701224709524
2602,0,0.3043486533408918,0.21259701224709524
2603,1,0.044818941908965466,0.21259701224709524
2604,0,0.25372669424221067,0.21259701224709524
2605,0,0.20217268578325284,0.21259701224709524
2608,0,0.16051179842446905,0.21259701224709524
2618,0,0.1868817098044467,0.21259701224709524
2620,0,0.246290272551882,0.21259701224709524
2622,1,0.16571001040899008,0.21259701224709524
2626,0,0.16725668396000246,0.21259701224709524
2635,0,0.18660027687445385,0.21259701224709524
2636,0,0.16111855548592263,0.21259701224709524
2638,1,0.24870738418116484,0.21259701224709524
2640,0,0.2325600846348703,0.21259701224709524
2641,0,0.2590213153100949,0.21259701224709524
2655,0,0.10351566127336277,0.21259701224709524
2656,0,0.17479928048697446,0.21259701224709524
2659,0,0.157811916575991,0.21259701224709524
2665,0,0.1566196617227592,0.21259701224709524
2670,0,0.26277076888587814,0.21259701224709524
2671,0,0.14511639806932408,0.21259701224709524
2672,0,0.233383535841119,0.21259701224709524
2673,0,0.21260120716555542,0.21259701224709524
2680,0,0.1577365649211127,0.21259701224709524
2690,0,0.16946461938371174,0.21259701224709524
2695,0,0.16341663233827208,0.21259701224709524
2697,0,0.25534390532217527,0.21259701224709524
2709,1,0.17620494654364766,0.21259701224709524
2713,0,0.24715108602185754,0.21259701224709524
2720,1,0.12905245048996922,0.21259701224709524
2726,0,0.21436903894377737,0.21259701224709524
2732,0,0.11595054142002963,0.21259701224709524
2735,0,0.17888240909457115,0.21259701224709524
2736,0,0.13152612195007254,0.21259701224709524
2750,0,0.20156520387657195,0.21259701224709524
2753,0,0.15810538291794157,0.21259701224709524
2758,0,0.17037200039225664,0.21259701224709524
2761,0,0.15579800883458822,0.21259701224709524
2763,0,0.2133110512344458,0.21259701224709524
2769,0,0.16396531094666927,0.21259701224709524
2770,1,0.3204376849474533,0.21259701224709524
2776,0,0.18955648565503944,0.21259701224709524
2783,0,0.27081435635102186,0.21259701224709524
2785,0,0.33437837623042727,0.21259701224709524
2790,0,0.17019284826776826,0.21259701224709524
2799,0,0.18255905458804186,0.21259701224709524
2804,0,0.22675723397808903,0.21259701224709524
2807,0,0.25008886425640653,0.21259701224709524
2812,0,0.14653007605486365,0.21259701224709524
2821,1,0.25485087585309274,0.21259701224709524
2823,0,0.1887143923237433,0.21259701224709524
2837,0,0.27067374338814176,0.21259701224709524
2838,0,0.3020254730157148,0.21259701224709524
2840,1,0.21521231866912074,0.21259701224709524
2850,0,0.13921585598246844,0.21259701224709524
2853,1,0.27598369527224337,0.21259701224709524
2857,0,0.12696622721886952,0.21259701224709524
2862,0,0.21763574080164932,0.21259701224709524
2871,1,0.2540324969614139,0.21259701224709524
2886,0,0.2164440689251154,0.21259701224709524
2889,0,0.29287572214901086,0.21259701224709524
2898,0,0.15312065066390826,0.21259701224709524
2901,0,0.1287837204352337,0.21259701224709524
2902,0,0.2019760441493364,0.21259701224709524
2915,0,0.2701577331412343,0.21259701224709524
2923,1,0.13285210284380153,0.21259701224709524
2925,0,0.12228749030891752,0.21259701224709524
2932,1,0.09810027487895091,0.21259701224709524
2941,1,0.32221878934686793,0.21259701224709524
2944,0,0.19467504109994985,0.21259701224709524
2947,0,0.1520794329528321,0.21259701224709524
2950,1,0.2867130412031555,0.21259701224709524
2954,0,0.33143045041814406,0.21259701224709524
2955,1,0.27180594443881056,0.21259701224709524
2967,0,0.22558083991142935,0.21259701224709524
2974,0,0.22252719780095007,0.21259701224709524
2975,0,0.18471444914596857,0.21259701224709524
2979,0,0.16879290338378372,0.21259701224709524
2986,0,0.1198499636208938,0.21259701224709524
2992,0,0.2156738374666376,0.21259701224709524
2997,0,0.1307744402898257,0.21259701224709524
2999,1,0.14729094646255853,0.21259701224709524
3005,0,0.11967011498286442,0.21259701224709524
3009,0,0.18124460158717443,0.21259701224709524
3012,0,0.18253793252067374,0.21259701224709524
3026,0,0.14970648468546066,0.21259701224709524
3027,0,0.3034169005954334,0.21259701224709524
3035,0,0.17932977121660887,0.21259701224709524
3038,1,0.11171514906711134,0.21259701224709524
3049,0,0.1568645163144786,0.21259701224709524
3053,0,0.1700807569519838,0.21259701224709524
3057,0,0.2708573499708331,0.21259701224709524
3060,0,0.2724806177797097,0.21259701224709524
3063,1,0.18282823055665037,0.21259701224709524
3064,0,0.14282464235418513,0.21259701224709524
3066,0,0.4154473635953345,0.21259701224709524
3074,0,0.25618496194790297,0.21259701224709524
3075,1,0.12530477253514044,0.21259701224709524
3080,0,0.13129431961636256,0.21259701224709524
3084,0,0.25643029670073747,0.21259701224709524
3087,0,0.19199103657056046,0.21259701224709524
3091,1,0.17525131808417063,0.21259701224709524
3098,0,0.2683143839980185,0.21259701224709524
3101,1,0.13004072193675487,0.21259701224709524
3103,0,0.1336405873440894,0.21259701224709524
3110,1,0.21278272552061375,0.21259701224709524
3111,0,0.2499870809587501,0.21259701224709524
3112,0,0.11482825067476035,0.21259701224709524
3116,1,0.18989895299410622,0.21259701224709524
3121,0,0.19276860704912852,0.21259701224709524
3122,0,0.27530644879069455,0.21259701224709524
3125,0,0.2862874628234512,0.21259701224709524
3128,0,0.21080897107567975,0.21259701224709524
3135,0,0.273877166628048,0.21259701224709524
3146,0,0.14520031249478574,0.21259701224709524
3147,1,0.13557228263188906,0.21259701224709524
3149,0,0.3294071370280679,0.21259701224709524
3150,1,0.3799975786324587,0.21259701224709524
3165,1,0.2847747246282697,0.21259701224709524
3185,0,0.16781732308808928,0.21259701224709524
3190,0,0.1778590752631572,0.21259701224709524
3204,0,0.1942741187246292,0.21259701224709524
3207,0,0.16356872895024493,0.21259701224709524
3210,0,0.15473495201888388,0.21259701224709524
3220,0,0.32335395806995915,0.21259701224709524
3225,0,0.38125576451483834,0.21259701224709524
3228,1,0.19538392422426726,0.21259701224709524
3230,1,0.26693650858034773,0.21259701224709524
3231,0,0.23182282320349587,0.21259701224709524
3233,0,0.2604702780409706,0.21259701224709524
3235,1,0.29552066839921476,0.21259701224709524
3238,0,0.18925541781230132,0.21259701224709524
3241,0,0.23654941325588386,0.21259701224709524
3246,0,0.26164277927656004,0.21259701224709524
3251,0,0.18376923291235797,0.21259701224709524
3252,0,0.2378139884216435,0.21259701224709524
3255,0,0.25823464676183755,0.21259701224709524
3260,0,0.26752818727902794,0.21259701224709524
3263,0,0.13631923480491953,0.21259701224709524
3273,0,0.13275139957762294,0.21259701224709524
3280,0,0.17869335037908912,0.21259701224709524
3283,0,0.31799230935724915,0.21259701224709524
3290,1,0.2359805000470412,0.21259701224709524
3295,0,0.17982026114216543,0.21259701224709524
3297,0,0.298393870377476,0.21259701224709524
3303,1,0.2278520041829947,0.21259701224709524
3304,0,0.13549244700132734,0.21259701224709524
3318,1,0.20962081152883363,0.21259701224709524
3338,0,0.2718982684903268,0.21259701224709524
3340,0,0.27611971870283836,0.21259701224709524
3343,0,0.1427881114617873,0.21259701224709524
3345,1,0.2971652369459278,0.21259701224709524
3352,0,0.14113844928596989,0.21259701224709524
3358,0,0.2790969926377538,0.21259701224709524
3359,0,0.030623300671095463,0.21259701224709524
3360,0,0.18683020227212402,0.21259701224709524
3361,1,0.2684248023338551,0.21259701224709524
3369,0,0.21981019000222232,0.21259701224709524
3374,0,0.26867496613138725,0.21259701224709524
3375,1,0.2789384981464774,0.21259701224709524
3376,0,0.2612304559620033,0.21259701224709524
3386,1,0.24417629462708734,0.21259701224709524
3395,1,0.1879211500933892,0.21259701224709524
3398,1,0.30492226015154594,0.21259701224709524
3402,0,0.10647023725684852,0.21259701224709524
3405,0,0.2706357418148283,0.21259701224709524
3407,0,0.18860699159751806,0.21259701224709524
3408,0,0.18216387451343324,0.21259701224709524
3412,0,0.1537791059183568,0.21259701224709524
3415,1,0.31465224759803756,0.21259701224709524
3418,1,0.34379392750217047,0.21259701224709524
3424,0,0.16681970147789602,0.21259701224709524
3427,0,0.14968265590748545,0.21259701224709524
3433,0,0.1812906964218672,0.21259701224709524
3434,0,0.10616033694024946,0.21259701224709524
3437,0,0.14751192470654037,0.21259701224709524
3439,0,0.3919741756354048,0.21259701224709524
3440,1,0.24801936911811004,0.21259701224709524
3457,0,0.15498732798751774,0.21259701224709524
3468,0,0.2817877887071704,0.21259701224709524
3471,0,0.2629047580336676,0.21259701224709524
3474,0,0.16101197575909543,0.21259701224709524
3489,0,0.2042985974160986,0.21259701224709524
3491,0,0.17256429480560193,0.21259701224709524
3499,1,0.2682341501858366,0.21259701224709524
3504,0,0.2025857612876376,0.21259701224709524
3506,0,0.2398739792730352,0.21259701224709524
3507,0,0.16210406488759851,0.21259701224709524
3512,1,0.22153965052382874,0.21259701224709524
3515,0,0.15734809877131753,0.21259701224709524
3522,0,0.16013086469406757,0.21259701224709524
3523,0,0.180845894825335,0.21259701224709524
3528,1,0.1785544646693311,0.21259701224709524
3536,0,0.1913078509880796,0.21259701224709524
3542,0,0.23398670576649777,0.21259701224709524
3550,0,0.15024344237402806,0.21259701224709524
3553,0,0.14064798851667443,0.21259701224709524
3561,0,0.14748320979195395,0.21259701224709524
3576,0,0.19079097661902927,0.21259701224709524
3577,0,0.15385265537601567,0.21259701224709524
3581,0,0.34129965112940475,0.21259701224709524
3591,0,0.12161072312630247,0.21259701224709524
3593,0,0.20770510133756268,0.21259701224709524
3595,0,0.4225429798499133,0.21259701224709524
3602,0,0.38107921327023603,0.21259701224709524
3603,0,0.31135864381695455,0.21259701224709524
3606,0,0.32864741895928784,0.21259701224709524
3608,0,0.1732928700348681,0.21259701224709524
3620,0,0.204546843292916,0.21259701224709524
3623,0,0.09876412932445268,0.21259701224709524
3624,1,0.25293941466764347,0.21259701224709524
3626,0,0.25211409468736135,0.21259701224709524
3627,1,0.23183349204468856,0.21259701224709524
3640,0,0.3136484327745852,0.21259701224709524
3647,0,0.3700787426230559,0.21259701224709524
3650,0,0.2583707982366162,0.21259701224709524
3657,1,0.22281295282421762,0.21259701224709524
3661,0,0.16137234913500828,0.21259701224709524
3679,0,0.15073134000950947,0.21259701224709524
3683,0,0.24842658187284253,0.21259701224709524
3687,0,0.16139779761281642,0.21259701224709524
3691,0,0.21975024726327244,0.21259701224709524
3694,1,0.1502771886974448,0.21259701224709524
3697,0,0.2300469898915533,0.21259701224709524
3705,0,0.21269872282383712,0.21259701224709524
3708,0,0.2244442114932155,0.21259701224709524
3711,0,0.15205791601568064,0.21259701224709524
3720,1,0.1908215281220609,0.21259701224709524
3721,0,0.343543455533778,0.21259701224709524
3722,0,0.16559469913832695,0.21259701224709524
3726,1,0.19060535547688198,0.21259701224709524
3733,0,0.22371981099808314,0.21259701224709524
3739,1,0.23380400544875418,0.21259701224709524
3747,0,0.17019348765541598,0.21259701224709524
3748,0,0.26666099029842943,0.21259701224709524
3752,0,0.2560711081969104,0.21259701224709524
3758,0,0.1611486825139009,0.21259701224709524
3759,0,0.18322030982694762,0.21259701224709524
3772,0,0.12678878936567362,0.21259701224709524
3775,0,0.20852532752184985,0.21259701224709524
3778,0,0.1796224533725335,0.21259701224709524
3785,0,0.17787775980721843,0.21259701224709524
3799,1,0.1656585850983536,0.21259701224709524
3801,1,0.14818990796249293,0.21259701224709524
3803,0,0.2411053361622161,0.21259701224709524
3816,0,0.18144755619330175,0.21259701224709524
3840,0,0.1881340543265579,0.21259701224709524
3841,0,0.16516029757373554,0.21259701224709524
3847,1,0.22668252828111235,0.21259701224709524
3849,1,0.16600939896348382,0.21259701224709524
3856,1,0.2622611038838555,0.21259701224709524
3857,0,0.21150780362672927,0.21259701224709524
3858,0,0.294602750633042,0.21259701224709524
3878,1,0.22973027274822486,0.21259701224709524
3887,1,0.1670928558280131,0.21259701224709524
3889,0,0.17224326618453106,0.21259701224709524
3897,0,0.15398260542884867,0.21259701224709524
3899,0,0.16846275455047055,0.21259701224709524
3900,0,0.1897595591094625,0.21259701224709524
3911,0,0.16647946088865315,0.21259701224709524
3912,0,0.2925844283824187,0.21259701224709524
3919,1,0.17375006180905875,0.21259701224709524
3926,0,0.2239844514999335,0.21259701224709524
3930,1,0.1930512778551603,0.21259701224709524
3934,1,0.2129155454195397,0.21259701224709524
3938,0,0.15877209762689604,0.21259701224709524
3944,1,0.2418002054922433,0.21259701224709524
3952,0,0.2288506408242196,0.21259701224709524
3955,0,0.17337993908837046,0.21259701224709524
3958,1,0.20664975413713688,0.21259701224709524
3962,0,0.2673790997428481,0.21259701224709524
3967,0,0.182170787539016,0.21259701224709524
3968,0,0.2091511393284248,0.21259701224709524
3969,1,0.16348460519070152,0.21259701224709524
3971,0,0.1950307733375881,0.21259701224709524
3979,0,0.17922971506742558,0.21259701224709524
3986,0,0.13133423438811623,0.21259701224709524
3989,0,0.1267626008408808,0.21259701224709524
3995,0,0.2346352531564905,0.21259701224709524
3996,0,0.31476857109648404,0.21259701224709524
3999,1,0.16764627318695585,0.21259701224709524
4001,0,0.17690999209694794,0.21259701224709524
4003,0,0.2755358638607725,0.21259701224709524
4007,0,0.2893414846966377,0.21259701224709524
4009,1,0.28034493196741805,0.21259701224709524
4017,1,0.12995192110523554,0.21259701224709524
4024,0,0.29187299961407454,0.21259701224709524
4026,0,0.20357994840836288,0.21259701224709524
4030,0,0.2376258265221179,0.21259701224709524
4040,1,0.19624939305175867,0.21259701224709524
4044,0,0.17068467689070158,0.21259701224709524
4046,1,0.14843756475452954,0.21259701224709524
4058,0,0.14681557008785717,0.21259701224709524
4067,1,0.23659470574261549,0.21259701224709524
4081,1,0.1837029982040271,0.21259701224709524
4090,0,0.22903311138367485,0.21259701224709524
4105,0,0.2666070048106334,0.21259701224709524
4113,1,0.25086482772144336,0.21259701224709524
4124,0,0.2268658943764282,0.21259701224709524
4127,0,0.21111105294097327,0.21259701224709524
4128,0,0.21475022693972382,0.21259701224709524
4130,0,0.3398249011089568,0.21259701224709524
4137,1,0.1465794082053513,0.21259701224709524
4138,0,0.20664578151653645,0.21259701224709524
4141,0,0.2280402769460218,0.21259701224709524
4147,0,0.1399754759091088,0.21259701224709524
4148,1,0.033230393225968484,0.21259701224709524
4154,0,0.20431065713053523,0.21259701224709524
4156,1,0.15790149004762777,0.21259701224709524
4160,0,0.18762725446017592,0.21259701224709524
4178,0,0.14170579270310274,0.21259701224709524
4187,0,0.1445473989946041,0.21259701224709524
4191,0,0.16688117115858073,0.21259701224709524
4192,0,0.12333726603048803,0.21259701224709524
4194,0,0.09719271513457868,0.21259701224709524
4199,1,0.20849094619302444,0.21259701224709524
4200,0,0.15770902296297776,0.21259701224709524
4204,0,0.114707255698476,0.21259701224709524
4215,0,0.16166532235287073,0.21259701224709524
4220,1,0.2503446425817215,0.21259701224709524
4224,0,0.25293678703057676,0.21259701224709524
4227,0,0.22436191277381734,0.21259701224709524
4228,1,0.14445298540719714,0.21259701224709524
4230,0,0.26717260423408123,0.21259701224709524
4238,0,0.18118412119032673,0.21259701224709524
4240,0,0.3317205010978774,0.21259701224709524
4244,0,0.1828711910639744,0.21259701224709524
4259,0,0.2854814429859334,0.21259701224709524
4260,0,0.20089156852579268,0.21259701224709524
4262,0,0.1595753151730835,0.21259701224709524
4266,0,0.22664730548619488,0.21259701224709524
4268,0,0.1600301272070793,0.21259701224709524
4271,0,0.10593726829143915,0.21259701224709524
4278,0,0.3419124574460459,0.21259701224709524
4280,0,0.2801321799559168,0.21259701224709524
4287,0,0.3445025461176142,0.21259701224709524
4292,0,0.1369600199168649,0.21259701224709524
4298,0,0.3428052983100023,0.21259701224709524
4299,0,0.1861680463563513,0.21259701224709524
4301,1,0.17718277439093147,0.21259701224709524
4321,1,0.14268089016545776,0.21259701224709524
4325,0,0.1827226753435876,0.21259701224709524
4327,0,0.16188145820473052,0.21259701224709524
4334,0,0.1922615527732219,0.21259701224709524
4339,1,0.35511327701974527,0.21259701224709524
4343,0,0.16095546258978932,0.21259701224709524
4346,1,0.28149684080466336,0.21259701224709524
4349,0,0.1265886819987228,0.21259701224709524
4357,0,0.20998709888838277,0.21259701224709524
4359,1,0.25472031346175983,0.21259701224709524
4360,0,0.2438689621035817,0.21259701224709524
4364,0,0.3320471060499433,0.21259701224709524
4366,0,0.24851221768615453,0.21259701224709524
4370,0,0.23819879911160172,0.21259701224709524
4387,0,0.15521461923853191,0.21259701224709524
4391,0,0.2472822272671033,0.21259701224709524
4412,0,0.10428920892777703,0.21259701224709524
4419,1,0.17124428690129653,0.21259701224709524
4432,1,0.2543472660035358,0.21259701224709524
4437,1,0.32141679065949597,0.21259701224709524
4440,0,0.18833735418567696,0.21259701224709524
4450,1,0.17430887871795694,0.21259701224709524
4452,0,0.20366384763562417,0.21259701224709524
4454,1,0.28855547630531403,0.21259701224709524
4462,0,0.16007243408386782,0.21259701224709524
4464,1,0.3560952720025727,0.21259701224709524
4473,1,0.31444836032740814,0.21259701224709524
4476,0,0.16541205094300485,0.21259701224709524
4481,0,0.28444060045576974,0.21259701224709524
4499,0,0.2923787484087328,0.21259701224709524
4501,1,0.21300035996709654,0.21259701224709524
4517,0,0.13067833907281345,0.21259701224709524
4518,0,0.181644864983113,0.21259701224709524
4520,0,0.18468224319983073,0.21259701224709524
4523,0,0.1990724979322352,0.21259701224709524
4526,0,0.17404589459679534,0.21259701224709524
4530,0,0.21764951347596367,0.21259701224709524
4534,1,0.25154548787046244,0.21259701224709524
4548,0,0.1743655345697692,0.21259701224709524
4559,0,0.1384336080795171,0.21259701224709524
4562,1,0.2844506763501832,0.21259701224709524
4563,0,0.15953221157908495,0.21259701224709524
4567,0,0.19615214097343353,0.21259701224709524
4572,1,0.27555880788765835,0.21259701224709524
4573,1,0.18565053285020994,0.21259701224709524
4575,0,0.134165416117025,0.21259701224709524
4587,0,0.14218976467358557,0.21259701224709524
4594,1,0.2005468478542642,0.21259701224709524
4601,1,0.33680978338784534,0.21259701224709524
4603,0,0.25046493789786717,0.21259701224709524
4613,0,0.12863649128629556,0.21259701224709524
4616,1,0.2187394789046289,0.21259701224709524
4618,0,0.1675435773765123,0.21259701224709524
4620,0,0.17220364931491478,0.21259701224709524
4625,0,0.18575403422569284,0.21259701224709524
4626,0,0.23407110724530833,0.21259701224709524
4631,0,0.24689251311543003,0.21259701224709524
4633,0,0.28370578951087216,0.21259701224709524
4634,0,0.1953718856343884,0.21259701224709524
4636,1,0.24367644637029956,0.21259701224709524
4639,0,0.16317091523711186,0.21259701224709524
4640,1,0.24556360348687828,0.21259701224709524
4646,0,0.16053273225887074,0.21259701224709524
4656,1,0.16575515549930056,0.21259701224709524
4659,0,0.2898695132670912,0.21259701224709524
4662,0,0.29087104205201164,0.21259701224709524
4675,0,0.2477602312657938,0.21259701224709524
4688,0,0.27779579778733104,0.21259701224709524
4704,0,0.13684225483406087,0.21259701224709524
4708,0,0.2820373399946921,0.21259701224709524
4709,0,0.2606881306516807,0.21259701224709524
4713,1,0.45732951431001967,0.21259701224709524
4719,0,0.21083158396125953,0.21259701224709524
4722,0,0.267653593382066,0.21259701224709524
4723,0,0.19399246851962576,0.21259701224709524
4725,0,0.15895919073577414,0.21259701224709524
4729,0,0.16131400660515224,0.21259701224709524
4733,1,0.1293492456421394,0.21259701224709524
4734,0,0.21401708778811077,0.21259701224709524
4739,0,0.14961521502105457,0.21259701224709524
4744,0,0.27312203800627005,0.21259701224709524
4745,1,0.1694569461756974,0.21259701224709524
4749,0,0.1742165654695065,0.21259701224709524
4751,0,0.20503314671083664,0.21259701224709524
4760,0,0.29502106209096685,0.21259701224709524
4765,1,0.23859824683702052,0.21259701224709524
4767,0,0.26771975410616433,0.21259701224709524
4772,1,0.31468021444022537,0.21259701224709524
4773,0,0.30003656828403946,0.21259701224709524
4774,1,0.2052585707975927,0.21259701224709524
4779,0,0.12977183558676192,0.21259701224709524
4783,0,0.1809006824776241,0.21259701224709524
4785,0,0.20644282831340735,0.21259701224709524
4790,0,0.13080935667241836,0.21259701224709524
4792,0,0.1508847661225387,0.21259701224709524
4794,0,0.2316034409838235,0.21259701224709524
4795,0,0.12194602402443414,0.21259701224709524
4808,0,0.1571277801248808,0.21259701224709524
4818,0,0.2124181176034411,0.21259701224709524
4821,0,0.39131244091529094,0.21259701224709524
4826,0,0.13470131629336243,0.21259701224709524
4829,0,0.16773699812205511,0.21259701224709524
4833,0,0.17195090618033854,0.21259701224709524
4838,0,0.1791710575814207,0.21259701224709524
4842,0,0.26722408045875096,0.21259701224709524
4844,0,0.2309263916411509,0.21259701224709524
4845,0,0.1568150979141638,0.21259701224709524
4846,0,0.13906868463301705,0.21259701224709524
4847,0,0.23012911958009918,0.21259701224709524
4849,0,0.2790297570130126,0.21259701224709524
4851,0,0.15178458474728002,0.21259701224709524
4853,0,0.16397218096552948,0.21259701224709524
4866,0,0.16987753395827412,0.21259701224709524
4869,0,0.15946213927948988,0.21259701224709524
4870,1,0.2626090961718675,0.21259701224709524
4877,0,0.1930666055496114,0.21259701224709524
4885,0,0.20986175554392753,0.21259701224709524
4887,0,0.2954971894008679,0.21259701224709524
4895,0,0.2549709401246427,0.21259701224709524
4901,1,0.2525525654087575,0.21259701224709524
4902,0,0.18618695781891037,0.21259701224709524
4911,0,0.23722114296568425,0.21259701224709524
4914,1,0.2924967901684343,0.21259701224709524
4919,0,0.22517911194721787,0.21259701224709524
4920,0,0.25298227739285084,0.21259701224709524
4921,0,0.17776798105060174,0.21259701224709524
4924,0,0.27214853689223456,0.21259701224709524
4926,1,0.2149936329245627,0.21259701224709524
4936,1,0.12532206888611622,0.21259701224709524
4951,0,0.1258846087966244,0.21259701224709524
4954,1,0.13659974524199128,0.21259701224709524
4956,0,0.16264139425821733,0.21259701224709524
4971,0,0.17503800208887352,0.21259701224709524
4972,0,0.23237468367357064,0.21259701224709524
4978,0,0.15712170720778043,0.21259701224709524
4980,0,0.25064261496976725,0.21259701224709524
4981,1,0.35916870586062366,0.21259701224709524
4983,0,0.17252969859434336,0.21259701224709524
4991,0,0.27216783530290417,0.21259701224709524
4996,0,0.23353502173259594,0.21259701224709524
5008,0,0.18326382967276025,0.21259701224709524
5012,1,0.14028276889420094,0.21259701224709524
5017,0,0.17325876064487986,0.21259701224709524
5034,0,0.17403050300070425,0.21259701224709524
5039,0,0.11446744956532001,0.21259701224709524
5040,0,0.18637350801722097,0.21259701224709524
5047,0,0.1934212821442632,0.21259701224709524
5048,0,0.2446890798425695,0.21259701224709524
5049,0,0.2390326174487848,0.21259701224709524
5051,0,0.17681447715140797,0.21259701224709524
5064,0,0.3584139764245827,0.21259701224709524
5065,0,0.16426562711350864,0.21259701224709524
5067,0,0.2190586096220763,0.21259701224709524
5072,0,0.17447697996682107,0.21259701224709524
5086,1,0.2747819328609376,0.21259701224709524
5088,0,0.23658271090737623,0.21259701224709524
5096,0,0.2222364104898417,0.21259701224709524
5100,0,0.17505176137657666,0.21259701224709524
5106,0,0.04017226495241533,0.21259701224709524
5109,0,0.2531041851059544,0.21259701224709524
5110,0,0.11759499220472137,0.21259701224709524
5112,0,0.20518057394033626,0.21259701224709524
5114,1,0.2746775943865705,0.21259701224709524
5120,0,0.16549022071483221,0.21259701224709524
5128,0,0.18743470759449943,0.21259701224709524
5139,0,0.24072684622995952,0.21259701224709524
5152,0,0.26760120678179156,0.21259701224709524
5155,0,0.16229670750367442,0.21259701224709524
5164,1,0.11975624716723479,0.21259701224709524
5183,0,0.1059007402123703,0.21259701224709524
5184,0,0.23836414093423314,0.21259701224709524
5194,0,0.1909131614373298,0.21259701224709524
5198,0,0.14516297394776465,0.21259701224709524
5200,0,0.1356041103029849,0.21259701224709524
5207,1,0.18727353193266386,0.21259701224709524
5218,0,0.1681940668378505,0.21259701224709524
5223,0,0.20614085531161064,0.21259701224709524
5229,0,0.13272960692909097,0.21259701224709524
5232,0,0.1996461608018835,0.21259701224709524
5239,1,0.18531599925827796,0.21259701224709524
5250,0,0.17772979194564792,0.21259701224709524
5253,0,0.1638181204768272,0.21259701224709524
5254,0,0.28605094146561433,0.21259701224709524
5255,0,0.24719792955978048,0.21259701224709524
5258,0,0.26822361337349393,0.21259701224709524
5264,0,0.24180606662734466,0.21259701224709524
5268,0,0.16207618906039853,0.21259701224709524
5285,0,0.13648564066904956,0.21259701224709524
5293,0,0.17870642693515446,0.21259701224709524
5302,0,0.42074577795140433,0.21259701224709524
5303,0,0.19811504821643144,0.21259701224709524
5304,0,0.170924600247523,0.21259701224709524
5308,0,0.17845135146047686,0.21259701224709524
5311,0,0.1788551375074507,0.21259701224709524
5319,0,0.17553954100106953,0.21259701224709524
5326,0,0.2924015907214145,0.21259701224709524
5331,0,0.2409302842890826,0.21259701224709524
5342,0,0.13040530364795902,0.21259701224709524
5348,0,0.23662490533868594,0.21259701224709524
5349,0,0.1372970165024899,0.21259701224709524
5361,0,0.20983896164837523,0.21259701224709524
5365,1,0.2249607252722383,0.21259701224709524
5369,0,0.20022395566738457,0.21259701224709524
5372,0,0.20382438449427778,0.21259701224709524
5374,0,0.13718296067273206,0.21259701224709524
5377,0,0.26701129557044423,0.21259701224709524
5387,1,0.18506256126783993,0.21259701224709524
5390,0,0.26895398227743766,0.21259701224709524
5391,0,0.19198499916971806,0.21259701224709524
5392,0,0.2015023315559496,0.21259701224709524
5394,0,0.1478736139971757,0.21259701224709524
5398,0,0.17434163379829806,0.21259701224709524
5407,0,0.16363602040782896,0.21259701224709524
5410,0,0.13998656340037424,0.21259701224709524
5415,0,0.20424730136483818,0.21259701224709524
5424,0,0.12006069049245947,0.21259701224709524
5427,1,0.28078843301754025,0.21259701224709524
5436,0,0.3206184638499445,0.21259701224709524
5448,0,0.32107518229745635,0.21259701224709524
5450,1,0.08733941560678468,0.21259701224709524
5451,0,0.2567126430679692,0.21259701224709524
5475,0,0.1456795546058334,0.21259701224709524
5481,0,0.2519036308649,0.21259701224709524
5489,0,0.19170817878541216,0.21259701224709524
5493,0,0.20829830437732638,0.21259701224709524
5499,0,0.14187248181306508,0.21259701224709524
5510,1,0.28125614797588405,0.21259701224709524
5525,0,0.13055462995342698,0.21259701224709524
5526,0,0.15825012904468638,0.21259701224709524
5529,0,0.16975695558588097,0.21259701224709524
5532,1,0.30944660974710736,0.21259701224709524
5540,1,0.15424729217879862,0.21259701224709524
5542,0,0.11601865861136304,0.21259701224709524
5551,0,0.19737230859299387,0.21259701224709524
5562,0,0.3036887340473691,0.21259701224709524
5566,0,0.23909069879757877,0.21259701224709524
5572,0,0.1295356740351789,0.21259701224709524
5575,1,0.32647650553508795,0.21259701224709524
5577,0,0.1913987263276361,0.21259701224709524
5611,1,0.2552623703854256,0.21259701224709524
5613,0,0.1909072047311524,0.21259701224709524
5615,0,0.1948581629944681,0.21259701224709524
5619,1,0.15943735039544676,0.21259701224709524
5621,0,0.12304382892080361,0.21259701224709524
5623,0,0.25392685874579696,0.21259701224709524
5624,1,0.20301017658102313,0.21259701224709524
5626,0,0.23711906311161937,0.21259701224709524
5627,0,0.1947664020851815,0.21259701224709524
5630,0,0.1376873205744632,0.21259701224709524
5637,0,0.3381192098472097,0.21259701224709524
5638,1,0.22528700035287644,0.21259701224709524
5656,0,0.2644426751184622,0.21259701224709524
5658,0,0.22570007158102348,0.21259701224709524
5668,0,0.23500822520491071,0.21259701224709524
5674,0,0.1413521910870947,0.21259701224709524
5676,0,0.2630044527232237,0.21259701224709524
5679,0,0.15285102123906139,0.21259701224709524
5684,0,0.20363662133888577,0.21259701224709524
5691,0,0.33104674548287655,0.21259701224709524
5692,0,0.25973235867447103,0.21259701224709524
5695,0,0.3103248818538914,0.21259701224709524
5696,0,0.2901316369811355,0.21259701224709524
5702,0,0.25302124200647336,0.21259701224709524
5710,1,0.3036223258475918,0.21259701224709524
5711,0,0.3033430644309411,0.21259701224709524
5712,1,0.22873247914875902,0.21259701224709524
5730,0,0.3181308126206994,0.21259701224709524
5731,0,0.28134007177058923,0.21259701224709524
5734,1,0.2538085457701368,0.21259701224709524
5739,0,0.18142917770645722,0.21259701224709524
5740,0,0.18737234591833601,0.21259701224709524
5741,0,0.179505008837576,0.21259701224709524
5748,0,0.1711084684409839,0.21259701224709524
5757,0,0.18905007424264153,0.21259701224709524
5766,0,0.2800552536042859,0.21259701224709524
5770,1,0.2597949383617582,0.21259701224709524
5771,1,0.20009010114988962,0.21259701224709524
5772,0,0.24179567965207172,0.21259701224709524
5774,0,0.3269798421614879,0.21259701224709524
5776,0,0.18236097396381717,0.21259701224709524
5784,0,0.1948322163571893,0.21259701224709524
5798,0,0.1349933576276441,0.21259701224709524
5804,1,0.170979350526666,0.21259701224709524
5806,0,0.15937813572504983,0.21259701224709524
5810,0,0.18550704213355707,0.21259701224709524
5812,0,0.12639633795865135,0.21259701224709524
5818,0,0.13591478381405156,0.21259701224709524
5821,1,0.3489068973913608,0.21259701224709524
5825,0,0.14552621964599843,0.21259701224709524
5832,0,0.24833609376528648,0.21259701224709524
5842,0,0.3413389504001372,0.21259701224709524
5846,0,0.11368698732018664,0.21259701224709524
5847,0,0.16282183246856752,0.21259701224709524
5852,0,0.1352594470967326,0.21259701224709524
5856,0,0.17455843984239566,0.21259701224709524
5859,0,0.30174579930760154,0.21259701224709524
5866,0,0.18655374367247365,0.21259701224709524
5867,0,0.18912295995816358,0.21259701224709524
5871,0,0.21012161225035572,0.21259701224709524
5879,1,0.3406686004302841,0.21259701224709524
5885,1,0.22842873600599692,0.21259701224709524
5886,1,0.40619005174849593,0.21259701224709524
5887,0,0.1606662255285099,0.21259701224709524
5889,0,0.14452597569952927,0.21259701224709524
5890,0,0.16244970105901158,0.21259701224709524
5891,0,0.2374597468268969,0.21259701224709524
5893,0,0.27701284004401777,0.21259701224709524
5896,0,0.192176222173737,0.21259701224709524
5897,0,0.1800794774075981,0.21259701224709524
5905,0,0.2970944203469166,0.21259701224709524
5908,0,0.20695370203684954,0.21259701224709524
5909,0,0.18822508345488898,0.21259701224709524
5917,0,0.2972500575830079,0.21259701224709524
5929,0,0.30269587738571907,0.21259701224709524
5932,0,0.1186256486655231,0.21259701224709524
5942,1,0.12343571959083464,0.21259701224709524
5946,0,0.22248244509326678,0.21259701224709524
5952,1,0.18182377146968728,0.21259701224709524
5954,0,0.18065700621317618,0.21259701224709524
5964,0,0.14386551588923757,0.21259701224709524
5982,0,0.17398647446261525,0.21259701224709524
5983,0,0.11778512704709825,0.21259701224709524
5990,0,0.1566168401559744,0.21259701224709524
5993,0,0.244980040188896,0.21259701224709524
5998,1,0.38254496808826455,0.21259701224709524
6002,1,0.21075555290241654,0.21259701224709524
6010,0,0.19581212851862345,0.21259701224709524
6020,0,0.13368164525577936,0.21259701224709524
6021,0,0.201350849221467,0.21259701224709524
6023,0,0.1520886830240589,0.21259701224709524
6024,1,0.1597208005535169,0.21259701224709524
6025,0,0.1371555272204284,0.21259701224709524
6027,0,0.17443861881498787,0.21259701224709524
6030,0,0.320446790770193,0.21259701224709524
6037,0,0.30552087798471383,0.21259701224709524
6044,0,0.15470283589570888,0.21259701224709524
6045,1,0.22062163445758518,0.21259701224709524
6046,0,0.16375631713157515,0.21259701224709524
6049,0,0.20107692051875367,0.21259701224709524
6062,1,0.34785477772354706,0.21259701224709524
6063,0,0.15665003546300346,0.21259701224709524
6068,0,0.19051999819620954,0.21259701224709524
6069,0,0.3081501974577766,0.21259701224709524
6072,0,0.16066849204059785,0.21259701224709524
6081,0,0.2189364580454692,0.21259701224709524
6083,0,0.18586432978579362,0.21259701224709524
6086,0,0.33662545519043446,0.21259701224709524
6093,0,0.19892518721831184,0.21259701224709524
6097,0,0.28120889793795223,0.21259701224709524
6099,0,0.1755260894204805,0.21259701224709524
6106,0,0.346427478572571,0.21259701224709524
6116,0,0.1858443859449448,0.21259701224709524
6118,0,0.21994355490095968,0.21259701224709524
6121,1,0.1439773250051864,0.21259701224709524
6139,0,0.16509831901565838,0.21259701224709524
6140,0,0.28384686161484923,0.21259701224709524
6141,0,0.23442752942480433,0.21259701224709524
6143,0,0.17638159923413105,0.21259701224709524
6153,1,0.17964349608503552,0.21259701224709524
6164,0,0.24461245354949704,0.21259701224709524
6167,0,0.385164436640183,0.21259701224709524
6180,0,0.1260327518400513,0.21259701224709524
6181,0,0.3418946423568735,0.21259701224709524
6188,0,0.24618244267688355,0.21259701224709524
6192,0,0.1953019315950807,0.21259701224709524
6194,1,0.14898093795518919,0.21259701224709524
6196,0,0.15648767099823568,0.21259701224709524
6203,1,0.1915687937689584,0.21259701224709524
6212,0,0.12511814768480828,0.21259701224709524
6218,0,0.20907178158925496,0.21259701224709524
6223,0,0.1400924555672302,0.21259701224709524
6226,0,0.241104135514262,0.21259701224709524
6228,0,0.193289907204991,0.21259701224709524
6232,0,0.2921778570861373,0.21259701224709524
6233,0,0.14928857943685225,0.21259701224709524
6239,0,0.17524068575067758,0.21259701224709524
6243,0,0.20699768864318008,0.21259701224709524
6248,0,0.19058570886177215,0.21259701224709524
6249,0,0.17117365249849323,0.21259701224709524
6250,0,0.18709581319255983,0.21259701224709524
6253,0,0.28100158886803694,0.21259701224709524
6255,0,0.1348459443138344,0.21259701224709524
6257,0,0.20393158092924676,0.21259701224709524
6258,0,0.3908192976226102,0.21259701224709524
6259,0,0.286922968383816,0.21259701224709524
6270,0,0.23778062894166488,0.21259701224709524
6272,0,0.16834297049106117,0.21259701224709524
6284,1,0.1965723597000533,0.21259701224709524
6286,0,0.17948284832392525,0.21259701224709524
6291,0,0.26718362126271533,0.21259701224709524
6292,1,0.2231324943122207,0.21259701224709524
6293,1,0.2495974458862272,0.21259701224709524
6304,1,0.2968958197073493,0.21259701224709524
6313,0,0.3294626631341789,0.21259701224709524
6314,0,0.2742509062567655,0.21259701224709524
6319,0,0.258779440129504,0.21259701224709524
6321,0,0.3385921122309652,0.21259701224709524
6323,0,0.2966698869421535,0.21259701224709524
6324,0,0.1441903937259268,0.21259701224709524
6329,0,0.28592853234412796,0.21259701224709524
6333,0,0.18357543538545662,0.21259701224709524
6345,0,0.20047348042740365,0.21259701224709524
6350,0,0.1534086664489911,0.21259701224709524
6354,0,0.21341310046299747,0.21259701224709524
6362,1,0.2155761031343237,0.21259701224709524
6366,1,0.13957181079674416,0.21259701224709524
6374,0,0.2057464058314361,0.21259701224709524
6378,1,0.2104393077196092,0.21259701224709524
6379,0,0.1017192633046439,0.21259701224709524
6381,0,0.13507620320290759,0.21259701224709524
6388,1,0.15598554527457978,0.21259701224709524
6398,1,0.26484494210683274,0.21259701224709524
6399,0,0.2949046714796923,0.21259701224709524
6400,0,0.1616358564135151,0.21259701224709524
6402,0,0.20345982182376823,0.21259701224709524
6404,0,0.2597936496946886,0.21259701224709524
6405,0,0.17282326763793726,0.21259701224709524
6409,0,0.2398842671808297,0.21259701224709524
6416,1,0.19738554946322837,0.21259701224709524
6425,0,0.29943853807361726,0.21259701224709524
6426,0,0.2355355155143484,0.21259701224709524
6437,0,0.23656969170578304,0.21259701224709524
6438,0,0.3087032791345247,0.21259701224709524
6451,0,0.18485210113442796,0.21259701224709524
6457,1,0.22975870485859962,0.21259701224709524
6458,0,0.19962751136341503,0.21259701224709524
6459,0,0.17450281403183884,0.21259701224709524
6460,0,0.1621494427395395,0.21259701224709524
6466,0,0.22678002665418573,0.21259701224709524
6468,0,0.22713673530703746,0.21259701224709524
6469,1,0.19123976705209278,0.21259701224709524
6473,1,0.2543790626550804,0.21259701224709524
6481,0,0.14630439458613304,0.21259701224709524
6485,0,0.10993386804098289,0.21259701224709524
6489,0,0.12333103928179384,0.21259701224709524
6500,1,0.27917754221375923,0.21259701224709524
6511,0,0.1258546467914126,0.21259701224709524
6534,0,0.17347098475418635,0.21259701224709524
6556,0,0.21446787970949144,0.21259701224709524
6565,0,0.13612043736241913,0.21259701224709524
6566,0,0.24206749507392658,0.21259701224709524
6579,0,0.23523549140146321,0.21259701224709524
6591,1,0.18053674531465705,0.21259701224709524
6592,0,0.16796291407467773,0.21259701224709524
6593,0,0.18855322133136423,0.21259701224709524
6599,0,0.21499713491175104,0.21259701224709524
6608,1,0.27239777534087817,0.21259701224709524
6611,1,0.2978728139871945,0.21259701224709524
6618,0,0.1709206771672104,0.21259701224709524
6623,0,0.18684510625453607,0.21259701224709524
6628,0,0.30557728315122185,0.21259701224709524
6632,0,0.1697748377212614,0.21259701224709524
6634,0,0.31661868029667295,0.21259701224709524
6635,0,0.19700342698157142,0.21259701224709524
6640,0,0.23679747118710132,0.21259701224709524
6642,0,0.16042745238812173,0.21259701224709524
6650,0,0.20298683791495858,0.21259701224709524
6652,0,0.28822369779723095,0.21259701224709524
6673,0,0.15136806761227,0.21259701224709524
6682,0,0.2078518225126255,0.21259701224709524
6684,0,0.17636700454854784,0.21259701224709524
6686,0,0.1386064177463063,0.21259701224709524
6697,0,0.14239903233777682,0.21259701224709524
6698,0,0.1941039598298147,0.21259701224709524
6701,0,0.2285788303213774,0.21259701224709524
6709,0,0.11820678751421643,0.21259701224709524
6713,1,0.1738761248374028,0.21259701224709524
6714,0,0.11453402973673324,0.21259701224709524
6715,0,0.1677872040717898,0.21259701224709524
6717,0,0.31032333529794337,0.21259701224709524
6721,0,0.27502608192121286,0.21259701224709524
6725,0,0.09323231326145333,0.21259701224709524
6733,1,0.2972298415255965,0.21259701224709524
6760,0,0.14080763883087682,0.21259701224709524
6769,0,0.13015144146722274,0.21259701224709524
6784,0,0.24784632101560894,0.21259701224709524
6788,0,0.14865260744047865,0.21259701224709524
6799,0,0.2279417651375831,0.21259701224709524
6820,1,0.1726934964024067,0.21259701224709524
6821,1,0.1842435900063126,0.21259701224709524
6827,0,0.33553341926679203,0.21259701224709524
6835,1,0.21544525023252284,0.21259701224709524
6839,0,0.1470671211495326,0.21259701224709524
6847,0,0.18593367936836533,0.21259701224709524
6850,0,0.16777723733190394,0.21259701224709524
6855,0,0.14371232077054893,0.21259701224709524
6857,0,0.2260338794860056,0.21259701224709524
6873,0,0.16289246133617988,0.21259701224709524
6877,0,0.15268252422152506,0.21259701224709524
6879,0,0.19117083625493156,0.21259701224709524
6881,0,0.125115093321991,0.21259701224709524
6882,1,0.17797376323586986,0.21259701224709524
6884,1,0.40087244147068135,0.21259701224709524
6888,0,0.22421920750792432,0.21259701224709524
6892,0,0.31571142618216347,0.21259701224709524
6894,0,0.2560325849345534,0.21259701224709524
6896,0,0.2253281276999381,0.21259701224709524
6897,0,0.2311868572046713,0.21259701224709524
6899,0,0.15738788198519424,0.21259701224709524
6902,0,0.1369600891296325,0.21259701224709524
6903,0,0.13599761654796919,0.21259701224709524
6906,0,0.14895330109337193,0.21259701224709524
6911,0,0.09320390227675718,0.21259701224709524
6916,0,0.21791153809202018,0.21259701224709524
6917,1,0.16610621888603788,0.21259701224709524
6918,0,0.17949436916710088,0.21259701224709524
6925,0,0.17048874398664063,0.21259701224709524
6930,1,0.14295244886486144,0.21259701224709524
6933,0,0.23897856153700692,0.21259701224709524
6937,0,0.12787781392352476,0.21259701224709524
6939,0,0.16246865196169077,0.21259701224709524
6945,1,0.23034506547236497,0.21259701224709524
6946,0,0.2625324802351245,0.21259701224709524
6948,0,0.23473249772783503,0.21259701224709524
6956,0,0.3422389898479512,0.21259701224709524
6960,0,0.23976270397216487,0.21259701224709524
6968,1,0.143996621067899,0.21259701224709524
6969,0,0.23029434043292743,0.21259701224709524
6974,0,0.2123201259567205,0.21259701224709524
6980,0,0.25486657088243586,0.21259701224709524
6986,1,0.15487023176873568,0.21259701224709524
6987,0,0.24334251287563133,0.21259701224709524
7000,1,0.24328868535644105,0.21259701224709524
7002,0,0.16713159560799765,0.21259701224709524
7014,0,0.21017451322714398,0.21259701224709524
7016,0,0.194334124341331,0.21259701224709524
7018,0,0.13395465331493084,0.21259701224709524
7019,0,0.15374764312659164,0.21259701224709524
7030,0,0.13184451714799295,0.21259701224709524
7038,0,0.3989940423029115,0.21259701224709524
7040,0,0.21841629512841815,0.21259701224709524
7045,0,0.21999112530587278,0.21259701224709524
7049,0,0.09234266423570507,0.21259701224709524
7052,0,0.20328760800288867,0.21259701224709524
7055,0,0.11106635184436668,0.21259701224709524
7056,0,0.2850834005311355,0.21259701224709524
7060,0,0.26729064559389176,0.21259701224709524
7063,0,0.1529531770628614,0.21259701224709524
7065,0,0.2684909701806207,0.21259701224709524
7068,0,0.15587273378561678,0.21259701224709524
7069,0,0.15610598647152185,0.21259701224709524
7076,0,0.15434513820027157,0.21259701224709524
7078,0,0.23692137910173372,0.21259701224709524
7080,0,0.13955909059886537,0.21259701224709524
7083,0,0.18066383192036167,0.21259701224709524
7087,0,0.13098276248959323,0.21259701224709524
7088,0,0.26573493627284434,0.21259701224709524
7090,0,0.27366391979317717,0.21259701224709524
7091,0,0.16253709470273495,0.21259701224709524
7095,0,0.15431882685462667,0.21259701224709524
7112,0,0.19284873352891543,0.21259701224709524
7113,0,0.23052739297504726,0.21259701224709524
7117,0,0.3100830492431949,0.21259701224709524
7119,1,0.09587080179564819,0.21259701224709524
7120,0,0.13826406322516743,0.21259701224709524
7126,0,0.19646053970460828,0.21259701224709524
7128,0,0.2601110014506404,0.21259701224709524
7129,1,0.3679716533504288,0.21259701224709524
7140,0,0.22539641130887175,0.21259701224709524
7141,0,0.22737491902302137,0.21259701224709524
7144,0,0.18953808533285252,0.21259701224709524
7145,1,0.21314192221328854,0.21259701224709524
7152,0,0.170537769693123,0.21259701224709524
7157,1,0.2545093036692125,0.21259701224709524
7161,0,0.19825452483643835,0.21259701224709524
7162,0,0.1517597816813637,0.21259701224709524
7169,1,0.22390252584079726,0.21259701224709524
7170,0,0.21035343224121392,0.21259701224709524
7171,0,0.16148932846095876,0.21259701224709524
7176,0,0.25801851162433015,0.21259701224709524
7177,0,0.17971949523875885,0.21259701224709524
7185,0,0.1398423504778293,0.21259701224709524
7186,0,0.13160295877094189,0.21259701224709524
7188,1,0.15195903123755589,0.21259701224709524
7195,0,0.27655339448351046,0.21259701224709524
7208,0,0.26287671383963024,0.21259701224709524
7213,0,0.14971641099255548,0.21259701224709524
7217,0,0.25609075207993354,0.21259701224709524
7218,0,0.19976941338519044,0.21259701224709524
7219,0,0.21368091213501295,0.21259701224709524
7221,0,0.11183813227597172,0.21259701224709524
7224,0,0.14907662241677555,0.21259701224709524
7226,1,0.20817696854265166,0.21259701224709524
7233,0,0.2938629110677664,0.21259701224709524
7241,0,0.20222246915737138,0.21259701224709524
7246,0,0.15758878946952584,0.21259701224709524
7256,0,0.13660762035718618,0.21259701224709524
7258,0,0.24780804537489504,0.21259701224709524
7261,1,0.2434804852927494,0.21259701224709524
7267,0,0.2344620504044202,0.21259701224709524
7276,0,0.3096999113522124,0.21259701224709524
7278,0,0.28053236850638114,0.21259701224709524
7281,0,0.26030036065597006,0.21259701224709524
7284,0,0.2411472107698846,0.21259701224709524
7292,0,0.14482820938241464,0.21259701224709524
7293,1,0.2582729996249907,0.21259701224709524
7296,0,0.20113894229430943,0.21259701224709524
7300,0,0.1925577344240025,0.21259701224709524
7304,0,0.10145265058648764,0.21259701224709524
7314,1,0.3161791967252206,0.21259701224709524
7316,1,0.26460146372558735,0.21259701224709524
7322,1,0.11741212938911598,0.21259701224709524
7323,0,0.13586522573072762,0.21259701224709524
7325,0,0.18023152132540748,0.21259701224709524
7327,0,0.2363175312068902,0.21259701224709524
7330,0,0.2221584324851375,0.21259701224709524
7333,0,0.14762009539229673,0.21259701224709524
7339,0,0.15000157250277235,0.21259701224709524
7346,0,0.2549808603241987,0.21259701224709524
7352,0,0.2468335654158928,0.21259701224709524
7355,0,0.24113833454111272,0.21259701224709524
7360,1,0.22287365549069071,0.21259701224709524
7366,1,0.25751849125228643,0.21259701224709524
7367,0,0.11194144944771446,0.21259701224709524
7370,0,0.25047543803168043,0.21259701224709524
7374,1,0.2701763820489772,0.21259701224709524
7381,0,0.13563699572960686,0.21259701224709524
7393,0,0.13785525401956328,0.21259701224709524
7400,0,0.1244712054434549,0.21259701224709524
7401,1,0.27485861771712555,0.21259701224709524
7402,0,0.25188423632917806,0.21259701224709524
7414,0,0.1915720384696213,0.21259701224709524
7419,0,0.29476232065018654,0.21259701224709524
7425,0,0.19867781821207223,0.21259701224709524
7426,1,0.1788659811471092,0.21259701224709524
7448,0,0.11232089748452014,0.21259701224709524
7449,1,0.28401351075380643,0.21259701224709524
7453,1,0.3582316624244066,0.21259701224709524
7462,0,0.2614037001578681,0.21259701224709524
7467,0,0.272137661352087,0.21259701224709524
7470,0,0.2625855449291356,0.21259701224709524
7475,0,0.12747686767449515,0.21259701224709524
7476,1,0.25270449407923445,0.21259701224709524
7478,1,0.15803505084037753,0.21259701224709524
7486,0,0.19159938237471194,0.21259701224709524
7489,0,0.19903005965591777,0.21259701224709524
7492,0,0.11325816757152864,0.21259701224709524
7497,1,0.10622638012716293,0.21259701224709524
7500,0,0.18430875010344375,0.21259701224709524
7505,0,0.18061070959389203,0.21259701224709524
7513,1,0.17644710338208588,0.21259701224709524
7514,0,0.3154047268964276,0.21259701224709524
7519,1,0.274867264575144,0.21259701224709524
7522,1,0.16332208644533053,0.21259701224709524
7524,1,0.14521246342348515,0.21259701224709524
7525,0,0.2337109257393558,0.21259701224709524
7529,0,0.18879759434983423,0.21259701224709524
7542,0,0.2640423732608596,0.21259701224709524
7545,0,0.13400030548626615,0.21259701224709524
7549,0,0.248682604262752,0.21259701224709524
7554,0,0.18916770174126857,0.21259701224709524
7557,0,0.16299401044787595,0.21259701224709524
7564,0,0.23910805378124741,0.21259701224709524
7577,0,0.20220310326907204,0.21259701224709524
7579,0,0.15885479393108287,0.21259701224709524
7581,1,0.2733081327391612,0.21259701224709524
7586,0,0.21811615684793573,0.21259701224709524
7591,0,0.19666018792922868,0.21259701224709524
7601,0,0.1775665082405835,0.21259701224709524
7602,0,0.21766592882769423,0.21259701224709524
7608,1,0.23527415768657178,0.21259701224709524
7611,0,0.2835130669052727,0.21259701224709524
7615,1,0.2807953101282779,0.21259701224709524
7618,0,0.24003031124384516,0.21259701224709524
7623,0,0.23113639104674755,0.21259701224709524
7630,0,0.43322160917925956,0.21259701224709524
7632,0,0.2858438831148686,0.21259701224709524
7635,0,0.24144563387692372,0.21259701224709524
7656,0,0.11515287220709919,0.21259701224709524
7660,0,0.1625427528759037,0.21259701224709524
7667,0,0.1825363610536705,0.21259701224709524
7671,0,0.2632436710394985,0.21259701224709524
7674,0,0.16113492912122246,0.21259701224709524
7682,1,0.28939386538863765,0.21259701224709524
7683,1,0.280331561932433,0.21259701224709524
7686,1,0.14139514642192583,0.21259701224709524
7687,0,0.22836315218392755,0.21259701224709524
7707,1,0.18352594920539342,0.21259701224709524
7716,1,0.2603008009890442,0.21259701224709524
7719,0,0.15608495584171567,0.21259701224709524
7720,0,0.2602917862370005,0.21259701224709524
7731,0,0.21099133634510006,0.21259701224709524
7733,1,0.2282349846650119,0.21259701224709524
7734,0,0.29241298587879205,0.21259701224709524
7739,0,0.12349816970035934,0.21259701224709524
7740,0,0.25333658072233456,0.21259701224709524
7748,0,0.25362481503186957,0.21259701224709524
7752,0,0.22118836276778328,0.21259701224709524
7753,0,0.19192065673469338,0.21259701224709524
7769,0,0.1714550677578664,0.21259701224709524
7774,0,0.22059809094573668,0.21259701224709524
7777,0,0.16741625832972332,0.21259701224709524
7787,0,0.3369983941469624,0.21259701224709524
7796,0,0.19797637578471916,0.21259701224709524
7803,0,0.26696883622958867,0.21259701224709524
7809,0,0.14525830121744768,0.21259701224709524
7813,0,0.2051402776131649,0.21259701224709524
7817,0,0.1775257558100949,0.21259701224709524
7822,0,0.12477416128413023,0.21259701224709524
7824,0,0.12925080850141107,0.21259701224709524
7830,0,0.20263752747006125,0.21259701224709524
7842,0,0.20302187497593224,0.21259701224709524
7849,0,0.19673482600747108,0.21259701224709524
7850,0,0.22436674270491264,0.21259701224709524
7864,0,0.39362197373479085,0.21259701224709524
7868,1,0.1812461968093359,0.21259701224709524
7874,1,0.2026874154746042,0.21259701224709524
7875,0,0.14916335669411754,0.21259701224709524
7876,0,0.16486196121211688,0.21259701224709524
7880,1,0.1464913917386583,0.21259701224709524
7883,0,0.17520619704805696,0.21259701224709524
7893,1,0.16531490049824138,0.21259701224709524
7896,0,0.1496870949896886,0.21259701224709524
7909,0,0.2891324371375605,0.21259701224709524
7910,1,0.1901001360453379,0.21259701224709524
7912,0,0.14000692328575431,0.21259701224709524
7913,0,0.3034755987994143,0.21259701224709524
7919,0,0.19568864971763808,0.21259701224709524
7923,0,0.1802434299345403,0.21259701224709524
7935,0,0.18584903183454088,0.21259701224709524
7938,0,0.2621825790346775,0.21259701224709524
7950,0,0.1981221366991095,0.21259701224709524
7953,0,0.15946395883417516,0.21259701224709524
7955,0,0.18877689810822243,0.21259701224709524
7960,0,0.1703366532335422,0.21259701224709524
7964,0,0.205190342978367,0.21259701224709524
7975,0,0.1689726281919778,0.21259701224709524
7982,1,0.2841116049875407,0.21259701224709524
7998,1,0.24654112180517335,0.21259701224709524
7999,0,0.1625346744824355,0.21259701224709524
8002,0,0.21045167147079094,0.21259701224709524
8003,0,0.2521503096064589,0.21259701224709524
8009,1,0.17402077838071583,0.21259701224709524
8017,1,0.2783466947802117,0.21259701224709524
8019,0,0.20157303358072254,0.21259701224709524
8020,0,0.20374386135947303,0.21259701224709524
8026,1,0.1483929706693812,0.21259701224709524
8034,0,0.1964873522976349,0.21259701224709524
8035,0,0.1873333295854429,0.21259701224709524
8038,1,0.305935704214094,0.21259701224709524
8039,0,0.23944699146498888,0.21259701224709524
8040,0,0.13879981624567053,0.21259701224709524
8047,1,0.3621025725619996,0.21259701224709524
8049,1,0.27091806358599385,0.21259701224709524
8050,0,0.2106143031547941,0.21259701224709524
8056,0,0.19943798396757242,0.21259701224709524
8061,0,0.26672975962331136,0.21259701224709524
8062,0,0.14557402067838224,0.21259701224709524
8071,0,0.17287122359142365,0.21259701224709524
8077,1,0.36066226975006793,0.21259701224709524
8083,0,0.21306156495557355,0.21259701224709524
8087,1,0.2127870907848127,0.21259701224709524
8089,0,0.189074952166779,0.21259701224709524
8090,0,0.1870699489439064,0.21259701224709524
8092,0,0.151509247780743,0.21259701224709524
8095,0,0.12923796928026782,0.21259701224709524
8097,0,0.165195995424812,0.21259701224709524
8099,1,0.29866579240439867,0.21259701224709524
8101,1,0.24968633227050344,0.21259701224709524
8102,0,0.2576610182837362,0.21259701224709524
8106,0,0.18639201859300025,0.21259701224709524
8107,0,0.18303206275154776,0.21259701224709524
8110,0,0.33078693741154597,0.21259701224709524
8116,1,0.1386071234798932,0.21259701224709524
8119,0,0.3019569078664065,0.21259701224709524
8142,1,0.22831763283945308,0.21259701224709524
8143,0,0.33783401162206933,0.21259701224709524
8144,0,0.18469614325314282,0.21259701224709524
8149,0,0.16854412248056377,0.21259701224709524
8155,0,0.1817362061965167,0.21259701224709524
8160,0,0.19028329141439934,0.21259701224709524
8161,0,0.2450782284321272,0.21259701224709524
8165,0,0.16428734004884227,0.21259701224709524
8169,0,0.23589010467537394,0.21259701224709524
8173,0,0.1784969535091314,0.21259701224709524
8179,0,0.1803358970994574,0.21259701224709524
8181,1,0.2543571836512352,0.21259701224709524
8184,0,0.11542909484921614,0.21259701224709524
8186,0,0.13991005209179136,0.21259701224709524
8193,0,0.1778282421423563,0.21259701224709524
8195,0,0.22634083141398004,0.21259701224709524
8204,0,0.14188936701107013,0.21259701224709524
8205,0,0.18395959015407595,0.21259701224709524
8219,1,0.17842304014547689,0.21259701224709524
8224,0,0.231130703478513,0.21259701224709524
8229,0,0.18706404024979364,0.21259701224709524
8230,0,0.16536814183093274,0.21259701224709524
8231,0,0.2971013359050231,0.21259701224709524
8234,0,0.22747259419734445,0.21259701224709524
8236,0,0.3397290693050161,0.21259701224709524
8237,0,0.13954224556027864,0.21259701224709524
8246,1,0.1462628658988955,0.21259701224709524
8249,0,0.10841593425739779,0.21259701224709524
8266,1,0.2311563307172019,0.21259701224709524
8278,0,0.18116152618504944,0.21259701224709524
8280,0,0.3232382985143146,0.21259701224709524
8282,0,0.17170885109888845,0.21259701224709524
8288,0,0.28821846986527067,0.21259701224709524
8302,0,0.1190973586739817,0.21259701224709524
8306,0,0.13649379198569603,0.21259701224709524
8313,0,0.23765707858704507,0.21259701224709524
8314,0,0.1437110027302806,0.21259701224709524
8320,0,0.26032781141868633,0.21259701224709524
8322,0,0.1900841428720977,0.21259701224709524
8329,0,0.2900928983214029,0.21259701224709524
8332,0,0.14903755008737676,0.21259701224709524
8333,1,0.1955899199373414,0.21259701224709524
8337,0,0.2909053152140489,0.21259701224709524
8341,0,0.19469417165795558,0.21259701224709524
8342,0,0.20957569254065195,0.21259701224709524
8343,0,0.10424637441133662,0.21259701224709524
8344,1,0.1834675532702005,0.21259701224709524
8349,0,0.033464228586595694,0.21259701224709524
8353,1,0.16173128702600134,0.21259701224709524
8354,1,0.26777944147334864,0.21259701224709524
8364,0,0.17867708876058233,0.21259701224709524
8368,0,0.20535001041212672,0.21259701224709524
8369,0,0.14290619626937567,0.21259701224709524
8376,0,0.30237120228005177,0.21259701224709524
8377,0,0.215899109518398,0.21259701224709524
8378,0,0.24904098252441795,0.21259701224709524
8380,0,0.20509686665376425,0.21259701224709524
8399,1,0.17442629930045536,0.21259701224709524
8405,0,0.2576249443025054,0.21259701224709524
8409,0,0.2548286410065771,0.21259701224709524
8417,0,0.1567921444292852,0.21259701224709524
8418,0,0.12623424500355768,0.21259701224709524
8425,0,0.2997883735744838,0.21259701224709524
8434,0,0.20739556406280846,0.21259701224709524
8438,1,0.2660082954985428,0.21259701224709524
8439,0,0.26081190353075767,0.21259701224709524
8442,0,0.221772691142803,0.21259701224709524
8444,1,0.17263710828720014,0.21259701224709524
8445,0,0.1778517057911026,0.21259701224709524
8446,0,0.2380668449200481,0.21259701224709524
8447,0,0.25302698031229626,0.21259701224709524
8448,0,0.20209734545122207,0.21259701224709524
8455,0,0.12627612640030508,0.21259701224709524
8458,0,0.14030493388228682,0.21259701224709524
8478,0,0.20086413067576125,0.21259701224709524
8488,0,0.15982683796427455,0.21259701224709524
8493,0,0.15592350011245176,0.21259701224709524
8500,1,0.23022063195197562,0.21259701224709524
8501,0,0.27175814097145495,0.21259701224709524
8509,0,0.12078222751183716,0.21259701224709524
8515,0,0.13043277853896984,0.21259701224709524
8519,0,0.14204812652481671,0.21259701224709524
8526,0,0.21083859448024592,0.21259701224709524
8535,0,0.19732969754236065,0.21259701224709524
8537,1,0.17413104266578347,0.21259701224709524
8540,0,0.1536329139972614,0.21259701224709524
8541,0,0.15342175644892828,0.21259701224709524
8543,0,0.24194548592690854,0.21259701224709524
8546,0,0.1812301835819169,0.21259701224709524
8556,0,0.23429812103190747,0.21259701224709524
8562,0,0.22220916513807912,0.21259701224709524
8563,0,0.17327688362498458,0.21259701224709524
8579,0,0.22066282692766634,0.21259701224709524
8582,0,0.2221417808439207,0.21259701224709524
8588,0,0.26267471081757604,0.21259701224709524
8599,0,0.23096896943128636,0.21259701224709524
8604,0,0.12164635139873926,0.21259701224709524
8605,0,0.2112754981462176,0.21259701224709524
8607,1,0.24090590418636135,0.21259701224709524
8609,0,0.18532664966206647,0.21259701224709524
8611,0,0.17106262313230075,0.21259701224709524
8612,0,0.35799983350695136,0.21259701224709524
8613,0,0.18676552118108114,0.21259701224709524
8620,0,0.24834229450861478,0.21259701224709524
8627,0,0.14577946338219364,0.21259701224709524
8628,0,0.18150462716654892,0.21259701224709524
8630,0,0.2380645763668952,0.21259701224709524
8639,0,0.1372942418975303,0.21259701224709524
8643,0,0.29505677649384054,0.21259701224709524
8646,0,0.21057785011039237,0.21259701224709524
8648,0,0.35602529382493187,0.21259701224709524
8660,0,0.23695275589315143,0.21259701224709524
8665,1,0.3274078329799622,0.21259701224709524
8667,0,0.20457971208224926,0.21259701224709524
8670,0,0.17219735214144077,0.21259701224709524
8675,0,0.16205374619223098,0.21259701224709524
8681,0,0.3070182570643117,0.21259701224709524
8687,0,0.3691702196151908,0.21259701224709524
8691,0,0.329105185193913,0.21259701224709524
8692,0,0.09982201688008027,0.21259701224709524
8697,1,0.19599579367451317,0.21259701224709524
8701,0,0.12068068111526423,0.21259701224709524
8703,1,0.2110288405761076,0.21259701224709524
8712,0,0.16095328130788011,0.21259701224709524
8715,0,0.18091176538127338,0.21259701224709524
8719,0,0.18812698003545789,0.21259701224709524
8724,1,0.17339388135641245,0.21259701224709524
8725,1,0.2557468254466925,0.21259701224709524
8735,0,0.12870474609335267,0.21259701224709524
8739,0,0.2911993957791171,0.21259701224709524
8766,0,0.18159853515524363,0.21259701224709524
8767,0,0.28341783376293184,0.21259701224709524
8777,0,0.14601498594158818,0.21259701224709524
8781,0,0.24413656810928785,0.21259701224709524
8787,0,0.2917998951946191,0.21259701224709524
8794,0,0.17464364660404208,0.21259701224709524
8805,1,0.29020378285688825,0.21259701224709524
8808,0,0.2379895237390699,0.21259701224709524
8812,0,0.1785970347739524,0.21259701224709524
8826,0,0.16405184939633238,0.21259701224709524
8829,0,0.20969613089225483,0.21259701224709524
8830,1,0.26629760669747893,0.21259701224709524
8831,1,0.19264143956679466,0.21259701224709524
8833,1,0.1467342133419254,0.21259701224709524
8841,0,0.10811830091802661,0.21259701224709524
8845,0,0.17778922339443695,0.21259701224709524
8855,0,0.29945001526891707,0.21259701224709524
8867,0,0.17923211001078795,0.21259701224709524
8870,0,0.17406161051814498,0.21259701224709524
8871,0,0.13689052772063698,0.21259701224709524
8872,0,0.2101434974343726,0.21259701224709524
8880,0,0.24788072431016456,0.21259701224709524
8882,0,0.14688415602376306,0.21259701224709524
8883,1,0.23296656250250383,0.21259701224709524
8885,0,0.3235091751459343,0.21259701224709524
8893,0,0.17398590937673572,0.21259701224709524
8894,1,0.431714150745305,0.21259701224709524
8895,0,0.17163167455649728,0.21259701224709524
8897,0,0.19613966740801603,0.21259701224709524
8901,0,0.2251380101078217,0.21259701224709524
8915,0,0.09946077431278774,0.21259701224709524
8916,0,0.27080987322896627,0.21259701224709524
8919,0,0.08743828845450051,0.21259701224709524
8920,0,0.11160577801364537,0.21259701224709524
8922,0,0.21340649216665428,0.21259701224709524
8928,0,0.2380633406305261,0.21259701224709524
8931,1,0.2504628438228391,0.21259701224709524
8941,0,0.27603418116310163,0.21259701224709524
8943,1,0.20615729407015582,0.21259701224709524
8952,0,0.13098121362168233,0.21259701224709524
8961,0,0.15017420541064688,0.21259701224709524
8962,0,0.14776057522508734,0.21259701224709524
8982,0,0.17603219958024743,0.21259701224709524
8987,0,0.19620216186232456,0.21259701224709524
8993,0,0.34327504467035264,0.21259701224709524
9000,0,0.10012858074210783,0.21259701224709524
9009,0,0.13589205123459056,0.21259701224709524
9020,0,0.2708938285200393,0.21259701224709524
9023,0,0.18722496122262622,0.21259701224709524
9024,0,0.18351475343526305,0.21259701224709524
9025,0,0.17139717119950423,0.21259701224709524
9026,0,0.23109172543257359,0.21259701224709524
9034,1,0.23775904084313787,0.21259701224709524
9039,1,0.1523065285071855,0.21259701224709524
9046,0,0.1958433275706906,0.21259701224709524
9054,0,0.2615528048235097,0.21259701224709524
9056,0,0.15874184344506767,0.21259701224709524
9063,0,0.21387082265322302,0.21259701224709524
9065,0,0.13320920854588233,0.21259701224709524
9068,0,0.1647001021897333,0.21259701224709524
9071,0,0.2200161390442822,0.21259701224709524
9073,1,0.16117368553332215,0.21259701224709524
9074,0,0.2930093473671092,0.21259701224709524
9080,1,0.2751605453894303,0.21259701224709524
9082,0,0.21020425849267585,0.21259701224709524
9087,0,0.3596271450074124,0.21259701224709524
9100,0,0.030349881764989296,0.21259701224709524
9105,0,0.25949446122113373,0.21259701224709524
9111,0,0.1906923370903133,0.21259701224709524
9114,0,0.2308992528767819,0.21259701224709524
9119,1,0.3414357148781999,0.21259701224709524
9121,0,0.1761130116502219,0.21259701224709524
9122,1,0.2976822400469015,0.21259701224709524
9125,0,0.2161470063004726,0.21259701224709524
9127,0,0.16770142387937387,0.21259701224709524
9133,1,0.20806829211936279,0.21259701224709524
9147,0,0.15216964643276934,0.21259701224709524
9157,1,0.2255661027681709,0.21259701224709524
9158,0,0.20107739757501789,0.21259701224709524
9161,0,0.31316446653287666,0.21259701224709524
9162,1,0.2547335534825871,0.21259701224709524
9163,0,0.12561035017781869,0.21259701224709524
9181,0,0.16024590153335716,0.21259701224709524
9186,0,0.17086620736946032,0.21259701224709524
9190,0,0.22982444315057846,0.21259701224709524
9202,0,0.24015817795859828,0.21259701224709524
9204,0,0.21823972502278943,0.21259701224709524
9208,0,0.13120880739031077,0.21259701224709524
9213,0,0.15236021921661771,0.21259701224709524
9217,0,0.2105889717016782,0.21259701224709524
9219,0,0.2264874518400796,0.21259701224709524
9223,0,0.19730788067216748,0.21259701224709524
9238,0,0.1956172456105338,0.21259701224709524
9242,0,0.19672200920247077,0.21259701224709524
9250,0,0.1530372137887185,0.21259701224709524
9251,1,0.31919309445719407,0.21259701224709524
9258,0,0.10822204553059768,0.21259701224709524
9266,1,0.2327132431685684,0.21259701224709524
9274,0,0.23085595420925914,0.21259701224709524
9280,1,0.1921423624492257,0.21259701224709524
9285,1,0.27805224421512587,0.21259701224709524
9288,0,0.1738304620351102,0.21259701224709524
9294,0,0.11339705355324077,0.21259701224709524
9301,0,0.20887944090019026,0.21259701224709524
9302,0,0.1537572325317477,0.21259701224709524
9303,0,0.13420262388424653,0.21259701224709524
9305,1,0.16142603046029566,0.21259701224709524
9306,0,0.08922748511642938,0.21259701224709524
9320,0,0.20497163636557664,0.21259701224709524
9323,0,0.20083237363735623,0.21259701224709524
9337,0,0.10943143692858223,0.21259701224709524
9347,1,0.23155489401936857,0.21259701224709524
9364,0,0.13440100913979738,0.21259701224709524
9366,0,0.2652464596246027,0.21259701224709524
9368,0,0.17551157351432284,0.21259701224709524
9372,0,0.2271112348583656,0.21259701224709524
9375,0,0.22854758135748623,0.21259701224709524
9376,0,0.4039652985081166,0.21259701224709524
9378,0,0.1681491390232252,0.21259701224709524
9380,1,0.144554057523555,0.21259701224709524
9384,0,0.1664089452892952,0.21259701224709524
9390,0,0.16653066657625418,0.21259701224709524
9392,1,0.12244293091790572,0.21259701224709524
9394,0,0.1295087838978843,0.21259701224709524
9396,0,0.16163976469164026,0.21259701224709524
9397,1,0.2627018603440986,0.21259701224709524
9401,0,0.31713789109917123,0.21259701224709524
9402,1,0.3969905511017271,0.21259701224709524
9405,0,0.17950873826194727,0.21259701224709524
9414,0,0.14693036419306327,0.21259701224709524
9415,0,0.24158274630485146,0.21259701224709524
9418,0,0.17220338219242373,0.21259701224709524
9424,0,0.3376811997998452,0.21259701224709524
9427,0,0.18889297261356866,0.21259701224709524
9430,0,0.2600493522485157,0.21259701224709524
9434,1,0.14014752000678105,0.21259701224709524
9439,0,0.15614445738300822,0.21259701224709524
9443,0,0.13479610924090704,0.21259701224709524
9449,1,0.33333552049565435,0.21259701224709524
9457,0,0.15890707554356312,0.21259701224709524
9461,0,0.27853384842629686,0.21259701224709524
9465,0,0.314248801918466,0.21259701224709524
9469,0,0.21766548448308148,0.21259701224709524
9472,1,0.1685776557264389,0.21259701224709524
9479,0,0.34053371388650483,0.21259701224709524
9488,0,0.21534321030314843,0.21259701224709524
9494,1,0.1972518843652625,0.21259701224709524
9503,0,0.1347243136434224,0.21259701224709524
9509,0,0.20433515632852411,0.21259701224709524
9511,0,0.1873989824978586,0.21259701224709524
9512,0,0.16318450112394714,0.21259701224709524
9521,0,0.13969590711694618,0.21259701224709524
9526,1,0.28044561936332874,0.21259701224709524
9550,0,0.21622588356672523,0.21259701224709524
9556,0,0.23076389723896573,0.21259701224709524
9563,0,0.14943985609650304,0.21259701224709524
9567,0,0.23415878930835166,0.21259701224709524
9570,1,0.19876675465963578,0.21259701224709524
9573,0,0.1301766901896925,0.21259701224709524
9576,1,0.3236150456136499,0.21259701224709524
9586,1,0.37384028975922623,0.21259701224709524
9592,0,0.16491154526294668,0.21259701224709524
9597,1,0.232274968774058,0.21259701224709524
9600,1,0.12672898498921242,0.21259701224709524
9605,1,0.09822524769079798,0.21259701224709524
9608,0,0.24791755106632712,0.21259701224709524
9618,1,0.2185318480079046,0.21259701224709524
9622,0,0.19627578290166986,0.21259701224709524
9624,0,0.2158488496119282,0.21259701224709524
9637,0,0.13912424986918037,0.21259701224709524
9638,0,0.3531909945769669,0.21259701224709524
9645,0,0.16417223030884964,0.21259701224709524
9659,0,0.2384022859054241,0.21259701224709524
9662,0,0.17402764601778392,0.21259701224709524
9664,0,0.20755269520301148,0.21259701224709524
9678,1,0.22524002067584512,0.21259701224709524
9699,1,0.23803072708461295,0.21259701224709524
9706,0,0.33972979102507167,0.21259701224709524
9708,1,0.33735714318356685,0.21259701224709524
9711,0,0.3382999922488036,0.21259701224709524
9722,0,0.3405355207014293,0.21259701224709524
9723,0,0.32035983596752604,0.21259701224709524
9731,0,0.1296529595649068,0.21259701224709524
9732,0,0.2833823202064401,0.21259701224709524
9733,0,0.19046481143172939,0.21259701224709524
9746,1,0.1831726313781947,0.21259701224709524
9747,0,0.23338450667329028,0.21259701224709524
9755,1,0.11311202882862313,0.21259701224709524
9783,0,0.23246103204907234,0.21259701224709524
9785,0,0.128265676704288,0.21259701224709524
9788,1,0.269134320666931,0.21259701224709524
9797,0,0.15835268202280858,0.21259701224709524
9803,0,0.14327994081275686,0.21259701224709524
9805,1,0.17700116508983096,0.21259701224709524
9808,0,0.1894741873240736,0.21259701224709524
9810,1,0.2912720092473667,0.21259701224709524
9816,0,0.15250344514033193,0.21259701224709524
9826,0,0.2675817152814463,0.21259701224709524
9827,0,0.2384564489914225,0.21259701224709524
9829,1,0.3315637813663052,0.21259701224709524
9834,0,0.23244591716700314,0.21259701224709524
9839,0,0.19025174143522264,0.21259701224709524
9847,0,0.16009150816066653,0.21259701224709524
9850,0,0.292736481294051,0.21259701224709524
9859,0,0.1797039326892079,0.21259701224709524
9877,0,0.26845384994267596,0.21259701224709524
9878,0,0.1413438373567222,0.21259701224709524
9881,1,0.18879428006110857,0.21259701224709524
9882,1,0.17645063357750274,0.21259701224709524
9887,0,0.12927596874809463,0.21259701224709524
9900,0,0.08935372065573716,0.21259701224709524
9904,0,0.16839766084262858,0.21259701224709524
9907,0,0.31623357206417957,0.21259701224709524
9916,0,0.2231160954560439,0.21259701224709524
9921,0,0.27826820825729914,0.21259701224709524
9926,0,0.2632192969256961,0.21259701224709524
9934,0,0.1275629668242098,0.21259701224709524
9939,1,0.20926981100272984,0.21259701224709524
9942,0,0.1430510129015084,0.21259701224709524
9951,0,0.18889020225201858,0.21259701224709524
9959,0,0.31444856565879115,0.21259701224709524
9960,0,0.2840123844495679,0.21259701224709524
9968,0,0.31949531705369455,0.21259701224709524
9969,0,0.2240216932278517,0.21259701224709524
9971,0,0.18715110357479386,0.21259701224709524
9973,0,0.23883478043850734,0.21259701224709524
9975,0,0.23547564696643491,0.21259701224709524
9976,1,0.23428396569305052,0.21259701224709524
9982,0,0.2681170973681425,0.21259701224709524
9990,0,0.1380308384919916,0.21259701224709524
9994,0,0.13649280425943414,0.21259701224709524
9995,1,0.2431509839917678,0.21259701224709524
9997,0,0.16777792370751585,0.21259701224709524
9999,0,0.24889632399820683,0.21259701224709524
10005,0,0.2494693035951865,0.21259701224709524
10009,0,0.2229327931761349,0.21259701224709524
10011,0,0.26737871510926176,0.21259701224709524
10015,0,0.34846091263579576,0.21259701224709524
10022,1,0.24699025147542747,0.21259701224709524
10027,1,0.21050009570020745,0.21259701224709524
10037,0,0.19610220911494583,0.21259701224709524
10038,0,0.15166082366854186,0.21259701224709524
10047,0,0.2626935031024981,0.21259701224709524
10066,1,0.28159070207311604,0.21259701224709524
10072,0,0.18794090870036115,0.21259701224709524
10084,0,0.2946014246713596,0.21259701224709524
10085,0,0.18048961872449734,0.21259701224709524
10088,0,0.19187868115293352,0.21259701224709524
10097,1,0.2824786447833832,0.21259701224709524
10111,0,0.1177420162273665,0.21259701224709524
10112,0,0.10143969789505611,0.21259701224709524
10113,0,0.14929703153457471,0.21259701224709524
10116,1,0.30099535049043386,0.21259701224709524
10118,0,0.16097215936063633,0.21259701224709524
10120,0,0.258842705994228,0.21259701224709524
10127,0,0.27405136375284195,0.21259701224709524
10128,0,0.14626673086569286,0.21259701224709524
10130,0,0.11952635769559639,0.21259701224709524
10137,1,0.21016053416186292,0.21259701224709524
10140,1,0.1224446650807776,0.21259701224709524
10141,1,0.25640336337450337,0.21259701224709524
10146,0,0.1268680530839594,0.21259701224709524
10147,1,0.11403319848884008,0.21259701224709524
10151,0,0.3167625915804435,0.21259701224709524
10154,0,0.170964799313004,0.21259701224709524
10163,0,0.16392506821987995,0.21259701224709524
10164,0,0.2921560680707154,0.21259701224709524
10167,0,0.1920987365163355,0.21259701224709524
10171,0,0.22593187885598498,0.21259701224709524
10175,1,0.12977613593593185,0.21259701224709524
10177,0,0.28192356185458617,0.21259701224709524
10189,0,0.12664427598113073,0.21259701224709524
10193,1,0.2366526524096939,0.21259701224709524
10198,0,0.18574910688746618,0.21259701224709524
10203,0,0.16486467734054885,0.21259701224709524
10204,1,0.2440097841321448,0.21259701224709524
10208,0,0.2627928541692061,0.21259701224709524
10209,0,0.19811107312849677,0.21259701224709524
10210,0,0.303342279355151,0.21259701224709524
10214,0,0.22774887756256845,0.21259701224709524
10223,0,0.2144934552984498,0.21259701224709524
10224,0,0.13652016186763638,0.21259701224709524
10225,1,0.2831393031195925,0.21259701224709524
10234,0,0.1834051236827402,0.21259701224709524
10237,0,0.19139293197440638,0.21259701224709524
10245,1,0.1910209481848349,0.21259701224709524
10247,0,0.34101643819646044,0.21259701224709524
10252,0,0.16267252404391333,0.21259701224709524
10262,1,0.22155791454182297,0.21259701224709524
10264,0,0.15164370047167303,0.21259701224709524
10274,1,0.1724595676684973,0.21259701224709524
10283,1,0.2340503118085394,0.21259701224709524
10289,1,0.1899706533519762,0.21259701224709524
10296,0,0.14222025031118032,0.21259701224709524
10299,0,0.17283404913701939,0.21259701224709524
10303,0,0.28123989468352417,0.21259701224709524
10306,1,0.31106992306874987,0.21259701224709524
10311,0,0.34251642987380077,0.21259701224709524
10328,0,0.1376466451662507,0.21259701224709524
10329,1,0.22682440762992812,0.21259701224709524
10334,1,0.1719635177663405,0.21259701224709524
10341,1,0.28877371466832474,0.21259701224709524
10343,0,0.16376361486594027,0.21259701224709524
10349,0,0.2073397912569566,0.21259701224709524
10351,0,0.15401881175657817,0.21259701224709524
10361,0,0.2026333501103827,0.21259701224709524
10366,1,0.24667968481718677,0.21259701224709524
10368,1,0.31300456769028545,0.21259701224709524
10371,0,0.11875287457885639,0.21259701224709524
10376,0,0.19274087196669903,0.21259701224709524
10381,0,0.18849651428515213,0.21259701224709524
10400,0,0.159003105702613,0.21259701224709524
10402,0,0.2420590969151505,0.21259701224709524
10406,0,0.18299776420523972,0.21259701224709524
10412,0,0.2251962706039426,0.21259701224709524
10414,1,0.27609777621516085,0.21259701224709524
10416,0,0.17268577424240888,0.21259701224709524
10421,1,0.1945070845791396,0.21259701224709524
10429,1,0.183420538018204,0.21259701224709524
10437,0,0.17740721745567625,0.21259701224709524
10439,0,0.22597501899366518,0.21259701224709524
10443,1,0.2347754414741023,0.21259701224709524
10447,0,0.189610637300849,0.21259701224709524
10453,1,0.18900617062603572,0.21259701224709524
10454,1,0.19519457121996858,0.21259701224709524
10461,1,0.2062337282170205,0.21259701224709524
10466,1,0.13176222792591,0.21259701224709524
10467,0,0.16818637953671017,0.21259701224709524
10477,0,0.15205152042497683,0.21259701224709524
10478,0,0.17027094159875897,0.21259701224709524
10479,1,0.27680817000104335,0.21259701224709524
10481,0,0.17513960744003795,0.21259701224709524
10484,1,0.1652230788555399,0.21259701224709524
10493,0,0.18002908728239875,0.21259701224709524
10499,0,0.3078099674467778,0.21259701224709524
10501,1,0.2553731268951613,0.21259701224709524
10503,0,0.17277409044493366,0.21259701224709524
10506,1,0.24062476336330285,0.21259701224709524
10515,0,0.19520375089791583,0.21259701224709524
10516,0,0.18571249543687757,0.21259701224709524
10517,0,0.33679479817805574,0.21259701224709524
10519,1,0.16056774353962489,0.21259701224709524
10529,0,0.2120465671587379,0.21259701224709524
10530,0,0.17911986956005885,0.21259701224709524
10531,1,0.2699650846541991,0.21259701224709524
10541,0,0.16032422341303446,0.21259701224709524
10549,0,0.2934912640718755,0.21259701224709524
10553,0,0.2528329669392576,0.21259701224709524
10555,1,0.16645712350117334,0.21259701224709524
10558,0,0.12669113285319614,0.21259701224709524
10559,0,0.22331953505174532,0.21259701224709524
10572,0,0.19761926766125887,0.21259701224709524
10574,0,0.16324362762586747,0.21259701224709524
10586,0,0.17111553263648752,0.21259701224709524
10611,0,0.10867229815912618,0.21259701224709524
10613,0,0.20368882802903657,0.21259701224709524
10615,0,0.11532018709736325,0.21259701224709524
10618,0,0.17263745232224192,0.21259701224709524
10619,0,0.20326749099569932,0.21259701224709524
10622,0,0.176643496608604,0.21259701224709524
10626,1,0.29380695502593773,0.21259701224709524
10633,0,0.22320689547328706,0.21259701224709524
10634,0,0.17523209737281611,0.21259701224709524
10637,0,0.10095520341977011,0.21259701224709524
10639,0,0.31808288994743206,0.21259701224709524
10640,1,0.2708150225022869,0.21259701224709524
10644,0,0.15288928708839353,0.21259701224709524
10645,0,0.13580672289662826,0.21259701224709524
10646,1,0.2688423255043219,0.21259701224709524
10647,0,0.1785348638340446,0.21259701224709524
10649,1,0.2364619906731914,0.21259701224709524
10654,0,0.36213739538527867,0.21259701224709524
10661,0,0.26254460869421903,0.21259701224709524
10663,0,0.17500376580916568,0.21259701224709524
10677,1,0.24853971822475734,0.21259701224709524
10688,0,0.18116180393762238,0.21259701224709524
10700,0,0.32389817697466317,0.21259701224709524
10709,0,0.30969559268926755,0.21259701224709524
10710,0,0.15026081256148566,0.21259701224709524
10713,0,0.121979682917601,0.21259701224709524
10717,0,0.30012104739697837,0.21259701224709524
10725,0,0.2912256362325003,0.21259701224709524
10727,0,0.2852273329516685,0.21259701224709524
10747,0,0.09871598308648259,0.21259701224709524
10749,0,0.16885807441633735,0.21259701224709524
10758,1,0.23197489754074907,0.21259701224709524
10762,0,0.1755486742380145,0.21259701224709524
10765,0,0.12307839046238497,0.21259701224709524
10766,0,0.161624168668526,0.21259701224709524
10772,1,0.23988239831122965,0.21259701224709524
10773,1,0.2983806562741009,0.21259701224709524
10774,0,0.1912765969621575,0.21259701224709524
10776,0,0.18651228005800938,0.21259701224709524
10777,0,0.2569434368531489,0.21259701224709524
10779,0,0.14109079689092902,0.21259701224709524
10786,1,0.13716552953330013,0.21259701224709524
10789,1,0.33673920336140106,0.21259701224709524
10792,0,0.12072895556994659,0.21259701224709524
10807,0,0.18040985262673598,0.21259701224709524
10813,0,0.2136202154688241,0.21259701224709524
10815,1,0.14070020407631015,0.21259701224709524
10821,0,0.17965539958304966,0.21259701224709524
10824,0,0.32616496720879257,0.21259701224709524
10829,0,0.09928129175013806,0.21259701224709524
10830,1,0.29048826299923314,0.21259701224709524
10841,0,0.1987033084792967,0.21259701224709524
10844,0,0.2101635176645862,0.21259701224709524
10845,0,0.21387904558756954,0.21259701224709524
10858,0,0.3000462545682928,0.21259701224709524
10861,1,0.1324616610031967,0.21259701224709524
10870,0,0.2735344095666223,0.21259701224709524
10874,0,0.3044844036080449,0.21259701224709524
10881,0,0.15132946749855497,0.21259701224709524
10892,1,0.1896594168579988,0.21259701224709524
10894,0,0.15173767659595858,0.21259701224709524
10896,0,0.18675572698624102,0.21259701224709524
10899,0,0.158004028724503,0.21259701224709524
10901,0,0.23992221458518673,0.21259701224709524
10911,0,0.2603315423509386,0.21259701224709524
10915,0,0.10164977191370861,0.21259701224709524
10916,0,0.28484477857183305,0.21259701224709524
10917,1,0.336808646003941,0.21259701224709524
10918,0,0.2977634393205638,0.21259701224709524
10927,0,0.2396092756480471,0.21259701224709524
10931,0,0.253100173357163,0.21259701224709524
10938,1,0.2054963796662073,0.21259701224709524
10940,0,0.2422309710840403,0.21259701224709524
10941,0,0.21847785081323756,0.21259701224709524
10946,0,0.29116512499524955,0.21259701224709524
10950,1,0.30695249373857086,0.21259701224709524
10953,0,0.22552211472846156,0.21259701224709524
10954,0,0.3836404726774922,0.21259701224709524
10956,0,0.14272800571134264,0.21259701224709524
10973,0,0.17350975427692725,0.21259701224709524
10975,0,0.2802824110069165,0.21259701224709524
10978,1,0.2475634886734096,0.21259701224709524
10981,0,0.12024560502570163,0.21259701224709524
10987,0,0.21406093004456314,0.21259701224709524
10991,1,0.2670594039827287,0.21259701224709524
11023,0,0.28461650467912336,0.21259701224709524
11026,0,0.28769225637234613,0.21259701224709524
11027,0,0.2295862056081084,0.21259701224709524
11032,0,0.18373296494866967,0.21259701224709524
11035,1,0.12389387004223848,0.21259701224709524
11040,0,0.25127026765112415,0.21259701224709524
11048,0,0.23285223930294932,0.21259701224709524
11051,1,0.22621783020133904,0.21259701224709524
11054,1,0.36765015915699534,0.21259701224709524
11061,1,0.28600874477835564,0.21259701224709524
11064,0,0.14918351812197148,0.21259701224709524
11069,0,0.28100454694644883,0.21259701224709524
11074,0,0.11900753499773188,0.21259701224709524
11084,0,0.21655082312904955,0.21259701224709524
11085,0,0.2458432943379478,0.21259701224709524
11086,0,0.16892463469412505,0.21259701224709524
11094,0,0.13950581102219078,0.21259701224709524
11099,0,0.16404856888704128,0.21259701224709524
11110,0,0.25432412480477706,0.21259701224709524
11113,0,0.2773179678685553,0.21259701224709524
11114,0,0.2532948265784691,0.21259701224709524
11115,0,0.2821004551056928,0.21259701224709524
11120,0,0.21293097238485076,0.21259701224709524
11121,0,0.18570491077046705,0.21259701224709524
11125,0,0.21438098564486935,0.21259701224709524
11127,0,0.12423064997951855,0.21259701224709524
11128,0,0.145952345634488,0.21259701224709524
11145,0,0.14881064329850752,0.21259701224709524
11151,0,0.14392571696476866,0.21259701224709524
11161,0,0.23776649598324917,0.21259701224709524
11168,1,0.18728669995847444,0.21259701224709524
11171,1,0.22572619466057142,0.21259701224709524
11172,0,0.2719056007089545,0.21259701224709524
11174,0,0.19446322527643942,0.21259701224709524
11176,0,0.29218682075801455,0.21259701224709524
11178,1,0.3545347109302519,0.21259701224709524
11193,0,0.2152346983584685,0.21259701224709524
11196,0,0.17431764067326308,0.21259701224709524
11209,0,0.19847612043726537,0.21259701224709524
11211,0,0.136308135136582,0.21259701224709524
11215,0,0.23010380044539508,0.21259701224709524
11222,0,0.2065680951698828,0.21259701224709524
11234,0,0.22342653130089946,0.21259701224709524
11239,0,0.13599207540160002,0.21259701224709524
11245,0,0.31047914244255603,0.21259701224709524
11255,0,0.14905499532603933,0.21259701224709524
11265,1,0.26204640515224265,0.21259701224709524
11274,0,0.16444691804511283,0.21259701224709524
11278,0,0.1610918091687494,0.21259701224709524
11280,1,0.2628995708762313,0.21259701224709524
11284,0,0.16021996379390074,0.21259701224709524
11288,1,0.12372806065462427,0.21259701224709524
11290,0,0.16663696836449157,0.21259701224709524
11305,0,0.15395159422854973,0.21259701224709524
11312,1,0.29896076657392456,0.21259701224709524
11313,1,0.16328131717986671,0.21259701224709524
11320,0,0.3026810184349273,0.21259701224709524
11321,1,0.29514304425009064,0.21259701224709524
11325,1,0.16740551505855109,0.21259701224709524
11330,0,0.20112300097295346,0.21259701224709524
11335,0,0.11184475317141984,0.21259701224709524
11351,0,0.2222788252459089,0.21259701224709524
11359,0,0.12118528139878232,0.21259701224709524
11363,0,0.2434547899267778,0.21259701224709524
11364,0,0.21180133822477681,0.21259701224709524
11365,1,0.0959507983873692,0.21259701224709524
11374,0,0.19330418398557625,0.21259701224709524
11386,0,0.2147428347914668,0.21259701224709524
11388,0,0.2764424990650663,0.21259701224709524
11389,0,0.2022154423473613,0.21259701224709524
11392,0,0.14923478325498188,0.21259701224709524
11393,1,0.18431839243335188,0.21259701224709524
11402,0,0.13733555347563547,0.21259701224709524
11407,1,0.24028064209588296,0.21259701224709524
11413,0,0.3543716429264805,0.21259701224709524
11419,0,0.3006755429611777,0.21259701224709524
11420,0,0.1776464370796337,0.21259701224709524
11438,1,0.19793846823388336,0.21259701224709524
11447,1,0.10500622851176097,0.21259701224709524
11453,0,0.13366437723659455,0.21259701224709524
11457,1,0.1510955637598743,0.21259701224709524
11462,0,0.1614879374381879,0.21259701224709524
11464,0,0.13302970347434875,0.21259701224709524
11466,1,0.13014428249690782,0.21259701224709524
11474,1,0.24650882456475748,0.21259701224709524
11479,0,0.16841414276700617,0.21259701224709524
11493,1,0.15615244839394998,0.21259701224709524
11494,0,0.20518945965173638,0.21259701224709524
11496,0,0.20120783210957274,0.21259701224709524
11497,1,0.184030935067852,0.21259701224709524
11505,0,0.26330453256075764,0.21259701224709524
11506,0,0.03928926550111459,0.21259701224709524
11509,0,0.19106309934416152,0.21259701224709524
11519,0,0.15960528772628219,0.21259701224709524
11521,0,0.1556736329679796,0.21259701224709524
11526,0,0.21325275475395333,0.21259701224709524
11545,0,0.23432296917180317,0.21259701224709524
11548,1,0.3079089767934116,0.21259701224709524
11556,0,0.41299767344195343,0.21259701224709524
11561,0,0.11478528740950276,0.21259701224709524
11563,0,0.13696379004694237,0.21259701224709524
11570,0,0.17370297910997207,0.21259701224709524
11572,0,0.1699534564026456,0.21259701224709524
11573,0,0.170378179354241,0.21259701224709524
11574,0,0.15126953789525976,0.21259701224709524
11579,0,0.28388321919184173,0.21259701224709524
11581,0,0.19244627108960763,0.21259701224709524
11594,0,0.17593479433870848,0.21259701224709524
11595,0,0.17069256179134645,0.21259701224709524
11599,1,0.4340314977445532,0.21259701224709524
11604,0,0.1291857049513525,0.21259701224709524
11607,0,0.2247122224396298,0.21259701224709524
11611,0,0.24452440262715752,0.21259701224709524
11612,0,0.17111364938062606,0.21259701224709524
11618,0,0.1435804315041527,0.21259701224709524
11619,0,0.1568209090934144,0.21259701224709524
11623,1,0.20311679587222636,0.21259701224709524
11629,1,0.2085469780935228,0.21259701224709524
11632,1,0.3512391800580601,0.21259701224709524
11633,0,0.22476928438800386,0.21259701224709524
11634,0,0.16307904470911513,0.21259701224709524
11639,0,0.28726739620604314,0.21259701224709524
11642,0,0.1407475393638716,0.21259701224709524
11649,0,0.2583877962217415,0.21259701224709524
11655,0,0.28560017655680475,0.21259701224709524
11659,0,0.11872046931306493,0.21259701224709524
11669,0,0.025561262288840383,0.21259701224709524
11674,0,0.4310106176043218,0.21259701224709524
11676,0,0.17467188784910606,0.21259701224709524
11680,0,0.19074355783351604,0.21259701224709524
11684,0,0.38187148099654344,0.21259701224709524
11686,0,0.25392560964304745,0.21259701224709524
11687,0,0.1280433625271477,0.21259701224709524
11692,0,0.30062839698895033,0.21259701224709524
11701,0,0.1393995267067081,0.21259701224709524
11707,1,0.19952118590328619,0.21259701224709524
11709,0,0.2275537602269542,0.21259701224709524
11722,0,0.14861376204934465,0.21259701224709524
11725,0,0.2381298407156719,0.21259701224709524
11727,1,0.25779760280312797,0.21259701224709524
11728,0,0.2115846166210928,0.21259701224709524
11732,0,0.18559864582651686,0.21259701224709524
11736,0,0.14711390999026208,0.21259701224709524
11743,0,0.20472955430139247,0.21259701224709524
11748,1,0.293043885844201,0.21259701224709524
11750,0,0.1496029507825727,0.21259701224709524
11752,0,0.17668975058092953,0.21259701224709524
11761,0,0.11939520087676579,0.21259701224709524
11763,1,0.3748427898647963,0.21259701224709524
11802,1,0.20469258020620978,0.21259701224709524
11803,0,0.13364926072669198,0.21259701224709524
11806,0,0.34583696432580624,0.21259701224709524
11813,0,0.226843913912129,0.21259701224709524
11816,0,0.2809946264755037,0.21259701224709524
11817,0,0.17089401093277243,0.21259701224709524
11824,0,0.280496593814466,0.21259701224709524
11826,0,0.2629448734081472,0.21259701224709524
11829,0,0.13014844864022698,0.21259701224709524
11830,0,0.096190917835659,0.21259701224709524
11832,0,0.12848425532342053,0.21259701224709524
11838,0,0.16167814702599195,0.21259701224709524
11842,0,0.1933277915003931,0.21259701224709524
11843,1,0.26668684330863085,0.21259701224709524
11854,0,0.30298245545653313,0.21259701224709524
11862,0,0.2002855471199329,0.21259701224709524
11867,0,0.2612023891069824,0.21259701224709524
11872,0,0.25575286977507017,0.21259701224709524
11878,0,0.3064131210703553,0.21259701224709524
11886,0,0.19914278461667723,0.21259701224709524
11887,0,0.09424585791404962,0.21259701224709524
11900,0,0.1611895209287767,0.21259701224709524
11905,0,0.1831520836581451,0.21259701224709524
11906,0,0.18008946512844212,0.21259701224709524
11909,0,0.3048465159085773,0.21259701224709524
11911,0,0.14708812965023274,0.21259701224709524
11923,0,0.2788227719364421,0.21259701224709524
11928,1,0.3609835923766766,0.21259701224709524
11936,0,0.18864720362228382,0.21259701224709524
11937,0,0.2944499645802706,0.21259701224709524
11942,0,0.30496371056276933,0.21259701224709524
11946,1,0.28484498350397286,0.21259701224709524
11958,1,0.15232706979921296,0.21259701224709524
11960,0,0.2503107877439704,0.21259701224709524
11994,0,0.3319661262017531,0.21259701224709524
12001,0,0.19202658325742689,0.21259701224709524
12005,0,0.38077544260310797,0.21259701224709524
12006,0,0.33309767213532454,0.21259701224709524
12013,0,0.16259578764034407,0.21259701224709524
12014,1,0.17584781845570946,0.21259701224709524
12026,0,0.2568832043717638,0.21259701224709524
12027,0,0.12432983776275322,0.21259701224709524
12028,1,0.2065050050227778,0.21259701224709524
12031,1,0.1905049924093292,0.21259701224709524
12035,1,0.3227836151309921,0.21259701224709524
12039,0,0.1998275202186461,0.21259701224709524
12042,0,0.13268340666283354,0.21259701224709524
12048,0,0.16899889579342614,0.21259701224709524
12049,1,0.1717485883755637,0.21259701224709524
12050,0,0.19431912275488886,0.21259701224709524
12051,0,0.1718340598935109,0.21259701224709524
12057,1,0.2985464564219303,0.21259701224709524
12063,0,0.2516252313354113,0.21259701224709524
12066,1,0.22988183074099194,0.21259701224709524
12067,0,0.2525956619170682,0.21259701224709524
12069,1,0.2579957995174776,0.21259701224709524
12085,0,0.21494677945296953,0.21259701224709524
12087,1,0.2219116574262368,0.21259701224709524
12088,0,0.18320211713285783,0.21259701224709524
12094,0,0.11779076352313732,0.21259701224709524
12097,0,0.2781303214971748,0.21259701224709524
12099,1,0.2902405022460881,0.21259701224709524
12100,0,0.1569057839416521,0.21259701224709524
12102,0,0.14249230629370715,0.21259701224709524
12106,0,0.19702273328325562,0.21259701224709524
12113,0,0.12262177039376265,0.21259701224709524
12119,0,0.18738870550220726,0.21259701224709524
12124,0,0.11333143014698421,0.21259701224709524
12133,0,0.29342644186452843,0.21259701224709524
12134,0,0.17790353350453356,0.21259701224709524
12138,0,0.2649923922410457,0.21259701224709524
12148,1,0.2254260390050898,0.21259701224709524
12149,1,0.26812676570673527,0.21259701224709524
12150,1,0.15693638856044112,0.21259701224709524
12155,0,0.1397988701221844,0.21259701224709524
12163,0,0.2734073912711966,0.21259701224709524
12169,1,0.24076899150870187,0.21259701224709524
12173,0,0.2237620055071261,0.21259701224709524
12181,0,0.14036202713467044,0.21259701224709524
12184,1,0.3458089733501199,0.21259701224709524
12190,0,0.1807190602242,0.21259701224709524
12193,1,0.23517835512134455,0.21259701224709524
12206,0,0.23374505648129065,0.21259701224709524
12207,1,0.3352276014184867,0.21259701224709524
12211,0,0.29132657358534986,0.21259701224709524
12216,0,0.3415363311737807,0.21259701224709524
12217,0,0.22214435601132942,0.21259701224709524
12222,0,0.27885466378265805,0.21259701224709524
12223,1,0.1943604919626603,0.21259701224709524
12230,0,0.16862034178135285,0.21259701224709524
12241,1,0.300808508604973,0.21259701224709524
12245,0,0.20126798936135995,0.21259701224709524
12260,0,0.2954171889203946,0.21259701224709524
12270,0,0.12398222017337963,0.21259701224709524
12274,0,0.2224305771312508,0.21259701224709524
12278,0,0.33737290625376276,0.21259701224709524
12286,0,0.26048890850564493,0.21259701224709524
12287,0,0.12643698704402592,0.21259701224709524
12294,0,0.20685909530124041,0.21259701224709524
12302,0,0.24335125392766657,0.21259701224709524
12303,0,0.21935117606274304,0.21259701224709524
12316,0,0.27321797014989974,0.21259701224709524
12331,0,0.22080611253069207,0.21259701224709524
12336,0,0.21528048312398076,0.21259701224709524
12339,0,0.14728924636462437,0.21259701224709524
12346,1,0.23756952381641644,0.21259701224709524
12355,0,0.1692882594146789,0.21259701224709524
12365,0,0.2283831033760427,0.21259701224709524
12366,0,0.22834594497095312,0.21259701224709524
12367,0,0.1704373044926148,0.21259701224709524
12380,0,0.2478912684726947,0.21259701224709524
12386,0,0.1330176573059053,0.21259701224709524
12392,0,0.26840630246197666,0.21259701224709524
12395,0,0.19490472373033793,0.21259701224709524
12398,0,0.19588209302891338,0.21259701224709524
12403,1,0.3928634413106015,0.21259701224709524
12405,1,0.15191649159275705,0.21259701224709524
12411,0,0.19106128142644294,0.21259701224709524
12425,0,0.28526312920728325,0.21259701224709524
12426,0,0.3221294556472,0.21259701224709524
12427,1,0.17237202600115795,0.21259701224709524
12431,0,0.15149558627285076,0.21259701224709524
12438,0,0.16405773500682796,0.21259701224709524
12442,0,0.21997717272542408,0.21259701224709524
12451,0,0.14418917870985493,0.21259701224709524
12452,0,0.17725078930409507,0.21259701224709524
12454,0,0.18848774148025868,0.21259701224709524
12458,0,0.28674022171970337,0.21259701224709524
12465,0,0.21141843967625196,0.21259701224709524
12469,0,0.3139947590236724,0.21259701224709524
12470,1,0.15750464486255117,0.21259701224709524
12476,0,0.1554985895937178,0.21259701224709524
12477,0,0.24278398888483796,0.21259701224709524
12489,0,0.19644628658893215,0.21259701224709524
12496,0,0.14474658328897647,0.21259701224709524
12500,0,0.28006945828390406,0.21259701224709524
12502,0,0.15867338821219326,0.21259701224709524
12503,0,0.3085538848917694,0.21259701224709524
12510,0,0.13423519762197064,0.21259701224709524
12513,0,0.2743855543881141,0.21259701224709524
12516,0,0.2201951486607891,0.21259701224709524
12517,0,0.22548047023506435,0.21259701224709524
12528,0,0.2985034045638871,0.21259701224709524
12530,0,0.2763417419593433,0.21259701224709524
12531,1,0.25591599341241694,0.21259701224709524
12539,0,0.16658676592000934,0.21259701224709524
12543,0,0.1802910460304046,0.21259701224709524
12548,0,0.17944208537991815,0.21259701224709524
12554,0,0.17190657613752666,0.21259701224709524
12555,0,0.1549428908567154,0.21259701224709524
12558,0,0.18299593774619463,0.21259701224709524
12561,1,0.14806866453948392,0.21259701224709524
12566,0,0.15553669255427102,0.21259701224709524
12574,0,0.23962700211378832,0.21259701224709524
12575,0,0.2405508503242559,0.21259701224709524
12578,0,0.14415412668446048,0.21259701224709524
12581,0,0.32248198299394365,0.21259701224709524
12582,1,0.18096462586163875,0.21259701224709524
12590,1,0.14734570302614253,0.21259701224709524
12591,0,0.13985605975943743,0.21259701224709524
12598,1,0.14424131646598773,0.21259701224709524
12607,0,0.1453099302414776,0.21259701224709524
12610,0,0.22612876559495826,0.21259701224709524
12621,0,0.300324464554116,0.21259701224709524
12622,0,0.13527169311900622,0.21259701224709524
12623,0,0.35729621939656,0.21259701224709524
12630,1,0.15216266554640015,0.21259701224709524
12636,0,0.1406135691007427,0.21259701224709524
12639,1,0.339213454461849,0.21259701224709524
12652,0,0.20632087399123042,0.21259701224709524
12655,0,0.25289040434388393,0.21259701224709524
12658,0,0.17471016587715713,0.21259701224709524
12660,0,0.28563031876735806,0.21259701224709524
12662,1,0.16360203175016316,0.21259701224709524
12665,0,0.13718578976414972,0.21259701224709524
12667,0,0.24961285148502552,0.21259701224709524
12671,1,0.3444849222880707,0.21259701224709524
12678,0,0.1576830650307404,0.21259701224709524
12681,0,0.2564875860773368,0.21259701224709524
12693,0,0.1778235355739874,0.21259701224709524
12695,1,0.31066028598825773,0.21259701224709524
12701,0,0.3308435016640799,0.21259701224709524
12703,1,0.2706149171120544,0.21259701224709524
12712,1,0.1798591289051784,0.21259701224709524
12715,0,0.14239818040380203,0.21259701224709524
12727,0,0.2991699083437183,0.21259701224709524
12734,0,0.19471396859653733,0.21259701224709524
12742,0,0.26734259252342996,0.21259701224709524
12745,0,0.20770261821035763,0.21259701224709524
12748,1,0.2589642363860406,0.21259701224709524
12756,0,0.1518658731350596,0.21259701224709524
12763,0,0.3009732124956688,0.21259701224709524
12776,0,0.15948030803977525,0.21259701224709524
12794,1,0.21108508889022248,0.21259701224709524
12798,0,0.1695083479586619,0.21259701224709524
12811,1,0.4021493830275904,0.21259701224709524
12815,0,0.15887501483611075,0.21259701224709524
12823,0,0.1949031665627904,0.21259701224709524
12824,0,0.2603490657377998,0.21259701224709524
12825,0,0.2020408739386262,0.21259701224709524
12827,0,0.1683342560491939,0.21259701224709524
12829,0,0.18373770003549889,0.21259701224709524
12833,0,0.15675466671459232,0.21259701224709524
12840,0,0.139205055539396,0.21259701224709524
12843,0,0.142278927077131,0.21259701224709524
12850,0,0.19596735192668804,0.21259701224709524
12855,0,0.26815874298539105,0.21259701224709524
12861,0,0.26696312824793184,0.21259701224709524
12868,0,0.1590388146772616,0.21259701224709524
12871,0,0.1784296628596506,0.21259701224709524
12885,1,0.30014226169815605,0.21259701224709524
12905,1,0.24703000676572312,0.21259701224709524
12908,0,0.24220476475971936,0.21259701224709524
12909,0,0.2879691610911924,0.21259701224709524
12917,0,0.27913706702112606,0.21259701224709524
12919,0,0.17619899299688213,0.21259701224709524
12923,0,0.3302829208620782,0.21259701224709524
12933,1,0.22609791884014394,0.21259701224709524
12940,0,0.13979883097871845,0.21259701224709524
12942,0,0.14309395311336656,0.21259701224709524
12945,0,0.38944502210407606,0.21259701224709524
12946,1,0.14081990670072977,0.21259701224709524
12947,0,0.10506438763885113,0.21259701224709524
12952,0,0.27905329284894764,0.21259701224709524
12953,1,0.2273486536858242,0.21259701224709524
12962,0,0.12070872285631531,0.21259701224709524
12969,1,0.32957123179220676,0.21259701224709524
12970,0,0.20756753691810512,0.21259701224709524
12971,0,0.2855947536167171,0.21259701224709524
12972,0,0.1731133646804327,0.21259701224709524
12974,0,0.11764714137737822,0.21259701224709524
12979,1,0.17143345617776054,0.21259701224709524
12989,1,0.24052742497299548,0.21259701224709524
12990,1,0.2081680223725261,0.21259701224709524
12992,0,0.1365511490793279,0.21259701224709524
12995,0,0.140783020977407,0.21259701224709524
13008,0,0.13021233030558368,0.21259701224709524
13010,0,0.23328162162386265,0.21259701224709524
13012,0,0.1253480190963049,0.21259701224709524
13014,0,0.2627864384739623,0.21259701224709524
13026,0,0.21059050112981012,0.21259701224709524
13030,0,0.10928773759269156,0.21259701224709524
13036,1,0.23560203110955769,0.21259701224709524
13037,0,0.17458653761180865,0.21259701224709524
13040,0,0.22787470468325208,0.21259701224709524
13041,0,0.1780040895996333,0.21259701224709524
13042,0,0.19302217945179073,0.21259701224709524
13046,0,0.18186798587689904,0.21259701224709524
13048,1,0.3033150472385416,0.21259701224709524
13054,1,0.1822685792126389,0.21259701224709524
13056,1,0.16461789535742022,0.21259701224709524
13067,1,0.24201687096777866,0.21259701224709524
13075,1,0.2960153070038731,0.21259701224709524
13081,0,0.18149024856444324,0.21259701224709524
13091,0,0.3376430401139438,0.21259701224709524
13097,0,0.23412852729792352,0.21259701224709524
13104,0,0.16233403071710742,0.21259701224709524
13110,0,0.1376227123050603,0.21259701224709524
13116,0,0.18691884993789676,0.21259701224709524
13119,0,0.2823272641443823,0.21259701224709524
13121,1,0.22211457475613708,0.21259701224709524
13123,0,0.1350021049416536,0.21259701224709524
13125,0,0.21517564397147673,0.21259701224709524
13130,0,0.29626822658748075,0.21259701224709524
13137,0,0.30090689447362273,0.21259701224709524
13143,0,0.17926556876313518,0.21259701224709524
13164,0,0.13555216730539482,0.21259701224709524
13172,0,0.15597459939886074,0.21259701224709524
13175,0,0.30115266734279184,0.21259701224709524
13180,0,0.19537868465712296,0.21259701224709524
13181,1,0.34049650585990876,0.21259701224709524
13183,1,0.3159524478183435,0.21259701224709524
13187,0,0.3211242100950642,0.21259701224709524
13189,0,0.2516637570372518,0.21259701224709524
13190,0,0.19628381719840096,0.21259701224709524
13193,0,0.18460780081561523,0.21259701224709524
13195,0,0.22994021586446256,0.21259701224709524
13204,0,0.22359066154982218,0.21259701224709524
13212,0,0.1431360836073601,0.21259701224709524
13215,0,0.2268616315953687,0.21259701224709524
13226,0,0.15434271829895344,0.21259701224709524
13229,0,0.20127297268655733,0.21259701224709524
13232,0,0.2989316130443032,0.21259701224709524
13234,0,0.23752517582137278,0.21259701224709524
13249,0,0.21357147060403078,0.21259701224709524
13250,0,0.24212756484958733,0.21259701224709524
13255,0,0.13943526087281263,0.21259701224709524
13258,1,0.17579268416087543,0.21259701224709524
13261,0,0.16394960194572408,0.21259701224709524
13263,0,0.18689094510628054,0.21259701224709524
13270,0,0.2654519448253572,0.21259701224709524
13271,0,0.20739639252250305,0.21259701224709524
13273,0,0.14023343535168867,0.21259701224709524
13303,0,0.27529297959316107,0.21259701224709524
13313,1,0.31380586126363974,0.21259701224709524
13314,0,0.3524981190213082,0.21259701224709524
13325,0,0.22021859330127272,0.21259701224709524
13326,0,0.28128087903001225,0.21259701224709524
13327,0,0.13612751600321993,0.21259701224709524
13334,0,0.1886302370490925,0.21259701224709524
13340,1,0.1573173267231749,0.21259701224709524
13351,0,0.16365911743200068,0.21259701224709524
13358,0,0.23685807494552275,0.21259701224709524
13367,0,0.24808125764857317,0.21259701224709524
13368,0,0.23704380049925683,0.21259701224709524
13369,0,0.11746458047792663,0.21259701224709524
13370,0,0.14482361091608287,0.21259701224709524
13372,0,0.17010165753934656,0.21259701224709524
13374,0,0.16903810424954555,0.21259701224709524
13377,1,0.25050382480203026,0.21259701224709524
13380,1,0.364733425783267,0.21259701224709524
13390,0,0.19856613353717212,0.21259701224709524
13406,0,0.21678430483117184,0.21259701224709524
13411,0,0.13267841177540338,0.21259701224709524
13420,1,0.18837902894191247,0.21259701224709524
13421,0,0.14105445114898427,0.21259701224709524
13425,0,0.23440270276099873,0.21259701224709524
13427,0,0.27408463530285504,0.21259701224709524
13435,0,0.24079745692970775,0.21259701224709524
13437,0,0.11538586385564752,0.21259701224709524
13439,1,0.22161666142484446,0.21259701224709524
13454,0,0.10527717348140732,0.21259701224709524
13455,0,0.1555851570495166,0.21259701224709524
13460,0,0.1717318548249697,0.21259701224709524
13464,0,0.16232629789928132,0.21259701224709524
13475,0,0.19237306116560515,0.21259701224709524
13481,0,0.13698020050010587,0.21259701224709524
13483,0,0.19812655098245957,0.21259701224709524
13486,1,0.214006262103596,0.21259701224709524
13488,0,0.24750534618864653,0.21259701224709524
13493,0,0.2911977650649509,0.21259701224709524
13495,0,0.1908667220988156,0.21259701224709524
13499,0,0.15270732500041595,0.21259701224709524
13512,0,0.24835396368590146,0.21259701224709524
13513,0,0.1961185891571899,0.21259701224709524
13528,0,0.15998891736989398,0.21259701224709524
13529,0,0.15578083390887124,0.21259701224709524
13536,0,0.30229740440287073,0.21259701224709524
13538,0,0.14971708265630823,0.21259701224709524
13540,0,0.16351874749060433,0.21259701224709524
13541,0,0.3101467326048777,0.21259701224709524
13542,0,0.2439020646034337,0.21259701224709524
13550,0,0.2972508255244928,0.21259701224709524
13551,0,0.14561377043448728,0.21259701224709524
13553,1,0.2337876157060231,0.21259701224709524
13554,0,0.1200517387954368,0.21259701224709524
13557,0,0.12193214509143026,0.21259701224709524
13558,1,0.18184365683041134,0.21259701224709524
13560,0,0.2439007703081245,0.21259701224709524
13566,0,0.21908298182479424,0.21259701224709524
13572,0,0.14156320069137118,0.21259701224709524
13576,1,0.30296633685395935,0.21259701224709524
13577,0,0.2423344319637404,0.21259701224709524
13581,0,0.13077418602474433,0.21259701224709524
13593,1,0.17930500293812654,0.21259701224709524
13597,1,0.2616589034246196,0.21259701224709524
13600,0,0.14109195979909495,0.21259701224709524
13603,0,0.23339108386160032,0.21259701224709524
13606,0,0.16398299418469564,0.21259701224709524
13609,0,0.3788698454995603,0.21259701224709524
13613,0,0.1687633431920448,0.21259701224709524
13621,0,0.2525328292413977,0.21259701224709524
13622,0,0.1820528707934962,0.21259701224709524
13624,0,0.33436457032620914,0.21259701224709524
13627,0,0.17608483274778897,0.21259701224709524
13629,0,0.15510820578100154,0.21259701224709524
13631,0,0.15041794100014094,0.21259701224709524
13633,0,0.25554543563492005,0.21259701224709524
13634,0,0.20387320273461756,0.21259701224709524
13636,1,0.32392775499421705,0.21259701224709524
13638,0,0.15873170969012743,0.21259701224709524
13649,0,0.14511126026188328,0.21259701224709524
13652,0,0.24805773862496824,0.21259701224709524
13657,0,0.17362655152269918,0.21259701224709524
13661,0,0.14392166971986642,0.21259701224709524
13662,1,0.25087211360159456,0.21259701224709524
13663,0,0.1947577986771134,0.21259701224709524
13665,1,0.24293157165239332,0.21259701224709524
13672,0,0.12907527476670222,0.21259701224709524
13674,0,0.22491121237652015,0.21259701224709524
13681,0,0.20074789192020495,0.21259701224709524
13685,0,0.2733428021298053,0.21259701224709524
13686,0,0.20957353248787494,0.21259701224709524
13689,0,0.23600806921893674,0.21259701224709524
13693,0,0.14080322735370832,0.21259701224709524
13694,1,0.3145808351854136,0.21259701224709524
13696,0,0.14267174728288382,0.21259701224709524
13698,0,0.13222671996305532,0.21259701224709524
13699,0,0.24324745631256853,0.21259701224709524
13704,0,0.14884307126014024,0.21259701224709524
13713,0,0.15188322151056913,0.21259701224709524
13719,1,0.22598869261843324,0.21259701224709524
13720,0,0.30691486276334556,0.21259701224709524
13721,0,0.2016797729414836,0.21259701224709524
13730,0,0.16910090805767974,0.21259701224709524
13732,0,0.1887538567232097,0.21259701224709524
13734,0,0.18157315974258748,0.21259701224709524
13738,0,0.28433893382856257,0.21259701224709524
13747,0,0.37118128323261773,0.21259701224709524
13748,0,0.20335783626938195,0.21259701224709524
13754,0,0.16929692404925545,0.21259701224709524
13757,0,0.1553228024334843,0.21259701224709524
13758,1,0.2717049933334874,0.21259701224709524
13767,0,0.21625692654462642,0.21259701224709524
13778,0,0.25301058445733016,0.21259701224709524
13785,0,0.2127239427019758,0.21259701224709524
13786,0,0.29697186821608984,0.21259701224709524
13791,0,0.1878527243480416,0.21259701224709524
13793,1,0.26392436574345657,0.21259701224709524
13806,0,0.18264501238924769,0.21259701224709524
13807,0,0.1659543095901605,0.21259701224709524
13808,0,0.20893867277354933,0.21259701224709524
13810,0,0.1177005644627029,0.21259701224709524
13817,1,0.20405915673356026,0.21259701224709524
13823,0,0.17195145588277339,0.21259701224709524
13825,0,0.16611772071727196,0.21259701224709524
13835,1,0.32429762329043804,0.21259701224709524
13845,0,0.17928985835607697,0.21259701224709524
13854,0,0.3048280211267884,0.21259701224709524
13859,1,0.18963103970950876,0.21259701224709524
13862,0,0.2541834452297947,0.21259701224709524
13865,0,0.15501682980354298,0.21259701224709524
13870,0,0.1624231453594913,0.21259701224709524
13874,1,0.3116627450303295,0.21259701224709524
13875,1,0.30123057215063315,0.21259701224709524
13877,0,0.1740349201618499,0.21259701224709524
13887,1,0.44278801670800516,0.21259701224709524
13888,0,0.13485447306445386,0.21259701224709524
13891,0,0.23402601894339006,0.21259701224709524
13898,0,0.15375850770127078,0.21259701224709524
13913,1,0.1404632723864568,0.21259701224709524
13916,0,0.13515795805202538,0.21259701224709524
13917,0,0.2168610916636268,0.21259701224709524
13921,1,0.36965856733102853,0.21259701224709524
13934,0,0.1896926862636836,0.21259701224709524
13936,0,0.1773021901451228,0.21259701224709524
13939,1,0.22987912080834605,0.21259701224709524
13948,0,0.13720527096707,0.21259701224709524
13949,0,0.25035511241704483,0.21259701224709524
13950,1,0.17949291128887168,0.21259701224709524
13960,0,0.2859027269738811,0.21259701224709524
13962,0,0.27313149936719994,0.21259701224709524
13967,1,0.14430348891115116,0.21259701224709524
13971,0,0.15076573140675334,0.21259701224709524
13972,1,0.30277911002159724,0.21259701224709524
13977,0,0.15782535833587077,0.21259701224709524
13985,0,0.29607997197428626,0.21259701224709524
13987,0,0.1640602398678803,0.21259701224709524
13988,0,0.12886123039374736,0.21259701224709524
13992,0,0.2053614888174774,0.21259701224709524
13993,0,0.10662536832853849,0.21259701224709524
13994,0,0.15273815802974713,0.21259701224709524
13997,0,0.26164798641283954,0.21259701224709524
14009,1,0.320733375263567,0.21259701224709524
14010,0,0.19461243932361388,0.21259701224709524
14017,0,0.2771449956358463,0.21259701224709524
14025,1,0.1608081284821242,0.21259701224709524
14026,0,0.2129595957107159,0.21259701224709524
14030,0,0.12823175242036491,0.21259701224709524
14032,0,0.2727766153651944,0.21259701224709524
14043,0,0.11035744516737034,0.21259701224709524
14050,0,0.16249323192480186,0.21259701224709524
14052,1,0.19002177643195375,0.21259701224709524
14062,0,0.20871077225927095,0.21259701224709524
14063,0,0.11647201363052037,0.21259701224709524
14068,0,0.18529005136095644,0.21259701224709524
14084,0,0.22014863169339738,0.21259701224709524
14085,0,0.19993181559908504,0.21259701224709524
14086,0,0.18482232310533472,0.21259701224709524
14089,0,0.1469069874769801,0.21259701224709524
14090,0,0.12130242930736707,0.21259701224709524
14097,1,0.1432387816133797,0.21259701224709524
14098,0,0.15759523879288115,0.21259701224709524
14100,0,0.19229872317168953,0.21259701224709524
14108,0,0.27404617908464046,0.21259701224709524
14118,0,0.1766983091599139,0.21259701224709524
14120,0,0.15400471522274514,0.21259701224709524
14121,0,0.16420696020207634,0.21259701224709524
14123,0,0.1773677402475251,0.21259701224709524
14127,0,0.2468123877539412,0.21259701224709524
14131,0,0.1337550107196717,0.21259701224709524
14133,0,0.26122600743916724,0.21259701224709524
14137,0,0.2509093732695458,0.21259701224709524
14139,0,0.22765426146405124,0.21259701224709524
14142,0,0.3297622690624544,0.21259701224709524
14152,0,0.13505230535451113,0.21259701224709524
14167,0,0.2355556217081712,0.21259701224709524
14173,0,0.15952488467626746,0.21259701224709524
14183,0,0.20071191463813526,0.21259701224709524
14188,0,0.14874925101209316,0.21259701224709524
14190,0,0.177142530060103,0.21259701224709524
14191,1,0.2698339279868473,0.21259701224709524
14192,0,0.12093224069220067,0.21259701224709524
14193,0,0.19146133128049542,0.21259701224709524
14194,0,0.2660634839010301,0.21259701224709524
14202,0,0.19847129153557036,0.21259701224709524
14206,0,0.16044167043848914,0.21259701224709524
14207,0,0.21369794860457947,0.21259701224709524
14211,0,0.1282142508211091,0.21259701224709524
14226,1,0.1848135433616836,0.21259701224709524
14229,0,0.22335122393087348,0.21259701224709524
14232,0,0.15350397237121916,0.21259701224709524
14242,1,0.253141252430868,0.21259701224709524
14278,0,0.25438076251608466,0.21259701224709524
14279,0,0.2818875677111714,0.21259701224709524
14284,1,0.13322068171864904,0.21259701224709524
14287,0,0.2102177953455412,0.21259701224709524
14295,0,0.18718536665261137,0.21259701224709524
14302,0,0.18193010878823493,0.21259701224709524
14309,1,0.26216521324751185,0.21259701224709524
14312,0,0.16648476726417907,0.21259701224709524
14313,1,0.1811981939061713,0.21259701224709524
14318,0,0.2543823665141618,0.21259701224709524
14319,1,0.41075019192360185,0.21259701224709524
14325,0,0.21067249767719556,0.21259701224709524
14327,0,0.13437238342959765,0.21259701224709524
14328,0,0.3204340637798426,0.21259701224709524
14329,1,0.19703829999674702,0.21259701224709524
14332,0,0.3042757902963027,0.21259701224709524
14342,0,0.2565347596300668,0.21259701224709524
14346,0,0.13967033351382124,0.21259701224709524
14350,0,0.24265393063585125,0.21259701224709524
14351,0,0.16778753431568585,0.21259701224709524
14352,1,0.18193996746102162,0.21259701224709524
14358,0,0.2777003455781626,0.21259701224709524
14362,1,0.29746507406344985,0.21259701224709524
14364,0,0.1573327247224792,0.21259701224709524
14366,0,0.18085609340017408,0.21259701224709524
14379,1,0.35877636698985116,0.21259701224709524
14388,0,0.16351846739548387,0.21259701224709524
14389,0,0.29134721127373453,0.21259701224709524
14397,0,0.4873337413734966,0.21259701224709524
14399,0,0.20547781233682022,0.21259701224709524
14406,0,0.1763924392991649,0.21259701224709524
14410,0,0.15749893650010013,0.21259701224709524
14411,0,0.14565198335934418,0.21259701224709524
14412,0,0.2573903644838624,0.21259701224709524
14419,0,0.2489083342879967,0.21259701224709524
14424,0,0.17937554603323383,0.21259701224709524
14426,1,0.1632180202580217,0.21259701224709524
14437,0,0.32230482531412974,0.21259701224709524
14446,1,0.11746531578399269,0.21259701224709524
14448,0,0.26086707514365687,0.21259701224709524
14450,0,0.2105604717448286,0.21259701224709524
14451,0,0.2551526949752718,0.21259701224709524
14453,0,0.20392136154813523,0.21259701224709524
14465,0,0.1347927505788677,0.21259701224709524
14470,0,0.18229553790517924,0.21259701224709524
14483,1,0.2663501481678961,0.21259701224709524
14485,0,0.18202803701017498,0.21259701224709524
14487,1,0.1090979861669289,0.21259701224709524
14490,0,0.21249589475994002,0.21259701224709524
14493,0,0.32023495246030376,0.21259701224709524
14494,0,0.16326863902456823,0.21259701224709524
14496,0,0.14353908513679386,0.21259701224709524
14499,1,0.34922272338203086,0.21259701224709524
14507,0,0.21507806593283682,0.21259701224709524
14513,0,0.15423344271511247,0.21259701224709524
14520,0,0.22917205425149803,0.21259701224709524
14524,0,0.26615576721063383,0.21259701224709524
14530,0,0.20087483722653537,0.21259701224709524
14531,0,0.2726634821540656,0.21259701224709524
14533,0,0.2047224974340482,0.21259701224709524
14544,0,0.33597744424070675,0.21259701224709524
14547,0,0.11826361393469395,0.21259701224709524
14554,0,0.257932661003033,0.21259701224709524
14557,0,0.25097181158107984,0.21259701224709524
14564,0,0.21870296378631277,0.21259701224709524
14572,0,0.188334341529092,0.21259701224709524
14580,0,0.12131131972424962,0.21259701224709524
14581,0,0.1727040302642005,0.21259701224709524
14606,0,0.17676894531979528,0.21259701224709524
14613,0,0.15533040708171023,0.21259701224709524
14614,0,0.2492977981578445,0.21259701224709524
14623,0,0.17597838635272836,0.21259701224709524
14627,1,0.34400766296475266,0.21259701224709524
14629,0,0.2941929721288249,0.21259701224709524
14636,0,0.11132887111644885,0.21259701224709524
14638,0,0.15222872620237116,0.21259701224709524
14639,0,0.1771775018555092,0.21259701224709524
14641,0,0.1437621738655666,0.21259701224709524
14643,0,0.16649478516509691,0.21259701224709524
14658,0,0.3289293420922837,0.21259701224709524
14667,0,0.17497752529951258,0.21259701224709524
14668,0,0.2223407107728288,0.21259701224709524
14671,0,0.299918026810916,0.21259701224709524
14673,0,0.13472234139123987,0.21259701224709524
14676,0,0.1339560926659151,0.21259701224709524
14683,1,0.18532080836195525,0.21259701224709524
14687,0,0.3490711807227122,0.21259701224709524
14698,0,0.22211793191619164,0.21259701224709524
14702,0,0.23131708084680333,0.21259701224709524
14709,1,0.2937012110273584,0.21259701224709524
14716,0,0.15108826380320173,0.21259701224709524
14719,0,0.25286037181020715,0.21259701224709524
14720,0,0.21161746207599458,0.21259701224709524
14722,0,0.2737219848477045,0.21259701224709524
14727,1,0.29110356510149543,0.21259701224709524
14729,0,0.2187554437575368,0.21259701224709524
14731,0,0.2491550200882303,0.21259701224709524
14736,1,0.22331609716146747,0.21259701224709524
14748,0,0.2452465443558154,0.21259701224709524
14754,0,0.1905148111645912,0.21259701224709524
14758,1,0.3049408148931413,0.21259701224709524
14763,1,0.19284320175662054,0.21259701224709524
14779,0,0.13227273801919756,0.21259701224709524
14781,0,0.2783443406265288,0.21259701224709524
14785,0,0.12025358048497022,0.21259701224709524
14790,1,0.17988659513539643,0.21259701224709524
14791,0,0.21353467620682232,0.21259701224709524
14799,0,0.3365385842945417,0.21259701224709524
14811,0,0.1675106435780832,0.21259701224709524
14812,1,0.24824815316581234,0.21259701224709524
14815,0,0.11169677826801575,0.21259701224709524
14817,0,0.30917208847905453,0.21259701224709524
14820,0,0.1973833954117455,0.21259701224709524
14825,0,0.16398431982418304,0.21259701224709524
14827,1,0.307122443842526,0.21259701224709524
14835,0,0.4018740689049594,0.21259701224709524
14836,0,0.2187651062756906,0.21259701224709524
14844,0,0.20623758994920421,0.21259701224709524
14848,0,0.1418891290174173,0.21259701224709524
14849,0,0.1143378148081243,0.21259701224709524
14854,0,0.21059005836815936,0.21259701224709524
14859,0,0.24872350768410528,0.21259701224709524
14860,1,0.19893955662160162,0.21259701224709524
14861,0,0.22328050653317666,0.21259701224709524
14862,0,0.18023300936064537,0.21259701224709524
14863,0,0.18448674733739107,0.21259701224709524
14865,0,0.23047767257676702,0.21259701224709524
14876,1,0.16787755841699611,0.21259701224709524
14885,0,0.185079319646776,0.21259701224709524
14889,1,0.15601530197205002,0.21259701224709524
14895,1,0.20138515972654794,0.21259701224709524
14904,0,0.2460039095001398,0.21259701224709524
14905,0,0.14806449884106734,0.21259701224709524
14906,0,0.2589191622304956,0.21259701224709524
14914,0,0.22477698897485707,0.21259701224709524
14918,0,0.1667009582772048,0.21259701224709524
14929,0,0.2397120258214694,0.21259701224709524
14932,0,0.14621002030160501,0.21259701224709524
14938,0,0.15339907370647746,0.21259701224709524
14942,1,0.16085174821993609,0.21259701224709524
14945,0,0.2939250401027559,0.21259701224709524
14947,1,0.24013350756469484,0.21259701224709524
14951,0,0.25276147853563535,0.21259701224709524
14958,0,0.24881036327639558,0.21259701224709524
14962,0,0.15652365128089762,0.21259701224709524
14976,0,0.2757239894583858,0.21259701224709524
14986,0,0.21839325832439943,0.21259701224709524
15000,0,0.2775147265494802,0.21259701224709524
15002,1,0.1820985731110922,0.21259701224709524
15008,0,0.1987290279069096,0.21259701224709524
15011,0,0.21957721555583046,0.21259701224709524
15013,0,0.161698827524013,0.21259701224709524
15020,1,0.2042551389107883,0.21259701224709524
15023,0,0.29584914175059834,0.21259701224709524
15024,0,0.10401436458580472,0.21259701224709524
15027,0,0.3258836177136919,0.21259701224709524
15039,0,0.20280160769503833,0.21259701224709524
15042,0,0.16328965148717892,0.21259701224709524
15056,0,0.11745736239393248,0.21259701224709524
15059,0,0.25587472808032874,0.21259701224709524
15063,0,0.397482722852869,0.21259701224709524
15065,0,0.17657804276150846,0.21259701224709524
15066,0,0.19033984623841027,0.21259701224709524
15088,0,0.20495193841422643,0.21259701224709524
15090,0,0.19849021245400877,0.21259701224709524
15105,0,0.2218089579017405,0.21259701224709524
15108,0,0.17700659859431173,0.21259701224709524
15118,0,0.158371709878604,0.21259701224709524
15121,1,0.14787273116700544,0.21259701224709524
15123,0,0.22547906777619403,0.21259701224709524
15135,0,0.35311490858073197,0.21259701224709524
15137,0,0.2604064661163554,0.21259701224709524
15147,0,0.16281554483347327,0.21259701224709524
15148,0,0.12686820341229615,0.21259701224709524
15153,0,0.14864246490909402,0.21259701224709524
15157,0,0.1961980662971231,0.21259701224709524
15158,0,0.3550986130964188,0.21259701224709524
15159,0,0.31785092379368973,0.21259701224709524
15161,0,0.26207740129342955,0.21259701224709524
15167,0,0.14650868986935262,0.21259701224709524
15172,0,0.17560663328809434,0.21259701224709524
15182,1,0.31394141878359594,0.21259701224709524
15186,0,0.31501756663158104,0.21259701224709524
15187,0,0.14198378642675583,0.21259701224709524
15188,0,0.17926662463218077,0.21259701224709524
15203,0,0.2951955719753032,0.21259701224709524
15209,0,0.18878505446432517,0.21259701224709524
15213,0,0.15770709029547553,0.21259701224709524
15219,0,0.26472807205269244,0.21259701224709524
15224,0,0.26194769803199486,0.21259701224709524
15227,1,0.1053613166767102,0.21259701224709524
15228,0,0.14824882849713267,0.21259701224709524
15230,0,0.17358833946831417,0.21259701224709524
15232,1,0.2930224681797008,0.21259701224709524
15245,0,0.19830066009377512,0.21259701224709524
15248,0,0.21613719000071666,0.21259701224709524
15255,0,0.20713840385704554,0.21259701224709524
15260,1,0.21311616743744963,0.21259701224709524
15267,0,0.23898150612200048,0.21259701224709524
15276,0,0.19351247139432776,0.21259701224709524
15277,0,0.23697222890108882,0.21259701224709524
15286,0,0.16651820108161242,0.21259701224709524
15289,0,0.2730737854808708,0.21259701224709524
15299,0,0.220275202672595,0.21259701224709524
15310,0,0.28613022626010187,0.21259701224709524
15315,0,0.2634565115547497,0.21259701224709524
15317,1,0.349212381644391,0.21259701224709524
15326,1,0.269519411164648,0.21259701224709524
15334,0,0.24027924368998083,0.21259701224709524
15338,0,0.4088313645045007,0.21259701224709524
15340,1,0.2663549767143987,0.21259701224709524
15347,0,0.24177314486052684,0.21259701224709524
15351,0,0.2499699022654225,0.21259701224709524
15354,1,0.2566665043831448,0.21259701224709524
15361,1,0.11966666051505878,0.21259701224709524
15362,0,0.184615675102474,0.21259701224709524
15367,1,0.33475783446368956,0.21259701224709524
15368,0,0.23597954859333514,0.21259701224709524
15371,0,0.26940791100184025,0.21259701224709524
15376,1,0.1821552343807918,0.21259701224709524
15386,0,0.2541136044059375,0.21259701224709524
15391,0,0.18100854488397944,0.21259701224709524
15394,1,0.387770967327225,0.21259701224709524
15397,1,0.13017707148128943,0.21259701224709524
15403,1,0.19664677086173205,0.21259701224709524
15405,0,0.1707578246377786,0.21259701224709524
15408,0,0.11894053705457532,0.21259701224709524
15413,0,0.26091788246081554,0.21259701224709524
15425,0,0.2829522998037779,0.21259701224709524
15429,0,0.13458324971266603,0.21259701224709524
15443,1,0.15748854775483515,0.21259701224709524
15445,0,0.12713139815818145,0.21259701224709524
15446,0,0.2083727522473921,0.21259701224709524
15448,0,0.17598069828481308,0.21259701224709524
15449,0,0.3396492889328548,0.21259701224709524
15451,0,0.24647238693614382,0.21259701224709524
15452,0,0.20097536692686013,0.21259701224709524
15454,0,0.13527876686348625,0.21259701224709524
15456,0,0.26562578265725356,0.21259701224709524
15457,0,0.09573994598116367,0.21259701224709524
15460,0,0.16520790200638422,0.21259701224709524
15469,0,0.24594610240277268,0.21259701224709524
15477,0,0.17385241086380385,0.21259701224709524
15478,1,0.20694375783933228,0.21259701224709524
15481,0,0.18838101962108747,0.21259701224709524
15484,1,0.3145873079309658,0.21259701224709524
15486,0,0.14303370195859155,0.21259701224709524
15489,0,0.2970100959419506,0.21259701224709524
15498,1,0.3397431413515732,0.21259701224709524
15504,1,0.17152660572700035,0.21259701224709524
15505,0,0.19534094708409716,0.21259701224709524
15510,1,0.26871772833160223,0.21259701224709524
15512,0,0.17322776156936973,0.21259701224709524
15515,0,0.2383874014986957,0.21259701224709524
15526,0,0.32725302225144676,0.21259701224709524
15533,0,0.1739306123886001,0.21259701224709524
15544,0,0.2936132473206956,0.21259701224709524
15546,0,0.3075008191163084,0.21259701224709524
15548,0,0.19827986437204564,0.21259701224709524
15553,0,0.18537594231092924,0.21259701224709524
15560,0,0.36960067583804307,0.21259701224709524
15567,1,0.33279963030282067,0.21259701224709524
15568,0,0.28728875844558777,0.21259701224709524
15572,0,0.28359926522032264,0.21259701224709524
15577,1,0.3553288865449776,0.21259701224709524
15580,1,0.31999335473835333,0.21259701224709524
15581,0,0.25076686475954424,0.21259701224709524
15582,1,0.26432265789311254,0.21259701224709524
15583,1,0.27795478473631613,0.21259701224709524
15595,0,0.2571488828644959,0.21259701224709524
15605,0,0.13758535203050049,0.21259701224709524
15607,0,0.25234752975692454,0.21259701224709524
15609,1,0.24242291094468887,0.21259701224709524
15613,1,0.18015506843202916,0.21259701224709524
15619,1,0.2001342734306122,0.21259701224709524
15620,0,0.1544731321119585,0.21259701224709524
15632,0,0.30057744243699125,0.21259701224709524
15636,1,0.14087985483917728,0.21259701224709524
15640,0,0.16848405250524062,0.21259701224709524
15644,0,0.26111791380590743,0.21259701224709524
15647,0,0.17429841839899232,0.21259701224709524
15648,0,0.13981954577080452,0.21259701224709524
15656,0,0.17439307124205725,0.21259701224709524
15666,0,0.1943847518554427,0.21259701224709524
15681,0,0.2014088054350945,0.21259701224709524
15683,0,0.32734376156187855,0.21259701224709524
15687,0,0.31461450258565243,0.21259701224709524
15698,1,0.12003573946619361,0.21259701224709524
15700,0,0.3470131446098797,0.21259701224709524
15711,1,0.19439238075083298,0.21259701224709524
15712,0,0.26774752193420687,0.21259701224709524
15723,1,0.22269517770712308,0.21259701224709524
15724,0,0.28889021713395147,0.21259701224709524
15725,0,0.17934252258007788,0.21259701224709524
15731,1,0.1621490268722473,0.21259701224709524
15736,1,0.23192675202845997,0.21259701224709524
15743,1,0.12405599683091365,0.21259701224709524
15752,0,0.2686367437824286,0.21259701224709524
15754,0,0.2427888398607968,0.21259701224709524
15763,1,0.25221963621569216,0.21259701224709524
15769,0,0.1756262327319304,0.21259701224709524
15772,0,0.1778779667261448,0.21259701224709524
15778,0,0.2913779120514726,0.21259701224709524
15780,0,0.09582369483907491,0.21259701224709524
15782,1,0.19395626380363754,0.21259701224709524
15791,0,0.13871629939691527,0.21259701224709524
15798,0,0.2459858520217961,0.21259701224709524
15799,0,0.15061904378383956,0.21259701224709524
15800,0,0.2978013559750935,0.21259701224709524
15803,0,0.2568709519921786,0.21259701224709524
15804,0,0.14205457979053615,0.21259701224709524
15811,0,0.18258272235252895,0.21259701224709524
15821,0,0.22885001725078313,0.21259701224709524
15830,0,0.1257895191534245,0.21259701224709524
15832,1,0.2857903926563665,0.21259701224709524
15837,0,0.1624247377591573,0.21259701224709524
15846,0,0.28092857273906097,0.21259701224709524
15849,0,0.14015434874506266,0.21259701224709524
15859,0,0.24508580909630018,0.21259701224709524
15860,0,0.22877643639226655,0.21259701224709524
15866,0,0.28374447752374005,0.21259701224709524
15868,1,0.29120700473526884,0.21259701224709524
15870,0,0.2462843002368269,0.21259701224709524
15874,0,0.179114835999919,0.21259701224709524
15879,0,0.1855331076629818,0.21259701224709524
15882,1,0.16811785190752238,0.21259701224709524
15883,0,0.2913483376878622,0.21259701224709524
15890,1,0.28434007121509985,0.21259701224709524
15903,0,0.2272851358529078,0.21259701224709524
15915,0,0.17842063289251026,0.21259701224709524
15941,1,0.2630758917761008,0.21259701224709524
15947,1,0.1983006130672287,0.21259701224709524
15960,0,0.20035139833425547,0.21259701224709524
15965,1,0.20648889591785527,0.21259701224709524
15966,1,0.3022741401281894,0.21259701224709524
15967,0,0.20518270340420905,0.21259701224709524
15969,0,0.15434489942738092,0.21259701224709524
15971,0,0.1389124932338198,0.21259701224709524
15975,1,0.13824020409456184,0.21259701224709524
15980,1,0.14431727162772906,0.21259701224709524
15981,0,0.23667846170370618,0.21259701224709524
15990,0,0.24985441722423246,0.21259701224709524
16000,0,0.34273446767972454,0.21259701224709524
16003,0,0.11427018428852839,0.21259701224709524
16011,1,0.25358809169580815,0.21259701224709524
16015,1,0.27858856254134506,0.21259701224709524
16018,1,0.17922426343702008,0.21259701224709524
16020,0,0.2597108061691859,0.21259701224709524
16031,1,0.25228455438673525,0.21259701224709524
16032,0,0.17146177770184742,0.21259701224709524
16038,0,0.30157967802389296,0.21259701224709524
16040,1,0.26291718684806786,0.21259701224709524
16042,1,0.20453105025157048,0.21259701224709524
16043,0,0.16858605293461493,0.21259701224709524
16049,0,0.2641179179342121,0.21259701224709524
16051,1,0.184080445713371,0.21259701224709524
16052,1,0.18921222805548238,0.21259701224709524
16056,0,0.2608607504153359,0.21259701224709524
16068,0,0.19709120064401414,0.21259701224709524
16080,0,0.16303732385498068,0.21259701224709524
16081,0,0.18682664342231797,0.21259701224709524
16085,0,0.22972170744770193,0.21259701224709524
16087,0,0.1637889599438819,0.21259701224709524
16093,1,0.16115945653140146,0.21259701224709524
16098,1,0.3005263517442471,0.21259701224709524
16101,0,0.1682766915477277,0.21259701224709524
16103,0,0.26542652417646445,0.21259701224709524
16108,0,0.1389824256755601,0.21259701224709524
16112,0,0.17151894460586514,0.21259701224709524
16116,0,0.09831795890523122,0.21259701224709524
16124,0,0.2852045424579123,0.21259701224709524
16137,1,0.3024766067594258,0.21259701224709524
16141,0,0.2265808243124554,0.21259701224709524
16147,0,0.30268234295802027,0.21259701224709524
16154,0,0.18089335360982853,0.21259701224709524
16155,0,0.2896408101917136,0.21259701224709524
16156,0,0.1405895821157779,0.21259701224709524
16157,0,0.14175099996231316,0.21259701224709524
16158,0,0.20052438360851638,0.21259701224709524
16167,0,0.18539859955485608,0.21259701224709524
16176,0,0.1797054875759427,0.21259701224709524
16179,0,0.18452002305471318,0.21259701224709524
16186,0,0.17192751258320976,0.21259701224709524
16187,0,0.13902474798724265,0.21259701224709524
16188,0,0.19277733212101517,0.21259701224709524
16194,0,0.14256203981854498,0.21259701224709524
16201,0,0.19580331675321824,0.21259701224709524
16210,0,0.22262212719381988,0.21259701224709524
16212,0,0.18645922227452377,0.21259701224709524
16215,0,0.3059905091680632,0.21259701224709524
16220,0,0.20163380381113183,0.21259701224709524
16230,0,0.23278180529415607,0.21259701224709524
16240,1,0.24327622460308887,0.21259701224709524
16247,1,0.3058408393535911,0.21259701224709524
16253,1,0.13282467238503598,0.21259701224709524
16258,0,0.3137974553140669,0.21259701224709524
16265,1,0.12261176973484895,0.21259701224709524
16267,0,0.1564760841333464,0.21259701224709524
16271,0,0.2476887099899471,0.21259701224709524
16276,0,0.20142813513304836,0.21259701224709524
16280,0,0.1393779887596392,0.21259701224709524
16283,0,0.21117717396622437,0.21259701224709524
16291,0,0.09643643647373748,0.21259701224709524
16302,0,0.33009753307130335,0.21259701224709524
16311,1,0.14312269489541954,0.21259701224709524
16316,0,0.10793146484659956,0.21259701224709524
16317,0,0.09693090769529379,0.21259701224709524
16318,0,0.13200061109742786,0.21259701224709524
16320,0,0.27448013496353124,0.21259701224709524
16322,0,0.20156970473880106,0.21259701224709524
16324,1,0.11085215683040292,0.21259701224709524
16333,1,0.29744313419220925,0.21259701224709524
16337,0,0.12704772147313503,0.21259701224709524
16341,0,0.20359422748643813,0.21259701224709524
16343,0,0.12977865962246346,0.21259701224709524
16345,1,0.24343163863762815,0.21259701224709524
16346,1,0.26721138545378303,0.21259701224709524
16347,0,0.14622416712272282,0.21259701224709524
16351,1,0.20234555706749333,0.21259701224709524
16354,0,0.13242239101259487,0.21259701224709524
16356,0,0.15446033910101165,0.21259701224709524
16358,1,0.3900013442010027,0.21259701224709524
16365,1,0.16723870924616155,0.21259701224709524
16372,1,0.15037509672055316,0.21259701224709524
16387,1,0.19069088764703426,0.21259701224709524
16394,0,0.1234566249567774,0.21259701224709524
16397,0,0.2928590662616416,0.21259701224709524
16401,0,0.23824446077560224,0.21259701224709524
16407,0,0.2685888531806984,0.21259701224709524
16423,0,0.15037731131406343,0.21259701224709524
16436,0,0.2255222392239752,0.21259701224709524
16442,0,0.29763825821716555,0.21259701224709524
16443,0,0.5426798653544593,0.21259701224709524
16444,0,0.2067057862409778,0.21259701224709524
16447,0,0.1823324222933802,0.21259701224709524
16448,0,0.10393501481932353,0.21259701224709524
16450,0,0.17014975126545578,0.21259701224709524
16460,1,0.21869619910354715,0.21259701224709524
16474,0,0.14734953904479975,0.21259701224709524
16482,0,0.160388623308313,0.21259701224709524
16491,0,0.2236738931365791,0.21259701224709524
16493,0,0.1726741375797273,0.21259701224709524
16497,0,0.18708074602602365,0.21259701224709524
16499,0,0.13132146013304705,0.21259701224709524
16502,0,0.26570577113448024,0.21259701224709524
16507,0,0.23427320672765695,0.21259701224709524
16509,0,0.28978146803659305,0.21259701224709524
16512,0,0.1699778037764655,0.21259701224709524
16513,0,0.2135241956105231,0.21259701224709524
16514,0,0.24511775692869298,0.21259701224709524
16515,1,0.23669490703940393,0.21259701224709524
16518,0,0.122234091518776,0.21259701224709524
16520,1,0.3439774099045213,0.21259701224709524
16522,0,0.31350018316282635,0.21259701224709524
16529,0,0.2613509206750635,0.21259701224709524
16530,0,0.2381337330626278,0.21259701224709524
16532,0,0.24822900439421727,0.21259701224709524
16550,0,0.1264743650092116,0.21259701224709524
16551,0,0.3169501099077854,0.21259701224709524
16552,1,0.16250823078444815,0.21259701224709524
16556,0,0.1479903087935791,0.21259701224709524
16559,0,0.2673683821830199,0.21259701224709524
16575,0,0.12450290406325279,0.21259701224709524
16576,1,0.24620818828757085,0.21259701224709524
16577,1,0.18598530339113525,0.21259701224709524
16579,0,0.10288569567770091,0.21259701224709524
16585,0,0.20722008234336242,0.21259701224709524
16586,0,0.14279700520299263,0.21259701224709524
16593,0,0.1920298259534259,0.21259701224709524
16594,0,0.16773396510955615,0.21259701224709524
16601,0,0.1898883851525517,0.21259701224709524
16604,0,0.142514968754585,0.21259701224709524
16607,0,0.1766879354518211,0.21259701224709524
16613,0,0.1279188663061364,0.21259701224709524
16616,0,0.19044695067589415,0.21259701224709524
16623,0,0.13338698695585768,0.21259701224709524
16632,0,0.18606821720955602,0.21259701224709524
16643,0,0.18184177044959557,0.21259701224709524
16645,0,0.15736832736874493,0.21259701224709524
16656,0,0.16364158891262512,0.21259701224709524
16657,1,0.18829439572073428,0.21259701224709524
16659,0,0.16560238622101,0.21259701224709524
16666,0,0.33431085752174766,0.21259701224709524
16670,0,0.29682996771273606,0.21259701224709524
16674,0,0.1725818817447295,0.21259701224709524
16676,0,0.24258582854717697,0.21259701224709524
16681,0,0.1567836285637515,0.21259701224709524
16682,0,0.21778166565368076,0.21259701224709524
16685,0,0.2354296866261256,0.21259701224709524
16692,0,0.16732104665618705,0.21259701224709524
16696,0,0.3863379464760155,0.21259701224709524
16697,1,0.232818101934797,0.21259701224709524
16704,0,0.29016982069012953,0.21259701224709524
16705,0,0.12879375235225302,0.21259701224709524
16718,0,0.2779474391871974,0.21259701224709524
16720,0,0.14538379807791135,0.21259701224709524
16721,0,0.33518285803943804,0.21259701224709524
16722,0,0.2284302285028279,0.21259701224709524
16724,1,0.25179925590830693,0.21259701224709524
16734,1,0.1455410992438045,0.21259701224709524
16741,0,0.18810058899493262,0.21259701224709524
16748,0,0.1662483350860333,0.21259701224709524
16750,0,0.22423048388696168,0.21259701224709524
16752,1,0.2748947513971136,0.21259701224709524
16765,0,0.16032067871232658,0.21259701224709524
16770,1,0.21139462534093284,0.21259701224709524
16773,0,0.37393987421473923,0.21259701224709524
16775,1,0.18671718267343906,0.21259701224709524
16785,1,0.26106849425137985,0.21259701224709524
16788,0,0.18586964509678583,0.21259701224709524
16795,0,0.25920950071398685,0.21259701224709524
16804,0,0.239247769754181,0.21259701224709524
16805,1,0.3190391614051621,0.21259701224709524
16807,0,0.33627998058299197,0.21259701224709524
16808,0,0.11107725459914512,0.21259701224709524
16810,1,0.26028589567185656,0.21259701224709524
16815,0,0.19817536862587265,0.21259701224709524
16817,0,0.16606868194430127,0.21259701224709524
16818,0,0.14114870836636373,0.21259701224709524
16819,0,0.15644852494863765,0.21259701224709524
16821,1,0.338643641869637,0.21259701224709524
16825,0,0.15001403443418823,0.21259701224709524
16833,0,0.2994864854854066,0.21259701224709524
16834,1,0.18448392114879705,0.21259701224709524
16838,1,0.1407465854632486,0.21259701224709524
16844,1,0.3614940447349082,0.21259701224709524
16846,0,0.22501517472679872,0.21259701224709524
16855,0,0.15230214122761457,0.21259701224709524
16864,0,0.20725377661684793,0.21259701224709524
16865,1,0.21824083110849163,0.21259701224709524
16870,0,0.18729710642513414,0.21259701224709524
16876,0,0.24424590091496032,0.21259701224709524
16878,0,0.19636129966579538,0.21259701224709524
16880,0,0.17267463379845124,0.21259701224709524
16884,0,0.2094647066394428,0.21259701224709524
16885,0,0.1539417853787254,0.21259701224709524
16890,0,0.16026757625745544,0.21259701224709524
16898,0,0.248857125317527,0.21259701224709524
16901,0,0.3273360756049357,0.21259701224709524
16907,0,0.30411383490935107,0.21259701224709524
16921,0,0.12509336938414442,0.21259701224709524
16922,0,0.14272257188818913,0.21259701224709524
16926,1,0.24203171848132718,0.21259701224709524
16930,0,0.18186541273084106,0.21259701224709524
16931,0,0.17593201451173654,0.21259701224709524
16939,0,0.23914100663532148,0.21259701224709524
16941,0,0.1462198130936696,0.21259701224709524
16950,0,0.27062623527897733,0.21259701224709524
16960,0,0.17496105583478408,0.21259701224709524
16963,0,0.2114405457059851,0.21259701224709524
16966,1,0.14663084514140534,0.21259701224709524
16972,1,0.14262163658294036,0.21259701224709524
16974,1,0.17339681667918305,0.21259701224709524
16979,0,0.29285586242873024,0.21259701224709524
16994,0,0.20222312060437006,0.21259701224709524
17000,0,0.19918346947349586,0.21259701224709524
17001,0,0.25619363094501524,0.21259701224709524
17006,0,0.1586571524701693,0.21259701224709524
17009,0,0.19234461808899125,0.21259701224709524
17011,1,0.18239391042512207,0.21259701224709524
17017,0,0.1639274184827591,0.21259701224709524
17021,0,0.24367953069454956,0.21259701224709524
17023,0,0.20041433302346995,0.21259701224709524
17028,0,0.20573472544340374,0.21259701224709524
17030,0,0.32978614666103734,0.21259701224709524
17032,0,0.19879648134206931,0.21259701224709524
17039,0,0.1673647689312145,0.21259701224709524
17041,0,0.1309552749328523,0.21259701224709524
17044,0,0.11253840055709083,0.21259701224709524
17047,0,0.20459999657145556,0.21259701224709524
17052,0,0.19661116485749877,0.21259701224709524
17059,0,0.15882616754674445,0.21259701224709524
17060,1,0.27920530612655825,0.21259701224709524
17068,0,0.29766826579809424,0.21259701224709524
17076,0,0.25514163556993463,0.21259701224709524
17084,0,0.16575503964984725,0.21259701224709524
17087,0,0.1576862871396289,0.21259701224709524
17090,0,0.2497801531613516,0.21259701224709524
17093,1,0.22101636197083052,0.21259701224709524
17094,0,0.14340592509881622,0.21259701224709524
17095,0,0.16539423328529532,0.21259701224709524
17109,0,0.26733451225582144,0.21259701224709524
17111,1,0.21451648198739945,0.21259701224709524
17130,0,0.09865960382471693,0.21259701224709524
17132,1,0.29137272481368404,0.21259701224709524
17138,0,0.21524930887571952,0.21259701224709524
17140,0,0.20302891129603612,0.21259701224709524
17143,0,0.1692046019668973,0.21259701224709524
17151,0,0.3927044827942117,0.21259701224709524
17160,0,0.17555024567303168,0.21259701224709524
17165,0,0.12134204781463528,0.21259701224709524
17168,1,0.26743200644788895,0.21259701224709524
17172,0,0.21990949018584363,0.21259701224709524
17175,0,0.34601746326525196,0.21259701224709524
17177,0,0.19677599266796264,0.21259701224709524
17178,1,0.3179063861010325,0.21259701224709524
17184,0,0.18274849521223982,0.21259701224709524
17187,1,0.25127648648100653,0.21259701224709524
17188,1,0.21789531056177727,0.21259701224709524
17189,1,0.19114663794920883,0.21259701224709524
17193,1,0.1594754529265875,0.21259701224709524
17204,0,0.24034420683667343,0.21259701224709524
17206,0,0.2262472841827961,0.21259701224709524
17210,0,0.22486681129492458,0.21259701224709524
17222,0,0.17597132591942927,0.21259701224709524
17232,0,0.20305632041698232,0.21259701224709524
17234,0,0.4106627484345481,0.21259701224709524
17235,0,0.200801415844756,0.21259701224709524
17241,1,0.23996977671936037,0.21259701224709524
17243,0,0.3299866029224445,0.21259701224709524
17268,0,0.19566150831070225,0.21259701224709524
17270,0,0.15543485090895987,0.21259701224709524
17276,1,0.17727752196113458,0.21259701224709524
17279,0,0.19338527200481098,0.21259701224709524
17287,0,0.22973622648585046,0.21259701224709524
17291,0,0.28587128835495806,0.21259701224709524
17300,1,0.2363025918828901,0.21259701224709524
17302,0,0.17546365826322743,0.21259701224709524
17309,0,0.14961522034156485,0.21259701224709524
17316,0,0.32230991401315595,0.21259701224709524
17320,0,0.2576053463131907,0.21259701224709524
17329,0,0.23420025479399104,0.21259701224709524
17332,1,0.1853694909734755,0.21259701224709524
17333,0,0.2088466075049495,0.21259701224709524
17335,0,0.21674878855152407,0.21259701224709524
17338,1,0.2888461427011246,0.21259701224709524
17340,0,0.36089901868487023,0.21259701224709524
17347,1,0.1626142575016411,0.21259701224709524
17355,0,0.14279540918361017,0.21259701224709524
17356,0,0.1534671608826768,0.21259701224709524
17357,0,0.3498503966851215,0.21259701224709524
17358,1,0.17490555784724277,0.21259701224709524
17359,0,0.14333279809815733,0.21259701224709524
17363,1,0.16683553382843141,0.21259701224709524
17364,0,0.20058389964595058,0.21259701224709524
17367,0,0.283394916450092,0.21259701224709524
17370,1,0.28778173668974,0.21259701224709524
17374,0,0.3528165050045113,0.21259701224709524
17376,0,0.13688451519557357,0.21259701224709524
17381,0,0.29589536987436277,0.21259701224709524
17386,0,0.3002340296925872,0.21259701224709524
17388,1,0.26767072986091556,0.21259701224709524
17394,1,0.19773314673191347,0.21259701224709524
17400,0,0.22258422173101608,0.21259701224709524
17404,0,0.14010690881870136,0.21259701224709524
17405,0,0.18068265480062218,0.21259701224709524
17406,0,0.27470921830047373,0.21259701224709524
17418,1,0.20073490490569354,0.21259701224709524
17420,0,0.30936451798522197,0.21259701224709524
17423,0,0.15312104585262404,0.21259701224709524
17427,0,0.10903456246310685,0.21259701224709524
17439,0,0.28718443963593154,0.21259701224709524
17440,1,0.1995288337602222,0.21259701224709524
17447,0,0.29409088237110387,0.21259701224709524
17453,0,0.12260045847810472,0.21259701224709524
17456,0,0.26362824280815156,0.21259701224709524
17460,0,0.12641016593482488,0.21259701224709524
17464,1,0.29458500350277395,0.21259701224709524
17465,0,0.27543946661190777,0.21259701224709524
17470,0,0.2067940270476687,0.21259701224709524
17474,0,0.15894257271961174,0.21259701224709524
17485,0,0.16881019596692284,0.21259701224709524
17486,1,0.17706631155368843,0.21259701224709524
17493,0,0.12433144465089072,0.21259701224709524
17499,0,0.15103295196262886,0.21259701224709524
17501,0,0.2077924678799098,0.21259701224709524
17503,0,0.22989582262995978,0.21259701224709524
17514,0,0.18493927247496966,0.21259701224709524
17519,0,0.14409864600790234,0.21259701224709524
17523,0,0.3339122311870106,0.21259701224709524
17524,0,0.24184365346371087,0.21259701224709524
17530,0,0.18720982766750746,0.21259701224709524
17534,0,0.22173753197378568,0.21259701224709524
17551,1,0.16420635795591806,0.21259701224709524
17558,0,0.13778613179608815,0.21259701224709524
17565,0,0.24278921446945959,0.21259701224709524
17571,0,0.30436533427076334,0.21259701224709524
17572,0,0.26939150989770977,0.21259701224709524
17576,0,0.18012042468294226,0.21259701224709524
17585,0,0.13480524737338798,0.21259701224709524
17588,0,0.13465078419595566,0.21259701224709524
17589,1,0.1866135866462068,0.21259701224709524
17596,0,0.12328238048839957,0.21259701224709524
17597,0,0.13482587904313428,0.21259701224709524
17598,0,0.37573584681262934,0.21259701224709524
17602,0,0.1463170959952541,0.21259701224709524
17606,1,0.1773201228474401,0.21259701224709524
17609,0,0.20156210247953799,0.21259701224709524
17612,1,0.1460107218199711,0.21259701224709524
17625,1,0.247013104359634,0.21259701224709524
17626,0,0.31838361574436225,0.21259701224709524
17647,0,0.2834906747878449,0.21259701224709524
17648,1,0.26476791723224713,0.21259701224709524
17656,0,0.1674259399884652,0.21259701224709524
17666,0,0.2109826064663989,0.21259701224709524
17672,0,0.09304279246365138,0.21259701224709524
17678,0,0.11821804780829966,0.21259701224709524
17679,0,0.2309698372543523,0.21259701224709524
17680,0,0.1664264979261011,0.21259701224709524
17682,0,0.266615248531926,0.21259701224709524
17683,1,0.1479463539860577,0.21259701224709524
17685,0,0.21996766286427885,0.21259701224709524
17689,0,0.17764183464660357,0.21259701224709524
17692,1,0.21363385094928775,0.21259701224709524
17703,1,0.17716362735456617,0.21259701224709524
17706,0,0.2948265813969328,0.21259701224709524
17711,1,0.27139460698738643,0.21259701224709524
17715,1,0.18815700749296976,0.21259701224709524
17716,0,0.18799354581762984,0.21259701224709524
17717,0,0.1950574980899591,0.21259701224709524
17722,0,0.2636146115055805,0.21259701224709524
17723,0,0.15526723707179424,0.21259701224709524
17743,0,0.274294444191152,0.21259701224709524
17746,1,0.2201403133128266,0.21259701224709524
17750,0,0.2496351097609112,0.21259701224709524
17751,0,0.23640312407299952,0.21259701224709524
17752,0,0.16146851220105649,0.21259701224709524
17758,0,0.1767102116860203,0.21259701224709524
17763,0,0.22923728122654888,0.21259701224709524
17767,0,0.2561374972655331,0.21259701224709524
17774,0,0.19243857322357455,0.21259701224709524
17778,0,0.34043993432890607,0.21259701224709524
17783,0,0.2454737392117332,0.21259701224709524
17787,0,0.18217039350308287,0.21259701224709524
17795,0,0.22119273658238955,0.21259701224709524
17799,1,0.20344426864032752,0.21259701224709524
17801,0,0.22921932081521093,0.21259701224709524
17802,0,0.18731157996283274,0.21259701224709524
17817,0,0.22707949623802867,0.21259701224709524
17820,0,0.21301619648471537,0.21259701224709524
17821,0,0.17991937967782543,0.21259701224709524
17822,0,0.07717580392065904,0.21259701224709524
17826,0,0.14968735499427294,0.21259701224709524
17830,1,0.1921068516647144,0.21259701224709524
17836,0,0.20438233366979705,0.21259701224709524
17837,0,0.186133709629182,0.21259701224709524
17838,0,0.12391851662741388,0.21259701224709524
17842,0,0.21120016448604126,0.21259701224709524
17843,0,0.16518910793879513,0.21259701224709524
17847,1,0.21712522558926023,0.21259701224709524
17858,0,0.13535675797309002,0.21259701224709524
17862,0,0.25582947343714424,0.21259701224709524
17864,1,0.1764532669834908,0.21259701224709524
17866,0,0.1443255849205276,0.21259701224709524
17874,0,0.16837123009945112,0.21259701224709524
17875,1,0.3386470050954943,0.21259701224709524
17878,0,0.26636243158979894,0.21259701224709524
17883,1,0.35760914027228197,0.21259701224709524
17888,0,0.24448794096038054,0.21259701224709524
17893,0,0.38315694524801613,0.21259701224709524
17899,0,0.2067402251958152,0.21259701224709524
17913,0,0.17669294401484678,0.21259701224709524
17933,0,0.29785985337709553,0.21259701224709524
17934,0,0.3010230113670587,0.21259701224709524
17935,1,0.26480041015480316,0.21259701224709524
17940,0,0.25541560807304603,0.21259701224709524
17943,0,0.12933592812567288,0.21259701224709524
17946,1,0.19489543218978764,0.21259701224709524
17947,0,0.22899192054103154,0.21259701224709524
17959,0,0.24738874155774485,0.21259701224709524
17963,0,0.3256078819620051,0.21259701224709524
17965,1,0.304967332458841,0.21259701224709524
17967,0,0.19871308278435018,0.21259701224709524
17968,0,0.15365018529889266,0.21259701224709524
17984,1,0.29739163057695955,0.21259701224709524
17990,0,0.2130973253278481,0.21259701224709524
17991,0,0.1609774075142871,0.21259701224709524
18004,0,0.22083282088072934,0.21259701224709524
18006,1,0.14409025774891154,0.21259701224709524
18009,0,0.18484510328215317,0.21259701224709524
18014,1,0.3162208176808842,0.21259701224709524
18019,1,0.2980937506090962,0.21259701224709524
18024,0,0.17442865233754853,0.21259701224709524
18027,0,0.15831602937473482,0.21259701224709524
18037,1,0.3134860347182316,0.21259701224709524
18038,0,0.21361628981315284,0.21259701224709524
18041,0,0.17193605779161547,0.21259701224709524
18051,0,0.11891131248161357,0.21259701224709524
18064,0,0.22549997232419736,0.21259701224709524
18065,0,0.19177629517668313,0.21259701224709524
18066,0,0.14871703528957758,0.21259701224709524
18068,0,0.1812396228280409,0.21259701224709524
18069,0,0.1177486478633881,0.21259701224709524
18073,0,0.20535773644289276,0.21259701224709524
18079,0,0.16622798494214866,0.21259701224709524
18087,0,0.3429132594178204,0.21259701224709524
18093,0,0.1871029587784112,0.21259701224709524
18094,0,0.22268104474598518,0.21259701224709524
18111,0,0.3105974093832552,0.21259701224709524
18114,1,0.19397605702430737,0.21259701224709524
18124,0,0.26442376008061486,0.21259701224709524
18129,0,0.14371765836704184,0.21259701224709524
18131,0,0.2563650326927201,0.21259701224709524
18147,0,0.368512571122023,0.21259701224709524
18160,0,0.11943371531509998,0.21259701224709524
18168,0,0.21020047371401612,0.21259701224709524
18169,0,0.24006043304695296,0.21259701224709524
18170,0,0.2441567296783096,0.21259701224709524
18172,0,0.17681297675064364,0.21259701224709524
18177,0,0.19757665643530634,0.21259701224709524
18178,0,0.2991643923039406,0.21259701224709524
18183,0,0.19149562906584278,0.21259701224709524
18194,0,0.10274553150545224,0.21259701224709524
18201,0,0.23781880210070466,0.21259701224709524
18207,0,0.132719991135898,0.21259701224709524
18212,1,0.14665621343633123,0.21259701224709524
18216,0,0.22355369852807627,0.21259701224709524
18218,0,0.21646541497427024,0.21259701224709524
18220,1,0.3299550381434918,0.21259701224709524
18223,0,0.1693735451528464,0.21259701224709524
18228,0,0.12675766306457278,0.21259701224709524
18229,0,0.18357007584615748,0.21259701224709524
18240,0,0.2547109796266736,0.21259701224709524
18241,0,0.17146650571649819,0.21259701224709524
18245,0,0.23922407402596127,0.21259701224709524
18248,1,0.14053949027159038,0.21259701224709524
18249,0,0.150633437320972,0.21259701224709524
18255,0,0.23158636499220142,0.21259701224709524
18256,0,0.3590442336772149,0.21259701224709524
18265,0,0.20255999410090986,0.21259701224709524
18269,0,0.12129024033611198,0.21259701224709524
18274,0,0.2237709361367396,0.21259701224709524
18278,0,0.1687395000820924,0.21259701224709524
18281,0,0.18820090390713537,0.21259701224709524
18287,0,0.23628824237822516,0.21259701224709524
18290,0,0.1149379788299891,0.21259701224709524
18292,0,0.13929584646148874,0.21259701224709524
18293,0,0.2812715609907524,0.21259701224709524
18295,0,0.2511218097239911,0.21259701224709524
18298,1,0.3206852376614608,0.21259701224709524
18300,0,0.15744456097622234,0.21259701224709524
18304,0,0.27596453727635384,0.21259701224709524
18312,1,0.23217864390713902,0.21259701224709524
18314,0,0.16908783093601545,0.21259701224709524
18325,0,0.1402986617295525,0.21259701224709524
18332,0,0.14047956771220435,0.21259701224709524
18342,1,0.3395065973077246,0.21259701224709524
18346,0,0.2516517385701569,0.21259701224709524
18349,0,0.1978180309718186,0.21259701224709524
18358,0,0.3082226187793555,0.21259701224709524
18359,0,0.14952240277105389,0.21259701224709524
18371,1,0.3136922524684464,0.21259701224709524
18375,0,0.17405451775269506,0.21259701224709524
18381,0,0.18680944312113676,0.21259701224709524
18384,0,0.2377458874847918,0.21259701224709524
18395,0,0.13812225897791183,0.21259701224709524
18402,0,0.12234593048924634,0.21259701224709524
18412,0,0.20262856891786077,0.21259701224709524
18416,0,0.3424623608586195,0.21259701224709524
18422,0,0.25007267939129285,0.21259701224709524
18438,1,0.23331359311484162,0.21259701224709524
18440,0,0.1303705230717515,0.21259701224709524
18442,0,0.13558753103482205,0.21259701224709524
18447,0,0.13065884101430403,0.21259701224709524
18464,0,0.18004565839581824,0.21259701224709524
18465,0,0.33987643433086445,0.21259701224709524
18469,0,0.15701758202653496,0.21259701224709524
18473,0,0.22891355478038528,0.21259701224709524
18482,0,0.21681316539220952,0.21259701224709524
18484,0,0.2337965143122178,0.21259701224709524
18485,0,0.34272768523744807,0.21259701224709524
18490,1,0.17302071759327423,0.21259701224709524
18491,1,0.2742787775499966,0.21259701224709524
18493,0,0.1944388633563773,0.21259701224709524
18499,0,0.23353959490007964,0.21259701224709524
18505,1,0.23842501322399218,0.21259701224709524
18508,1,0.27450745418031336,0.21259701224709524
18517,0,0.1842962047861869,0.21259701224709524
18519,0,0.2051952027153518,0.21259701224709524
18520,0,0.15595249300499453,0.21259701224709524
18522,1,0.16529524550434238,0.21259701224709524
18526,0,0.21115293210691802,0.21259701224709524
18528,0,0.20367535110855636,0.21259701224709524
18529,1,0.20175459022886913,0.21259701224709524
18533,0,0.14968888377888748,0.21259701224709524
18548,0,0.17663761854273632,0.21259701224709524
18559,0,0.21476309156784568,0.21259701224709524
18561,1,0.1676241804833913,0.21259701224709524
18563,0,0.18720596485934554,0.21259701224709524
18567,0,0.17382787438145977,0.21259701224709524
18575,0,0.1458824534727228,0.21259701224709524
18578,0,0.33117591208387315,0.21259701224709524
18579,1,0.29977132539736756,0.21259701224709524
18581,0,0.18584370658837343,0.21259701224709524
18589,1,0.19437027347683958,0.21259701224709524
18592,0,0.16173001602372866,0.21259701224709524
18600,0,0.33458019127638816,0.21259701224709524
18604,0,0.12903929574786224,0.21259701224709524
18607,0,0.21049498514668263,0.21259701224709524
18610,0,0.1687932915554202,0.21259701224709524
18618,1,0.15071388416414588,0.21259701224709524
18620,0,0.18366147486862594,0.21259701224709524
18627,0,0.3755864429267575,0.21259701224709524
18629,0,0.173197091559292,0.21259701224709524
18630,1,0.2292086570525841,0.21259701224709524
18638,1,0.31222008268907203,0.21259701224709524
18656,1,0.20827332916623625,0.21259701224709524
18657,0,0.2295327485564282,0.21259701224709524
18660,0,0.18920344916092283,0.21259701224709524
18667,0,0.16645653021951773,0.21259701224709524
18673,1,0.18714633386346816,0.21259701224709524
18675,0,0.2601146414673467,0.21259701224709524
18677,0,0.15320129088338322,0.21259701224709524
18679,1,0.17529605077479446,0.21259701224709524
18682,0,0.1965890295419941,0.21259701224709524
18690,1,0.32184555869344383,0.21259701224709524
18694,0,0.25964773997048857,0.21259701224709524
18697,0,0.28873185467785284,0.21259701224709524
18700,0,0.11374036830648086,0.21259701224709524
18704,1,0.4095632501129849,0.21259701224709524
18705,1,0.22528972172390982,0.21259701224709524
18721,0,0.12733704626012501,0.21259701224709524
18722,0,0.3251443693671599,0.21259701224709524
18728,0,0.1819997569833199,0.21259701224709524
18730,0,0.37119737245851153,0.21259701224709524
18744,0,0.2146650939269389,0.21259701224709524
18747,1,0.28312783195481767,0.21259701224709524
18758,0,0.2989394659848827,0.21259701224709524
18762,0,0.1906863773307543,0.21259701224709524
18767,0,0.1366106619247403,0.21259701224709524
18774,1,0.2875286645478348,0.21259701224709524
18777,0,0.1428471228610035,0.21259701224709524
18779,1,0.17564923216207706,0.21259701224709524
18783,1,0.3014237730407086,0.21259701224709524
18784,1,0.13759784347355908,0.21259701224709524
18809,0,0.24732633835652348,0.21259701224709524
18812,1,0.2135847568610081,0.21259701224709524
18823,0,0.15196141425357373,0.21259701224709524
18833,1,0.23053471111325102,0.21259701224709524
18837,0,0.21501796591794728,0.21259701224709524
18855,0,0.2631006521562706,0.21259701224709524
18857,0,0.1322884524838665,0.21259701224709524
18858,0,0.21036218881833213,0.21259701224709524
18860,1,0.18244647332870045,0.21259701224709524
18861,0,0.2510708933983999,0.21259701224709524
18862,0,0.18437902864703154,0.21259701224709524
18879,0,0.1350694911544088,0.21259701224709524
18887,1,0.24367840496940577,0.21259701224709524
18891,0,0.07968575391393497,0.21259701224709524
18897,0,0.16873016115950548,0.21259701224709524
18900,1,0.24812523462184943,0.21259701224709524
18901,1,0.21442486832765173,0.21259701224709524
18906,0,0.23109323675397037,0.21259701224709524
18918,0,0.17163193137604194,0.21259701224709524
18929,0,0.21833215727076077,0.21259701224709524
18944,0,0.17882300019337463,0.21259701224709524
18946,0,0.16107264769754756,0.21259701224709524
18948,0,0.20638078194812015,0.21259701224709524
18950,0,0.18884245608709221,0.21259701224709524
18954,0,0.29437093795761765,0.21259701224709524
18959,1,0.1752085230289823,0.21259701224709524
18961,0,0.11177329322908154,0.21259701224709524
18964,1,0.40218890245927164,0.21259701224709524
18970,0,0.2701310196538025,0.21259701224709524
18984,1,0.2404390902672977,0.21259701224709524
18996,0,0.10387190680077943,0.21259701224709524
19001,1,0.36668842763467246,0.21259701224709524
19007,0,0.36651294422010916,0.21259701224709524
19013,0,0.1634034233667212,0.21259701224709524
19027,0,0.267193546450641,0.21259701224709524
19033,0,0.2374592404815284,0.21259701224709524
19054,0,0.13431153630976322,0.21259701224709524
19080,0,0.2247178969602091,0.21259701224709524
19081,0,0.18877715293894104,0.21259701224709524
19082,0,0.2679994571658206,0.21259701224709524
19084,0,0.18402003140653286,0.21259701224709524
19097,0,0.24931430308498476,0.21259701224709524
19104,1,0.350643226274682,0.21259701224709524
19109,1,0.2228898788306315,0.21259701224709524
19114,0,0.20582303559173262,0.21259701224709524
19117,0,0.23004166790480954,0.21259701224709524
19124,0,0.19351108946612525,0.21259701224709524
19128,1,0.2962403996608623,0.21259701224709524
19131,0,0.1552635084925537,0.21259701224709524
19133,0,0.15074854716742792,0.21259701224709524
19134,0,0.2809342960208921,0.21259701224709524
19135,0,0.1913411561302108,0.21259701224709524
19139,0,0.15595967115434056,0.21259701224709524
19149,0,0.182802956214476,0.21259701224709524
19163,0,0.34947307074488015,0.21259701224709524
19166,0,0.21024496749827926,0.21259701224709524
19168,1,0.26854764472057335,0.21259701224709524
19177,0,0.2804956020298077,0.21259701224709524
19181,1,0.2728545963639347,0.21259701224709524
19187,0,0.12496120558170327,0.21259701224709524
19195,0,0.13579808499221183,0.21259701224709524
19196,0,0.12444335540074929,0.21259701224709524
19197,0,0.20170925572518486,0.21259701224709524
19198,0,0.1515673592821928,0.21259701224709524
19201,1,0.2049956941751178,0.21259701224709524
19202,1,0.2152263937112335,0.21259701224709524
19206,0,0.24239496992662762,0.21259701224709524
19217,1,0.24558912215464945,0.21259701224709524
19218,0,0.16760200712211648,0.21259701224709524
19225,0,0.28279479125268525,0.21259701224709524
19235,0,0.13667066691279336,0.21259701224709524
19247,0,0.11686810382481984,0.21259701224709524
19253,0,0.23119341893716897,0.21259701224709524
19267,1,0.20440979985903351,0.21259701224709524
19278,0,0.32547770170359297,0.21259701224709524
19280,0,0.19197286629719237,0.21259701224709524
19282,1,0.18995543604072015,0.21259701224709524
19283,0,0.27366373761863216,0.21259701224709524
19285,0,0.12704792926741615,0.21259701224709524
19291,0,0.1706454465931785,0.21259701224709524
19292,0,0.20492522079151218,0.21259701224709524
19298,0,0.23426679430187097,0.21259701224709524
19301,0,0.21719238036362773,0.21259701224709524
19303,1,0.2948238513353232,0.21259701224709524
19309,1,0.12540145330673755,0.21259701224709524
19313,1,0.17461671198833115,0.21259701224709524
19316,1,0.23053530708702552,0.21259701224709524
19319,0,0.14226656068713847,0.21259701224709524
19323,0,0.18975626513780447,0.21259701224709524
19328,0,0.18436548109246345,0.21259701224709524
19334,0,0.29175759583527777,0.21259701224709524
19338,0,0.2968247036672479,0.21259701224709524
19340,1,0.177983640895517,0.21259701224709524
19342,0,0.15780468323377345,0.21259701224709524
19347,0,0.18770020865188153,0.21259701224709524
19350,0,0.23460236713179317,0.21259701224709524
19354,0,0.22890767438440854,0.21259701224709524
19355,0,0.13974576622050924,0.21259701224709524
19368,0,0.1691852550631616,0.21259701224709524
19375,0,0.18670004428184597,0.21259701224709524
19376,1,0.16716185864871047,0.21259701224709524
19377,0,0.2855076021656568,0.21259701224709524
19381,0,0.23593141061477274,0.21259701224709524
19383,0,0.3173921502191133,0.21259701224709524
19384,0,0.23502577853331053,0.21259701224709524
19390,0,0.21903714776875546,0.21259701224709524
19392,1,0.1360844686306681,0.21259701224709524
19396,0,0.2632757358134229,0.21259701224709524
19402,0,0.22131147614510144,0.21259701224709524
19408,0,0.14049597542628028,0.21259701224709524
19413,0,0.20137757352452962,0.21259701224709524
19415,0,0.19291685742767903,0.21259701224709524
19416,0,0.17664106646605343,0.21259701224709524
19426,0,0.14988487326904956,0.21259701224709524
19439,0,0.2617228204937789,0.21259701224709524
19444,0,0.2796715966922379,0.21259701224709524
19448,1,0.36506952691507727,0.21259701224709524
19454,0,0.23823928270230596,0.21259701224709524
19458,0,0.1397277577131107,0.21259701224709524
19472,1,0.262189684195215,0.21259701224709524
19478,0,0.27701990039750507,0.21259701224709524
19485,0,0.1479790622783274,0.21259701224709524
19490,0,0.3249516451766283,0.21259701224709524
19492,0,0.18054658066779927,0.21259701224709524
19495,0,0.3223837236152394,0.21259701224709524
19500,0,0.15676523976629447,0.21259701224709524
19510,0,0.2361649855710894,0.21259701224709524
19511,0,0.13183514464543827,0.21259701224709524
19526,0,0.13804560219961523,0.21259701224709524
19530,1,0.1332121337267051,0.21259701224709524
19532,0,0.28619231018684066,0.21259701224709524
19533,1,0.24423331302622775,0.21259701224709524
19536,0,0.31880442904916073,0.21259701224709524
19540,0,0.18910891982766503,0.21259701224709524
19544,0,0.16640493980522333,0.21259701224709524
19550,0,0.20522504099561314,0.21259701224709524
19553,0,0.23704664777932682,0.21259701224709524
19564,1,0.15404216195085552,0.21259701224709524
19567,0,0.24665416052983688,0.21259701224709524
19570,0,0.28350513158977286,0.21259701224709524
19571,0,0.29659025661712146,0.21259701224709524
19572,0,0.2709851073378433,0.21259701224709524
19579,0,0.194504817786152,0.21259701224709524
19584,0,0.1947637593891953,0.21259701224709524
19587,0,0.21647516141501877,0.21259701224709524
19603,0,0.13249672238789414,0.21259701224709524
19612,0,0.14666962980694837,0.21259701224709524
19613,0,0.1343879547052828,0.21259701224709524
19614,0,0.16106503684483062,0.21259701224709524
19623,0,0.26596464141297327,0.21259701224709524
19630,0,0.11252056574208653,0.21259701224709524
19644,0,0.11796188749514457,0.21259701224709524
19646,0,0.2044922658380649,0.21259701224709524
19647,1,0.11361929212282931,0.21259701224709524
19651,0,0.2772248920724538,0.21259701224709524
19654,0,0.22521054601157972,0.21259701224709524
19667,0,0.25875436479095865,0.21259701224709524
19671,0,0.15683432979512865,0.21259701224709524
19675,0,0.16725481518573537,0.21259701224709524
19678,0,0.13763715154592027,0.21259701224709524
19693,0,0.30649395539520985,0.21259701224709524
19694,1,0.22734912336998905,0.21259701224709524
19697,0,0.2554796863531969,0.21259701224709524
19700,0,0.2052263674862159,0.21259701224709524
19702,1,0.3203980390409243,0.21259701224709524
19703,0,0.18641962379562851,0.21259701224709524
19714,0,0.22987114271281964,0.21259701224709524
19723,1,0.14837125237138482,0.21259701224709524
19726,0,0.31325028897408624,0.21259701224709524
19743,0,0.2692571676130662,0.21259701224709524
19752,0,0.1383861466845157,0.21259701224709524
19754,0,0.2719975782454525,0.21259701224709524
19755,1,0.20910435178100023,0.21259701224709524
19757,0,0.14623915358032624,0.21259701224709524
19758,0,0.1804670009524579,0.21259701224709524
19762,0,0.1505065295961911,0.21259701224709524
19766,0,0.336162516788841,0.21259701224709524
19767,0,0.31109010996046205,0.21259701224709524
19769,0,0.2940678327993928,0.21259701224709524
19778,0,0.17245621089294946,0.21259701224709524
19786,0,0.28438673657718677,0.21259701224709524
19791,1,0.17799517362650905,0.21259701224709524
19798,0,0.17921690386447292,0.21259701224709524
19804,0,0.192854360374487,0.21259701224709524
19812,0,0.15065734205857848,0.21259701224709524
19815,0,0.198773944032285,0.21259701224709524
19827,1,0.2748185421323017,0.21259701224709524
19830,0,0.2759496244922604,0.21259701224709524
19831,0,0.16381189756086492,0.21259701224709524
19835,1,0.3352579162492558,0.21259701224709524
19836,0,0.15399337225577855,0.21259701224709524
19840,0,0.2573385274264887,0.21259701224709524
19843,1,0.2272150628396436,0.21259701224709524
19844,0,0.2093344668804611,0.21259701224709524
19852,0,0.2097138074014387,0.21259701224709524
19856,0,0.36541705147864095,0.21259701224709524
19862,0,0.22659857728246408,0.21259701224709524
19891,0,0.16535447327526165,0.21259701224709524
19895,0,0.18533964644017364,0.21259701224709524
19901,1,0.2809010191006133,0.21259701224709524
19902,0,0.3900457283843498,0.21259701224709524
19909,0,0.2493444864939889,0.21259701224709524
19911,0,0.20322741970667516,0.21259701224709524
19914,1,0.2625128079422658,0.21259701224709524
19918,0,0.23086071240162823,0.21259701224709524
19921,0,0.30747879851977855,0.21259701224709524
19946,0,0.33522979351949844,0.21259701224709524
19950,0,0.23747359154308173,0.21259701224709524
19951,0,0.3083108144502149,0.21259701224709524
19958,0,0.19645773880544337,0.21259701224709524
19964,0,0.23227544359894242,0.21259701224709524
19969,0,0.16081595940538587,0.21259701224709524
19970,0,0.22245876120043118,0.21259701224709524
19989,0,0.2511950399680647,0.21259701224709524
19990,0,0.22254820323947988,0.21259701224709524
19992,0,0.16456614457282906,0.21259701224709524
20001,1,0.2617478597575635,0.21259701224709524
20004,0,0.1825863923341563,0.21259701224709524
20008,0,0.23014388348492565,0.21259701224709524
20010,1,0.26419697768680694,0.21259701224709524
20014,0,0.17272115558788623,0.21259701224709524
20021,0,0.1683256509137173,0.21259701224709524
20023,1,0.16820651351031213,0.21259701224709524
20033,0,0.17576296967005386,0.21259701224709524
20043,0,0.18723253955349095,0.21259701224709524
20047,0,0.1464867752281846,0.21259701224709524
20048,0,0.20245248973841293,0.21259701224709524
20049,0,0.11703048168776045,0.21259701224709524
20062,1,0.25673212793565786,0.21259701224709524
20074,0,0.17427211775601037,0.21259701224709524
20080,1,0.14588009221517792,0.21259701224709524
20088,0,0.13568809733621923,0.21259701224709524
20095,0,0.16669473898751283,0.21259701224709524
20098,0,0.23413175678253784,0.21259701224709524
20103,1,0.18651805958110654,0.21259701224709524
20104,1,0.2555487173953213,0.21259701224709524
20105,0,0.11289227597208301,0.21259701224709524
20106,0,0.19707584562656486,0.21259701224709524
20109,1,0.185448581991858,0.21259701224709524
20118,0,0.2641685839089372,0.21259701224709524
20122,1,0.15636802985431006,0.21259701224709524
20126,0,0.23137156675414822,0.21259701224709524
20129,0,0.24701500006074753,0.21259701224709524
20147,1,0.2621092822447543,0.21259701224709524
20151,1,0.20016650855624124,0.21259701224709524
20154,0,0.2185785873432448,0.21259701224709524
20159,0,0.1524450687208418,0.21259701224709524
20170,1,0.21325548056764645,0.21259701224709524
20174,0,0.1652636103661666,0.21259701224709524
20178,0,0.296649547604005,0.21259701224709524
20179,0,0.33360859004583854,0.21259701224709524
20180,0,0.18791722444604186,0.21259701224709524
20182,1,0.2854820873253271,0.21259701224709524
20187,0,0.3124592042134671,0.21259701224709524
20193,0,0.18029979101093685,0.21259701224709524
20195,0,0.18860986138295024,0.21259701224709524
20205,1,0.27625013067706755,0.21259701224709524
20213,0,0.22175168866605263,0.21259701224709524
20220,0,0.2060319070074251,0.21259701224709524
20221,0,0.211319810045785,0.21259701224709524
20222,0,0.20135398179746059,0.21259701224709524
20225,0,0.15958115213856156,0.21259701224709524
20226,0,0.22237877525047062,0.21259701224709524
20231,0,0.14032105546710635,0.21259701224709524
20232,1,0.30667088092458367,0.21259701224709524
20236,1,0.21296018856619603,0.21259701224709524
20238,0,0.278830373446983,0.21259701224709524
20240,0,0.22453023550882784,0.21259701224709524
20242,0,0.2590370449412233,0.21259701224709524
20244,0,0.1518564086936852,0.21259701224709524
20249,0,0.1702544342079128,0.21259701224709524
20250,0,0.1541745511184702,0.21259701224709524
20255,1,0.2504210941754512,0.21259701224709524
20260,0,0.19444173137819645,0.21259701224709524
20265,1,0.21066956026095918,0.21259701224709524
20266,0,0.20239913822146466,0.21259701224709524
20271,1,0.17429886347717713,0.21259701224709524
20274,0,0.17218574449595564,0.21259701224709524
20278,0,0.15960538319993584,0.21259701224709524
20282,0,0.14610983947317058,0.21259701224709524
20290,0,0.25212038014851357,0.21259701224709524
20291,0,0.1829898247416269,0.21259701224709524
20310,0,0.1767130365377629,0.21259701224709524
20315,0,0.11773867509643127,0.21259701224709524
20320,0,0.054353167352212704,0.21259701224709524
20326,0,0.3399675665706352,0.21259701224709524
20335,0,0.1349718116360335,0.21259701224709524
20344,0,0.2124519938431072,0.21259701224709524
20360,1,0.19022534592602264,0.21259701224709524
20362,0,0.1469423548050281,0.21259701224709524
20370,0,0.25999744080780274,0.21259701224709524
20371,1,0.21366060482577084,0.21259701224709524
20372,0,0.14389347468596866,0.21259701224709524
20373,0,0.22886547338489566,0.21259701224709524
20374,0,0.3203122829449351,0.21259701224709524
20377,0,0.2231916718220437,0.21259701224709524
20384,1,0.23658023830317793,0.21259701224709524
20387,1,0.27365072537205387,0.21259701224709524
20399,0,0.15572571667367863,0.21259701224709524
20407,0,0.1922855707284053,0.21259701224709524
20408,0,0.1826218724295904,0.21259701224709524
20412,0,0.2522008885613301,0.21259701224709524
20415,0,0.3787247103961886,0.21259701224709524
20420,0,0.09879004431402225,0.21259701224709524
20421,0,0.1454890841139075,0.21259701224709524
20424,0,0.13931024534942804,0.21259701224709524
20426,0,0.15820743509254903,0.21259701224709524
20427,0,0.22976892041060515,0.21259701224709524
20434,1,0.23963333316222094,0.21259701224709524
20438,0,0.17033808699022754,0.21259701224709524
20448,0,0.2934400704961651,0.21259701224709524
20454,1,0.188269826881004,0.21259701224709524
20461,0,0.19766386380258957,0.21259701224709524
20482,0,0.233213682979718,0.21259701224709524
20484,0,0.25713736713165464,0.21259701224709524
20485,0,0.10474154083220041,0.21259701224709524
20490,0,0.18177786351887154,0.21259701224709524
20494,1,0.17029171555820202,0.21259701224709524
20498,1,0.2906332877876671,0.21259701224709524
20499,1,0.18080259707146343,0.21259701224709524
20500,0,0.13379665275893596,0.21259701224709524
20513,0,0.3189557415370515,0.21259701224709524
20517,1,0.28302346049391314,0.21259701224709524
20526,1,0.18711705816385826,0.21259701224709524
20539,0,0.15130167236996286,0.21259701224709524
20543,1,0.20400648558933748,0.21259701224709524
20550,0,0.40632898056590644,0.21259701224709524
20562,0,0.1702996516839991,0.21259701224709524
20577,0,0.14027741313658385,0.21259701224709524
20579,0,0.20976846580719846,0.21259701224709524
20581,0,0.12626963728112747,0.21259701224709524
20589,0,0.20859678646203078,0.21259701224709524
20593,0,0.1946444015559857,0.21259701224709524
20600,0,0.2594900407995825,0.21259701224709524
20601,0,0.24031123101294058,0.21259701224709524
20610,1,0.27240813356664056,0.21259701224709524
20613,1,0.23102182383457126,0.21259701224709524
20616,0,0.3189434679120914,0.21259701224709524
20625,0,0.19857187580984453,0.21259701224709524
20626,0,0.11334642563134838,0.21259701224709524
20631,0,0.19825682753134757,0.21259701224709524
20632,0,0.145346662911596,0.21259701224709524
20645,1,0.16346368390757554,0.21259701224709524
20646,0,0.17372460889101157,0.21259701224709524
20648,0,0.1758863772463318,0.21259701224709524
20649,0,0.19877958000439186,0.21259701224709524
20660,1,0.24327703875635862,0.21259701224709524
20662,0,0.1857910611065161,0.21259701224709524
20666,0,0.14198016145506806,0.21259701224709524
20673,0,0.3280267332613551,0.21259701224709524
20675,0,0.1700045297059617,0.21259701224709524
20678,0,0.17806423267737403,0.21259701224709524
20683,0,0.2106667765745613,0.21259701224709524
20686,0,0.25461463159529735,0.21259701224709524
20691,1,0.20672253447739242,0.21259701224709524
20695,1,0.2370147201549748,0.21259701224709524
20700,0,0.2651098694240308,0.21259701224709524
20710,0,0.16408373912519525,0.21259701224709524
20719,0,0.13215406536970367,0.21259701224709524
20724,1,0.16463856580116834,0.21259701224709524
20733,0,0.18608750864464785,0.21259701224709524
20735,0,0.24465643048437774,0.21259701224709524
20738,0,0.2713057336526525,0.21259701224709524
20740,0,0.2313896455531055,0.21259701224709524
20743,0,0.2394189840172515,0.21259701224709524
20746,0,0.2520221845276975,0.21259701224709524
20755,0,0.18116523734273868,0.21259701224709524
20758,1,0.16474957999825815,0.21259701224709524
20761,0,0.14881740001028426,0.21259701224709524
20762,0,0.17884397871855867,0.21259701224709524
20766,1,0.19441548137246584,0.21259701224709524
20774,0,0.2323355427658531,0.21259701224709524
20776,0,0.13726725502678486,0.21259701224709524
20784,1,0.31010156445833725,0.21259701224709524
20787,1,0.2743253575539486,0.21259701224709524
20791,0,0.12987744712580537,0.21259701224709524
20801,1,0.247783529569062,0.21259701224709524
20810,0,0.20360130055377534,0.21259701224709524
20822,0,0.19075132835987713,0.21259701224709524
20825,0,0.12265592627761018,0.21259701224709524
20831,0,0.14056365424665263,0.21259701224709524
20833,0,0.21582952489633325,0.21259701224709524
20845,1,0.2644831750612921,0.21259701224709524
20848,0,0.2650458314627205,0.21259701224709524
20849,0,0.15204671557065394,0.21259701224709524
20854,0,0.16835665439202213,0.21259701224709524
20856,0,0.13937267851458082,0.21259701224709524
20857,0,0.21394241305538356,0.21259701224709524
20861,0,0.21135365936437087,0.21259701224709524
20866,0,0.17606966842166255,0.21259701224709524
20867,0,0.23816139555352286,0.21259701224709524
20868,0,0.15951961657790598,0.21259701224709524
20876,0,0.16296150274668306,0.21259701224709524
20880,0,0.270382955293909,0.21259701224709524
20881,0,0.19612408720919514,0.21259701224709524
20885,0,0.163643477743265,0.21259701224709524
20887,0,0.20701094582674193,0.21259701224709524
20892,1,0.2483922374483932,0.21259701224709524
20895,0,0.1301619032142079,0.21259701224709524
20896,1,0.12840765660063005,0.21259701224709524
20902,0,0.20041570022480634,0.21259701224709524
20905,0,0.17266382659067694,0.21259701224709524
20930,0,0.2604308435071079,0.21259701224709524
20939,1,0.18620389474175725,0.21259701224709524
20940,1,0.24734358972085504,0.21259701224709524
20941,0,0.2000506488981768,0.21259701224709524
20946,0,0.15473378562127557,0.21259701224709524
20949,0,0.16168163595273038,0.21259701224709524
20951,0,0.15857869881454165,0.21259701224709524
20960,0,0.21742103502630067,0.21259701224709524
20969,0,0.2769496811767011,0.21259701224709524
20970,0,0.21991085805692867,0.21259701224709524
20972,0,0.1894695203675073,0.21259701224709524
20974,0,0.170972967477722,0.21259701224709524
20992,0,0.16915318677335198,0.21259701224709524
20993,0,0.15971038758736344,0.21259701224709524
20997,0,0.2853944605708635,0.21259701224709524
20999,1,0.3177077785637241,0.21259701224709524
21002,0,0.12484544799909161,0.21259701224709524
21020,0,0.24517706049079066,0.21259701224709524
21029,0,0.25600995380261404,0.21259701224709524
21032,1,0.22322113040554475,0.21259701224709524
21035,0,0.14057945642321154,0.21259701224709524
21036,0,0.3123865784036418,0.21259701224709524
21037,0,0.15826991787991967,0.21259701224709524
21046,0,0.19021963060763875,0.21259701224709524
21047,0,0.20091554531635986,0.21259701224709524
21051,0,0.16751110784359818,0.21259701224709524
21052,0,0.11933697521567885,0.21259701224709524
21055,0,0.2153125155465786,0.21259701224709524
21056,0,0.2565730170371774,0.21259701224709524
21064,0,0.17725144875493654,0.21259701224709524
21072,0,0.18366276921743047,0.21259701224709524
21077,0,0.16876462707739764,0.21259701224709524
21080,1,0.25509180817129185,0.21259701224709524
21081,1,0.16757743408945333,0.21259701224709524
21085,0,0.22240361941514641,0.21259701224709524
21100,0,0.16416825601035812,0.21259701224709524
21101,0,0.21791826965387778,0.21259701224709524
21109,0,0.24943051781551562,0.21259701224709524
21110,0,0.1342571647395009,0.21259701224709524
21116,0,0.20140986555080675,0.21259701224709524
21123,0,0.19326671967240186,0.21259701224709524
21128,0,0.1277128812435035,0.21259701224709524
21129,0,0.1647950106039289,0.21259701224709524
21153,0,0.16725705486884404,0.21259701224709524
21161,0,0.20422441502133767,0.21259701224709524
21170,0,0.19664042647213711,0.21259701224709524
21171,0,0.14413055206552658,0.21259701224709524
21175,1,0.20285657453323117,0.21259701224709524
21181,0,0.2881939745798729,0.21259701224709524
21189,1,0.3255293555475631,0.21259701224709524
21193,1,0.22043067221932267,0.21259701224709524
21200,0,0.17485670850578736,0.21259701224709524
21203,0,0.26659584638763145,0.21259701224709524
21205,0,0.13113319301842505,0.21259701224709524
21209,0,0.13523999697171304,0.21259701224709524
21211,0,0.1691105304071813,0.21259701224709524
21213,0,0.20525226581146339,0.21259701224709524
21214,0,0.29513157814624796,0.21259701224709524
21221,0,0.15185295406899707,0.21259701224709524
21222,0,0.2796326309668847,0.21259701224709524
21223,0,0.2648935194909817,0.21259701224709524
21229,0,0.19644101558906504,0.21259701224709524
21235,0,0.33028141173506764,0.21259701224709524
21236,1,0.15695314450830206,0.21259701224709524
21241,0,0.1591642827474833,0.21259701224709524
21254,0,0.17414179740197136,0.21259701224709524
21278,0,0.2967648541877362,0.21259701224709524
21284,0,0.25024547333386865,0.21259701224709524
21294,1,0.315496986483423,0.21259701224709524
21295,0,0.2661711718259668,0.21259701224709524
21296,0,0.12347105591542047,0.21259701224709524
21301,1,0.23232571614902925,0.21259701224709524
21305,0,0.2069673931541069,0.21259701224709524
21311,1,0.15910982408676247,0.21259701224709524
21318,0,0.12173637195352573,0.21259701224709524
21324,0,0.25696816593098,0.21259701224709524
21331,0,0.260563394010522,0.21259701224709524
21332,0,0.1895056656474548,0.21259701224709524
21333,1,0.13182690941239736,0.21259701224709524
21334,0,0.18755894085510352,0.21259701224709524
21342,0,0.14105301702903092,0.21259701224709524
21346,0,0.2619542873486601,0.21259701224709524
21347,0,0.32924972035318445,0.21259701224709524
21355,0,0.36088552750254926,0.21259701224709524
21357,1,0.19030377022516823,0.21259701224709524
21364,0,0.2472187375609584,0.21259701224709524
21373,0,0.3269357858991966,0.21259701224709524
21374,0,0.1694636895576704,0.21259701224709524
21393,0,0.1162429427744872,0.21259701224709524
21394,0,0.27206805199293255,0.21259701224709524
21414,0,0.18915782056044347,0.21259701224709524
21422,0,0.24518679402111393,0.21259701224709524
21424,1,0.31008601659087753,0.21259701224709524
21426,0,0.2552889759138169,0.21259701224709524
21432,1,0.33664175476155017,0.21259701224709524
21438,0,0.20360089858006677,0.21259701224709524
21443,0,0.1634924167486233,0.21259701224709524
21446,0,0.2931406515498143,0.21259701224709524
21455,0,0.15458489324042524,0.21259701224709524
21459,0,0.2156904251595745,0.21259701224709524
21471,0,0.1434716202937246,0.21259701224709524
21476,1,0.2197184140978969,0.21259701224709524
21479,0,0.2618239276242601,0.21259701224709524
21483,0,0.3121095747607791,0.21259701224709524
21492,0,0.15711700492684605,0.21259701224709524
21493,1,0.18247641681264481,0.21259701224709524
21499,0,0.21704389060950707,0.21259701224709524
21506,1,0.32510901067878284,0.21259701224709524
21510,0,0.20968739456344018,0.21259701224709524
21514,0,0.14223968236491477,0.21259701224709524
21516,0,0.19807538114917064,0.21259701224709524
21520,0,0.18464844481692802,0.21259701224709524
21524,1,0.1513267115678258,0.21259701224709524
21525,1,0.2921730009287657,0.21259701224709524
21526,0,0.14257219856168118,0.21259701224709524
21529,0,0.1538107514968088,0.21259701224709524
21535,0,0.15869277467298729,0.21259701224709524
21538,0,0.16669374085257424,0.21259701224709524
21548,0,0.2794132851949231,0.21259701224709524
21560,0,0.15232868808630864,0.21259701224709524
21580,0,0.15979484194966992,0.21259701224709524
21584,0,0.15321199011996192,0.21259701224709524
21589,0,0.18296497266492873,0.21259701224709524
21590,1,0.31212028376185874,0.21259701224709524
21594,0,0.3153888167233618,0.21259701224709524
21595,0,0.27864622527911104,0.21259701224709524
21599,0,0.16738420709657156,0.21259701224709524
21606,0,0.2043748134322863,0.21259701224709524
21612,0,0.3154537108428691,0.21259701224709524
21617,0,0.2454852022508217,0.21259701224709524
21620,0,0.23117023111094337,0.21259701224709524
21626,0,0.3466660107683013,0.21259701224709524
21629,0,0.17486504251676618,0.21259701224709524
21635,0,0.13816632100211448,0.21259701224709524
21636,0,0.30090219516320965,0.21259701224709524
21644,0,0.15161728556690177,0.21259701224709524
21651,0,0.2845488177256928,0.21259701224709524
21655,1,0.1642992696845525,0.21259701224709524
21656,1,0.2875531002884676,0.21259701224709524
21657,0,0.12785673900620487,0.21259701224709524
21658,0,0.35364201766385583,0.21259701224709524
21662,0,0.267785790136668,0.21259701224709524
21665,0,0.23142398940866613,0.21259701224709524
21670,0,0.2416061970105926,0.21259701224709524
21672,0,0.1245890931837105,0.21259701224709524
21673,0,0.1369002862113261,0.21259701224709524
21674,0,0.30980329558645303,0.21259701224709524
21677,0,0.26486119335050434,0.21259701224709524
21689,0,0.40929802426139517,0.21259701224709524
21691,0,0.24670495426666583,0.21259701224709524
21694,0,0.26216292280067927,0.21259701224709524
21709,0,0.16667755147632352,0.21259701224709524
21714,1,0.18254115754795683,0.21259701224709524
21715,1,0.1863622569227022,0.21259701224709524
21717,0,0.1835133397897207,0.21259701224709524
21719,0,0.36324286396471245,0.21259701224709524
21724,0,0.1241761187673321,0.21259701224709524
21726,0,0.2970090754764294,0.21259701224709524
21728,1,0.27111094692609744,0.21259701224709524
21730,0,0.27357554989748806,0.21259701224709524
21733,0,0.26461521032072627,0.21259701224709524
21737,0,0.24353901246407142,0.21259701224709524
21740,0,0.1598534622311943,0.21259701224709524
21741,0,0.16712910733614605,0.21259701224709524
21747,0,0.28328657983525585,0.21259701224709524
21762,0,0.1229995231336332,0.21259701224709524
21764,0,0.21339928216359633,0.21259701224709524
21773,1,0.30029728428827235,0.21259701224709524
21775,0,0.19145627702017315,0.21259701224709524
21777,0,0.19782337521678456,0.21259701224709524
21785,1,0.34767668695371146,0.21259701224709524
21789,0,0.20914025467969183,0.21259701224709524
21802,0,0.14667110869650704,0.21259701224709524
21813,0,0.20855792941444995,0.21259701224709524
21818,0,0.24127874442301317,0.21259701224709524
21834,0,0.1931864421231737,0.21259701224709524
21835,0,0.17642968688493102,0.21259701224709524
21842,0,0.17145404029366867,0.21259701224709524
21843,0,0.16544227457267646,0.21259701224709524
21858,0,0.2324552459445272,0.21259701224709524
21861,0,0.18827003849023977,0.21259701224709524
21865,1,0.20593870679427576,0.21259701224709524
21875,0,0.1913363365866405,0.21259701224709524
21879,1,0.1320878385274124,0.21259701224709524
21890,0,0.10339732593476628,0.21259701224709524
21893,0,0.1645181626698983,0.21259701224709524
21902,0,0.2692468284717145,0.21259701224709524
21904,0,0.21922805075518334,0.21259701224709524
21905,1,0.2202727427844689,0.21259701224709524
21910,0,0.20210324575432945,0.21259701224709524
21925,0,0.10476668843820035,0.21259701224709524
21927,1,0.2521925040185419,0.21259701224709524
21942,0,0.1452730059182432,0.21259701224709524
21946,0,0.1840202566206252,0.21259701224709524
21957,1,0.17370261881456842,0.21259701224709524
21968,0,0.18975407232806418,0.21259701224709524
21972,0,0.31458555198344673,0.21259701224709524
21977,0,0.20010323653582718,0.21259701224709524
21983,1,0.17691109895795928,0.21259701224709524
21985,0,0.21148188874636842,0.21259701224709524
21990,0,0.225384314525658,0.21259701224709524
21991,0,0.18225696008911105,0.21259701224709524
21996,0,0.18387965618229782,0.21259701224709524
22012,0,0.2922412410435458,0.21259701224709524
22016,0,0.22525594984285008,0.21259701224709524
22021,0,0.15469482919280864,0.21259701224709524
22022,0,0.22480275726236512,0.21259701224709524
22024,0,0.268697974230422,0.21259701224709524
22030,0,0.21081219726608005,0.21259701224709524
22031,1,0.1444933700348781,0.21259701224709524
22033,0,0.27309380028864005,0.21259701224709524
22035,0,0.20475806922239562,0.21259701224709524
22036,0,0.14264219232079794,0.21259701224709524
22039,1,0.2566325639746146,0.21259701224709524
22041,0,0.19132111853815914,0.21259701224709524
22045,0,0.2136618949399673,0.21259701224709524
22056,0,0.2622943562618273,0.21259701224709524
22060,0,0.26791198800991683,0.21259701224709524
22064,0,0.2111169524674378,0.21259701224709524
22068,1,0.2523352357129555,0.21259701224709524
22070,0,0.20047971765697517,0.21259701224709524
22073,1,0.21189765414713732,0.21259701224709524
22077,0,0.2772194248295407,0.21259701224709524
22079,0,0.13946169327389873,0.21259701224709524
22081,0,0.26580277548561704,0.21259701224709524
22086,1,0.11645262904321549,0.21259701224709524
22088,0,0.22176810483645884,0.21259701224709524
22091,0,0.2991108098645493,0.21259701224709524
22093,0,0.1620679348851937,0.21259701224709524
22094,0,0.23683286093507358,0.21259701224709524
22096,1,0.26239595652278336,0.21259701224709524
22104,0,0.16854179605324238,0.21259701224709524
22105,0,0.15976891729408382,0.21259701224709524
22107,0,0.20295605042044607,0.21259701224709524
22109,0,0.29043957183426516,0.21259701224709524
22110,0,0.13934174521824186,0.21259701224709524
22112,0,0.1935759278513638,0.21259701224709524
22113,0,0.2052260018947073,0.21259701224709524
22128,1,0.2746501486865605,0.21259701224709524
22129,1,0.23367642138044048,0.21259701224709524
22132,0,0.30722609846550253,0.21259701224709524
22135,1,0.3813921201684649,0.21259701224709524
22137,1,0.28136844881452444,0.21259701224709524
22151,0,0.29156094946955824,0.21259701224709524
22155,0,0.10716829035076345,0.21259701224709524
22165,1,0.21021661341206596,0.21259701224709524
22168,0,0.10881241567023503,0.21259701224709524
22169,0,0.20920473233179468,0.21259701224709524
22173,0,0.14594885866932558,0.21259701224709524
22174,0,0.19444567374850302,0.21259701224709524
22177,0,0.15429828177925461,0.21259701224709524
22188,1,0.2829710932247169,0.21259701224709524
22193,0,0.16266681867386978,0.21259701224709524
22198,0,0.1674688527237832,0.21259701224709524
22202,0,0.14100240613661058,0.21259701224709524
22205,1,0.16007258350528455,0.21259701224709524
22209,0,0.34452226024720506,0.21259701224709524
22217,0,0.4558046904357944,0.21259701224709524
22218,0,0.16922256349813727,0.21259701224709524
22221,0,0.31060397600733863,0.21259701224709524
22223,1,0.13357352549065274,0.21259701224709524
22227,0,0.20693336382626404,0.21259701224709524
22231,1,0.3587203315715316,0.21259701224709524
22240,1,0.20657007293507385,0.21259701224709524
22254,0,0.2208474563234841,0.21259701224709524
22255,1,0.2296906281566908,0.21259701224709524
22257,0,0.10543756476634883,0.21259701224709524
22259,0,0.2979883522497784,0.21259701224709524
22261,1,0.21473624621178083,0.21259701224709524
22269,0,0.16631722720811998,0.21259701224709524
22274,1,0.3452963839493064,0.21259701224709524
22288,1,0.18211937501798536,0.21259701224709524
22292,0,0.25341151309734317,0.21259701224709524
22297,0,0.21117992014345174,0.21259701224709524
22303,1,0.11999248663432678,0.21259701224709524
22304,0,0.30750081363814086,0.21259701224709524
22311,0,0.1754585746313243,0.21259701224709524
22316,0,0.27047312677182644,0.21259701224709524
22333,1,0.19255383228923162,0.21259701224709524
22340,1,0.23980693360671324,0.21259701224709524
22349,0,0.30323010876826106,0.21259701224709524
22357,0,0.13432404571671921,0.21259701224709524
22366,0,0.19031351771683666,0.21259701224709524
22368,1,0.2824649634676495,0.21259701224709524
22375,1,0.21653286229758079,0.21259701224709524
22380,0,0.20008716388450953,0.21259701224709524
22381,0,0.20010337973789688,0.21259701224709524
22382,0,0.13582128603973784,0.21259701224709524
22388,0,0.16614444152336072,0.21259701224709524
22389,0,0.14755779663589658,0.21259701224709524
22401,0,0.29153160718069643,0.21259701224709524
22405,0,0.18315122586484114,0.21259701224709524
22417,0,0.16883881871068543,0.21259701224709524
22419,0,0.1213832580045225,0.21259701224709524
22428,0,0.18918158499468926,0.21259701224709524
22432,0,0.22143666259338285,0.21259701224709524
22437,0,0.11955356810494067,0.21259701224709524
22441,0,0.20338872416411427,0.21259701224709524
22446,0,0.15906304151307968,0.21259701224709524
22448,0,0.1641528326425731,0.21259701224709524
22451,0,0.3155828925618055,0.21259701224709524
22454,0,0.22475183006839844,0.21259701224709524
22455,0,0.182757258316369,0.21259701224709524
22462,0,0.1628276461333891,0.21259701224709524
22463,0,0.2107966049670057,0.21259701224709524
22465,0,0.13400270070072326,0.21259701224709524
22477,0,0.276346355008894,0.21259701224709524
22480,0,0.20850415894771912,0.21259701224709524
22487,0,0.19138149103189928,0.21259701224709524
22500,0,0.3877800485577314,0.21259701224709524
22501,1,0.2300288270562152,0.21259701224709524
22508,0,0.12976587061491465,0.21259701224709524
22509,0,0.25493746454258315,0.21259701224709524
22511,0,0.14443524515868555,0.21259701224709524
22519,0,0.15229010782561234,0.21259701224709524
22529,0,0.1585238079494635,0.21259701224709524
22530,1,0.18436984077259208,0.21259701224709524
22531,0,0.2795389420614849,0.21259701224709524
22532,1,0.13606484119766032,0.21259701224709524
22534,1,0.1864463469989839,0.21259701224709524
22544,1,0.2384607071905532,0.21259701224709524
22548,1,0.19664729545437235,0.21259701224709524
22549,0,0.28619516137927514,0.21259701224709524
22554,1,0.19375262799107595,0.21259701224709524
22557,0,0.2448639924030876,0.21259701224709524
22561,0,0.3312883438930525,0.21259701224709524
22563,0,0.12985155769593304,0.21259701224709524
22565,0,0.26400351555224066,0.21259701224709524
22567,0,0.17680812879995642,0.21259701224709524
22571,0,0.15373260351643625,0.21259701224709524
22573,0,0.09716362369924221,0.21259701224709524
22578,0,0.27568287425800064,0.21259701224709524
22585,0,0.11307531341613929,0.21259701224709524
22588,0,0.36031828790239845,0.21259701224709524
22590,1,0.2945172626905872,0.21259701224709524
22598,0,0.2930844391912752,0.21259701224709524
22599,0,0.2557682423627354,0.21259701224709524
22602,0,0.26951207121410653,0.21259701224709524
22603,0,0.27029867550394665,0.21259701224709524
22607,0,0.19928318414352866,0.21259701224709524
22613,0,0.09432240748575561,0.21259701224709524
22616,0,0.14328162650161438,0.21259701224709524
22621,1,0.23205273410243651,0.21259701224709524
22626,0,0.15189824638520225,0.21259701224709524
22627,0,0.18753034339808514,0.21259701224709524
22628,0,0.16635321700588973,0.21259701224709524
22629,0,0.2594657637115817,0.21259701224709524
22632,1,0.32286444912487017,0.21259701224709524
22635,0,0.173409825566594,0.21259701224709524
22654,0,0.17188454795854125,0.21259701224709524
22659,0,0.2998107719034164,0.21259701224709524
22669,0,0.18611053952533516,0.21259701224709524
22679,0,0.3115257696841685,0.21259701224709524
22688,0,0.17868009445542943,0.21259701224709524
22689,0,0.2043599052662254,0.21259701224709524
22692,0,0.19525091290992505,0.21259701224709524
22698,0,0.2840325042155863,0.21259701224709524
22700,0,0.21023787071940844,0.21259701224709524
22701,0,0.14817374290348814,0.21259701224709524
22705,1,0.27227564083555555,0.21259701224709524
22710,0,0.3133808525886539,0.21259701224709524
22717,0,0.2122228471338953,0.21259701224709524
22721,0,0.2373693449860494,0.21259701224709524
22724,0,0.3260936135378283,0.21259701224709524
22732,0,0.15946298214533347,0.21259701224709524
22734,1,0.13330085387258783,0.21259701224709524
22735,0,0.3751724277732258,0.21259701224709524
22737,0,0.27564045817645644,0.21259701224709524
22739,0,0.14896557789891093,0.21259701224709524
22748,1,0.19869833787465507,0.21259701224709524
22754,0,0.25927918067113653,0.21259701224709524
22756,1,0.26253333768198206,0.21259701224709524
22762,0,0.13206037978028387,0.21259701224709524
22764,0,0.3592952040618863,0.21259701224709524
22770,0,0.1449541031504777,0.21259701224709524
22771,0,0.155895194324219,0.21259701224709524
22782,0,0.19406446449526218,0.21259701224709524
22785,0,0.13971978201739982,0.21259701224709524
22788,1,0.13521186474539884,0.21259701224709524
22792,0,0.13791904944845212,0.21259701224709524
22795,0,0.188134737039721,0.21259701224709524
22797,0,0.25217889659791565,0.21259701224709524
22800,1,0.2438910607394531,0.21259701224709524
22805,0,0.11980982281485854,0.21259701224709524
22811,0,0.16788071523416837,0.21259701224709524
22814,0,0.2612290941127201,0.21259701224709524
22818,1,0.2555730710101396,0.21259701224709524
22819,1,0.16980014774216515,0.21259701224709524
22824,0,0.21975155267062643,0.21259701224709524
22830,0,0.2675961935048603,0.21259701224709524
22837,1,0.19469254590758908,0.21259701224709524
22848,0,0.18888451748605997,0.21259701224709524
22853,0,0.14299015705709567,0.21259701224709524
22857,0,0.21260661249257828,0.21259701224709524
22865,0,0.22688576536626132,0.21259701224709524
22877,0,0.36187922574150283,0.21259701224709524
22883,1,0.20156609213217955,0.21259701224709524
22888,1,0.30096178105061383,0.21259701224709524
22896,1,0.3091632238673068,0.21259701224709524
22904,0,0.20525472532756484,0.21259701224709524
22906,1,0.2903995592055547,0.21259701224709524
22915,1,0.2881974346075606,0.21259701224709524
22924,0,0.18349095072781815,0.21259701224709524
22927,1,0.22694867239325414,0.21259701224709524
22943,0,0.19952551774286237,0.21259701224709524
22946,0,0.17325148143135077,0.21259701224709524
22947,0,0.27763361062600544,0.21259701224709524
22950,1,0.1217199197544035,0.21259701224709524
22951,0,0.2041855557250196,0.21259701224709524
22952,0,0.21191943489939571,0.21259701224709524
22957,0,0.20965340202830227,0.21259701224709524
22960,0,0.1372955495588098,0.21259701224709524
22961,0,0.20543699461880696,0.21259701224709524
22965,1,0.28329115762212803,0.21259701224709524
22970,0,0.2313116801586683,0.21259701224709524
22973,1,0.15340192253518617,0.21259701224709524
22980,0,0.1399626569497063,0.21259701224709524
22982,0,0.2695282726491564,0.21259701224709524
22985,1,0.32751524502551166,0.21259701224709524
22986,1,0.19546570749378073,0.21259701224709524
22987,0,0.23167052572301675,0.21259701224709524
22989,0,0.2122267659500091,0.21259701224709524
22997,0,0.2575187527220796,0.21259701224709524
22999,0,0.20767857157073083,0.21259701224709524
23000,0,0.3441280254308567,0.21259701224709524
23001,0,0.14548379628622435,0.21259701224709524
23007,1,0.2847585399094201,0.21259701224709524
23012,0,0.22232002889901997,0.21259701224709524
23013,0,0.1906397868398877,0.21259701224709524
23015,0,0.22486754070464154,0.21259701224709524
23016,0,0.21413736976086412,0.21259701224709524
23019,0,0.13745570429932483,0.21259701224709524
23031,0,0.19781508783868965,0.21259701224709524
23032,1,0.20051435950078395,0.21259701224709524
23035,1,0.28102350583887037,0.21259701224709524
23048,0,0.3348273860698074,0.21259701224709524
23052,0,0.1992690155829774,0.21259701224709524
23058,0,0.20326065895163267,0.21259701224709524
23086,0,0.19259265988593927,0.21259701224709524
23087,1,0.22759538311848718,0.21259701224709524
23088,1,0.14477539293548594,0.21259701224709524
23090,0,0.16773396263556156,0.21259701224709524
23092,1,0.26200066381449433,0.21259701224709524
23097,0,0.2385032871964372,0.21259701224709524
23100,0,0.18756383081492636,0.21259701224709524
23107,0,0.28858080589837903,0.21259701224709524
23109,0,0.1587234810536505,0.21259701224709524
23116,0,0.1527986443655061,0.21259701224709524
23117,0,0.13678295020256298,0.21259701224709524
23118,0,0.2093170245731954,0.21259701224709524
23123,0,0.15746612269176627,0.21259701224709524
23126,0,0.18206148784929552,0.21259701224709524
23136,0,0.20087886717500886,0.21259701224709524
23139,0,0.20188550388890855,0.21259701224709524
23141,1,0.33879245384214063,0.21259701224709524
23150,1,0.2925392453451566,0.21259701224709524
23154,0,0.1351792927557666,0.21259701224709524
23156,0,0.15522447544104181,0.21259701224709524
23165,0,0.19126350451273158,0.21259701224709524
23169,0,0.36980362152236773,0.21259701224709524
23173,0,0.17632452849681043,0.21259701224709524
23177,0,0.31312521948296007,0.21259701224709524
23178,0,0.14016123744358935,0.21259701224709524
23189,0,0.35975978186057467,0.21259701224709524
23190,1,0.3119763033480117,0.21259701224709524
23192,0,0.20322839226970946,0.21259701224709524
23201,0,0.26990803049385625,0.21259701224709524
23208,0,0.15795271038910308,0.21259701224709524
23214,0,0.27230411653359743,0.21259701224709524
23218,0,0.3099001594357142,0.21259701224709524
23227,1,0.18013552384698922,0.21259701224709524
23230,0,0.15291195060506188,0.21259701224709524
23232,0,0.1267252751213758,0.21259701224709524
23247,0,0.11568526675322688,0.21259701224709524
23250,0,0.31118598943362447,0.21259701224709524
23256,0,0.33942717075590856,0.21259701224709524
23259,0,0.30703777057173626,0.21259701224709524
23262,1,0.18087569796606648,0.21259701224709524
23263,0,0.3518480078612736,0.21259701224709524
23266,0,0.15026990103564783,0.21259701224709524
23276,0,0.18099264036659604,0.21259701224709524
23278,0,0.21663480750321734,0.21259701224709524
23280,1,0.22492700917914055,0.21259701224709524
23284,0,0.20391214868785917,0.21259701224709524
23287,0,0.1933969385556538,0.21259701224709524
23288,0,0.18733971209327402,0.21259701224709524
23292,0,0.27920284935288336,0.21259701224709524
23294,0,0.26714448251550355,0.21259701224709524
23297,0,0.1148288320042949,0.21259701224709524
23298,0,0.22675647805029078,0.21259701224709524
23311,0,0.24999021920704562,0.21259701224709524
23314,1,0.3118988861463576,0.21259701224709524
23315,0,0.2634167947478932,0.21259701224709524
23317,1,0.32089397439638356,0.21259701224709524
23320,0,0.19426999107385515,0.21259701224709524
23328,1,0.17720109984109392,0.21259701224709524
23331,0,0.2030342550220994,0.21259701224709524
23332,0,0.1984425260337848,0.21259701224709524
23333,0,0.23104006960151424,0.21259701224709524
23339,0,0.2409055071419981,0.21259701224709524
23343,0,0.1558105452528657,0.21259701224709524
23355,0,0.3246407022727617,0.21259701224709524
23368,0,0.24680215736964775,0.21259701224709524
23369,0,0.1785771023933035,0.21259701224709524
23370,0,0.20237259624990214,0.21259701224709524
23372,1,0.28187492371057976,0.21259701224709524
23373,0,0.25039259170885725,0.21259701224709524
23377,1,0.2842741532639933,0.21259701224709524
23390,0,0.16846477625154324,0.21259701224709524
23391,1,0.21235582838809225,0.21259701224709524
23398,0,0.16027066087952815,0.21259701224709524
23401,1,0.23829372386878991,0.21259701224709524
23403,0,0.1748354699143569,0.21259701224709524
23405,0,0.1462614850012325,0.21259701224709524
23407,0,0.2875253392068627,0.21259701224709524
23409,0,0.172518209705034,0.21259701224709524
23410,0,0.2004246575473031,0.21259701224709524
23415,1,0.19900684177151548,0.21259701224709524
23424,0,0.25965402022829986,0.21259701224709524
23425,0,0.19210270327953996,0.21259701224709524
23431,0,0.2624247743431834,0.21259701224709524
23446,0,0.19205079648183984,0.21259701224709524
23448,1,0.3149444844602801,0.21259701224709524
23461,0,0.18963592666575294,0.21259701224709524
23467,0,0.19551372587536436,0.21259701224709524
23469,0,0.2273970132324585,0.21259701224709524
23475,0,0.18366987598386567,0.21259701224709524
23479,0,0.30044168223963175,0.21259701224709524
23483,0,0.15353852166447368,0.21259701224709524
23486,0,0.19523410492352158,0.21259701224709524
23487,1,0.2642493125696907,0.21259701224709524
23491,0,0.19784935820466792,0.21259701224709524
23492,0,0.1598259166139441,0.21259701224709524
23494,0,0.30571065554554405,0.21259701224709524
23496,0,0.178336213458664,0.21259701224709524
23518,0,0.1839374790268118,0.21259701224709524
23532,0,0.2552887107214207,0.21259701224709524
23538,0,0.2036389696204795,0.21259701224709524
23546,1,0.3333095367790493,0.21259701224709524
23561,1,0.2039382773382921,0.21259701224709524
23562,0,0.14254232070609787,0.21259701224709524
23567,0,0.10976048598474628,0.21259701224709524
23573,0,0.09831901352241781,0.21259701224709524
23579,0,0.24582677940652514,0.21259701224709524
23580,1,0.1384256279508971,0.21259701224709524
23581,1,0.29567922482207964,0.21259701224709524
23588,1,0.22772441138386879,0.21259701224709524
23594,0,0.2668761384682457,0.21259701224709524
23599,0,0.18011370873734764,0.21259701224709524
23602,0,0.3625561181149327,0.21259701224709524
23603,0,0.19634128984487872,0.21259701224709524
23605,0,0.1892695102493362,0.21259701224709524
23608,0,0.23085954624576502,0.21259701224709524
23609,0,0.12188865767820506,0.21259701224709524
23610,0,0.22726827190716675,0.21259701224709524
23619,1,0.18623588722108195,0.21259701224709524
23626,0,0.2764501730147299,0.21259701224709524
23629,0,0.14521496211867382,0.21259701224709524
23642,0,0.20513221759406836,0.21259701224709524
23655,1,0.2550270719817894,0.21259701224709524
23657,0,0.22555473025644965,0.21259701224709524
23663,1,0.20634996470894398,0.21259701224709524
23666,0,0.2769863142343793,0.21259701224709524
23671,0,0.15330815063120018,0.21259701224709524
23680,0,0.21121166643377795,0.21259701224709524
23682,0,0.20269678730925525,0.21259701224709524
23696,0,0.18408802662957727,0.21259701224709524
23700,0,0.17230090529792214,0.21259701224709524
23702,0,0.14404624362898913,0.21259701224709524
23705,1,0.16507894013070096,0.21259701224709524
23707,0,0.2570415698520826,0.21259701224709524
23711,1,0.3560691725823089,0.21259701224709524
23712,0,0.12918631769761127,0.21259701224709524
23716,1,0.17660050215713882,0.21259701224709524
23720,1,0.18687425006875527,0.21259701224709524
23721,0,0.13615084794169474,0.21259701224709524
23723,0,0.19799242790147803,0.21259701224709524
23726,0,0.25034634243909,0.21259701224709524
23729,0,0.3450897574747209,0.21259701224709524
23733,0,0.15900710615731292,0.21259701224709524
23744,0,0.1850023493059631,0.21259701224709524
23745,0,0.2382805191532047,0.21259701224709524
23747,0,0.174448117738143,0.21259701224709524
23748,0,0.23237116893616297,0.21259701224709524
23750,0,0.23301807511265313,0.21259701224709524
23754,0,0.19916776542186582,0.21259701224709524
23767,0,0.17253696314540284,0.21259701224709524
23778,0,0.2377520239924977,0.21259701224709524
23788,1,0.15928633546289997,0.21259701224709524
23794,0,0.1737974804457473,0.21259701224709524
23796,0,0.14095196448909364,0.21259701224709524
23797,0,0.19667613052183766,0.21259701224709524
23805,0,0.14932595459973724,0.21259701224709524
23806,0,0.2778263441760678,0.21259701224709524
23807,0,0.18425744586074144,0.21259701224709524
23809,0,0.1947323933131166,0.21259701224709524
23825,0,0.13730264931644678,0.21259701224709524
23827,0,0.18637478278561787,0.21259701224709524
23828,0,0.19868184194728547,0.21259701224709524
23834,0,0.24775219917386956,0.21259701224709524
23846,0,0.30184335552232167,0.21259701224709524
23848,0,0.22299802991137596,0.21259701224709524
23851,1,0.30372858418042825,0.21259701224709524
23858,0,0.2219484625598538,0.21259701224709524
23867,0,0.15197978513245136,0.21259701224709524
23869,1,0.17325613044748628,0.21259701224709524
23877,0,0.2585249418091727,0.21259701224709524
23879,0,0.1971049456210881,0.21259701224709524
23882,0,0.12674359726318765,0.21259701224709524
23883,0,0.1339191884521577,0.21259701224709524
23887,0,0.2164475610346002,0.21259701224709524
23888,1,0.20237223157101578,0.21259701224709524
23889,0,0.13236578578003247,0.21259701224709524
23892,0,0.23742034351374258,0.21259701224709524
23903,0,0.14332824466572838,0.21259701224709524
23910,0,0.10867337946757309,0.21259701224709524
23916,0,0.22553537058058926,0.21259701224709524
23917,0,0.19347388127996062,0.21259701224709524
23922,0,0.1594948319416665,0.21259701224709524
23925,1,0.33035716231196677,0.21259701224709524
23928,0,0.20178439175237553,0.21259701224709524
23930,1,0.2849164025595991,0.21259701224709524
23935,0,0.2290266033567586,0.21259701224709524
23936,0,0.18471124263373753,0.21259701224709524
23946,0,0.1831745852968649,0.21259701224709524
23966,0,0.25125162935829165,0.21259701224709524
23968,0,0.24342733201732297,0.21259701224709524
23976,0,0.30818418491449445,0.21259701224709524
23992,1,0.1982918410900705,0.21259701224709524
24008,0,0.29030843333610007,0.21259701224709524
24013,0,0.21900599229129855,0.21259701224709524
24015,0,0.13759872399925693,0.21259701224709524
24017,1,0.3859740379696203,0.21259701224709524
24026,0,0.3231038676333435,0.21259701224709524
24032,0,0.3578060770897234,0.21259701224709524
24041,1,0.2658171474558296,0.21259701224709524
24048,1,0.1414186333843435,0.21259701224709524
24049,1,0.28831791321622086,0.21259701224709524
24056,0,0.23917401675840114,0.21259701224709524
24057,0,0.17549306398871514,0.21259701224709524
24066,0,0.23069699696205465,0.21259701224709524
24068,0,0.15959144647025952,0.21259701224709524
24075,1,0.3070024377209434,0.21259701224709524
24089,0,0.20757670108452436,0.21259701224709524
24101,0,0.20114260785951593,0.21259701224709524
24104,0,0.2928933157880378,0.21259701224709524
24107,0,0.13750877984471044,0.21259701224709524
24109,1,0.3527496192962625,0.21259701224709524
24114,1,0.15376040981204792,0.21259701224709524
24118,0,0.12229713542740915,0.21259701224709524
24121,0,0.23213772992848697,0.21259701224709524
24122,0,0.14736887930967527,0.21259701224709524
24127,0,0.2048703578971196,0.21259701224709524
24131,0,0.29014908539995166,0.21259701224709524
24134,0,0.14047704075510603,0.21259701224709524
24138,0,0.23114826883325051,0.21259701224709524
24139,0,0.19207001065118112,0.21259701224709524
24140,0,0.18079194870377996,0.21259701224709524
24148,0,0.3369306922444254,0.21259701224709524
24156,0,0.30688136167514013,0.21259701224709524
24162,0,0.25090620564643873,0.21259701224709524
24165,1,0.2702501008994117,0.21259701224709524
24170,0,0.14959583534894028,0.21259701224709524
24174,0,0.19391593130430376,0.21259701224709524
24175,0,0.1962580456705241,0.21259701224709524
24182,0,0.36917751353995404,0.21259701224709524
24184,0,0.13254715480542117,0.21259701224709524
24185,0,0.15868119305061806,0.21259701224709524
24189,0,0.14028903167760107,0.21259701224709524
24192,1,0.2458817971607916,0.21259701224709524
24199,0,0.15636464208803574,0.21259701224709524
24206,0,0.305627203224097,0.21259701224709524
24216,1,0.26800716090280474,0.21259701224709524
24222,0,0.27423116599084063,0.21259701224709524
24227,0,0.24061286436116844,0.21259701224709524
24233,0,0.22882222872150385,0.21259701224709524
24234,0,0.17784627386379787,0.21259701224709524
24239,0,0.15169106074210587,0.21259701224709524
24244,0,0.19669668896327686,0.21259701224709524
24249,0,0.296542263615578,0.21259701224709524
24250,1,0.19200570442835505,0.21259701224709524
24254,1,0.18767777052855217,0.21259701224709524
24256,0,0.2844785317411346,0.21259701224709524
24267,1,0.18520517013501755,0.21259701224709524
24271,0,0.12603336493551553,0.21259701224709524
24272,0,0.2199706373119663,0.21259701224709524
24277,1,0.2563407475248226,0.21259701224709524
24279,1,0.2559352102111736,0.21259701224709524
24284,0,0.12546375065679213,0.21259701224709524
24286,0,0.18748241338809213,0.21259701224709524
24287,1,0.3750491072724632,0.21259701224709524
24294,0,0.26756555690896133,0.21259701224709524
24295,1,0.24003508638701573,0.21259701224709524
24306,1,0.1902573346503234,0.21259701224709524
24315,0,0.12831416174192478,0.21259701224709524
24316,0,0.24835253563813667,0.21259701224709524
24323,0,0.1323677686255473,0.21259701224709524
24325,0,0.2826365096184093,0.21259701224709524
24326,0,0.17937399557848457,0.21259701224709524
24338,0,0.2511834761541454,0.21259701224709524
24340,0,0.16918288297073086,0.21259701224709524
24347,1,0.11102031095209718,0.21259701224709524
24349,0,0.27272145663389286,0.21259701224709524
24352,0,0.07962595546995925,0.21259701224709524
24358,0,0.11403168197095127,0.21259701224709524
24362,0,0.2626079294758937,0.21259701224709524
24363,0,0.16023541903711658,0.21259701224709524
24365,0,0.2904639281279989,0.21259701224709524
24382,0,0.2727765933778786,0.21259701224709524
24386,0,0.11997229466321652,0.21259701224709524
24389,0,0.29861443518152503,0.21259701224709524
24396,0,0.21802726724449129,0.21259701224709524
24397,0,0.13692834694077538,0.21259701224709524
24401,0,0.2531706081240662,0.21259701224709524
24403,0,0.18804349416903376,0.21259701224709524
24405,0,0.12958911303514112,0.21259701224709524
24406,0,0.18746970333209345,0.21259701224709524
24408,0,0.16012582353930518,0.21259701224709524
24412,0,0.19323231532806837,0.21259701224709524
24416,0,0.1920590183843268,0.21259701224709524
24423,0,0.36051728247527315,0.21259701224709524
24425,0,0.2619666601702969,0.21259701224709524
24429,0,0.2402854105944341,0.21259701224709524
24432,0,0.24472516912481107,0.21259701224709524
24436,0,0.2749440339396232,0.21259701224709524
24440,0,0.1615413200618417,0.21259701224709524
24444,0,0.1276586637390321,0.21259701224709524
24446,0,0.18901526202963623,0.21259701224709524
24449,0,0.1386654871140537,0.21259701224709524
24450,0,0.23754979303389842,0.21259701224709524
24456,0,0.17039121282175698,0.21259701224709524
24460,0,0.26039276554130264,0.21259701224709524
24463,0,0.3466315573336991,0.21259701224709524
24470,0,0.12968097992597027,0.21259701224709524
24471,0,0.1682975283819238,0.21259701224709524
24473,1,0.03430727073304544,0.21259701224709524
24477,0,0.24240459561160818,0.21259701224709524
24481,0,0.36223455383685343,0.21259701224709524
24483,0,0.19336497259156696,0.21259701224709524
24487,0,0.23590163430810224,0.21259701224709524
24497,0,0.20730325318362264,0.21259701224709524
24500,0,0.11899940815395627,0.21259701224709524
24506,0,0.17638284047654557,0.21259701224709524
24507,0,0.22749240235558665,0.21259701224709524
24510,0,0.28340437772604066,0.21259701224709524
24514,0,0.15610456472846884,0.21259701224709524
24527,1,0.2177815249172552,0.21259701224709524
24533,0,0.22043138929171843,0.21259701224709524
24536,1,0.2719642798058264,0.21259701224709524
24537,1,0.29547999518152424,0.21259701224709524
24539,1,0.33313546870635913,0.21259701224709524
24542,0,0.17026865980278666,0.21259701224709524
24544,0,0.23538986228803546,0.21259701224709524
24553,0,0.1822445719713881,0.21259701224709524
24564,0,0.2380933093739457,0.21259701224709524
24569,0,0.1547537195522866,0.21259701224709524
24580,0,0.31883592112040066,0.21259701224709524
24596,0,0.41571098829496506,0.21259701224709524
24597,0,0.20565016406990472,0.21259701224709524
24604,0,0.2572747429564766,0.21259701224709524
24607,0,0.3269652664582982,0.21259701224709524
24615,0,0.14572874369736896,0.21259701224709524
24620,0,0.16059690450198932,0.21259701224709524
24623,0,0.40128499898467074,0.21259701224709524
24625,1,0.21246597006919332,0.21259701224709524
24627,0,0.15531747172005067,0.21259701224709524
24635,0,0.23412134167484772,0.21259701224709524
24638,1,0.2321154542832117,0.21259701224709524
24640,0,0.18019655315607844,0.21259701224709524
24643,0,0.15555883226773376,0.21259701224709524
24656,0,0.20626114424872508,0.21259701224709524
24667,0,0.13495440299045705,0.21259701224709524
24675,0,0.27314101453223866,0.21259701224709524
24678,0,0.18416266123461172,0.21259701224709524
24694,0,0.09053470594787418,0.21259701224709524
24699,1,0.22980530684833733,0.21259701224709524
24720,0,0.18870823327116215,0.21259701224709524
24725,0,0.1313854376605263,0.21259701224709524
24736,0,0.17244287334724032,0.21259701224709524
24742,0,0.306122511304001,0.21259701224709524
24753,0,0.15203444142581407,0.21259701224709524
24754,0,0.24715137237532636,0.21259701224709524
24757,0,0.23585867411829128,0.21259701224709524
24778,0,0.2542860610605268,0.21259701224709524
24781,0,0.2522467493654356,0.21259701224709524
24790,0,0.37751310599965926,0.21259701224709524
24797,0,0.32322500815367256,0.21259701224709524
24802,0,0.10892780091880787,0.21259701224709524
24803,1,0.19337159759158415,0.21259701224709524
24812,0,0.1320837491522375,0.21259701224709524
24819,0,0.2920576788123517,0.21259701224709524
24835,0,0.1638439038052049,0.21259701224709524
24837,0,0.14230765778591642,0.21259701224709524
24850,0,0.17068026915385087,0.21259701224709524
24858,0,0.19962945433674192,0.21259701224709524
24859,0,0.17849308988097362,0.21259701224709524
24860,0,0.17151827458810381,0.21259701224709524
24865,0,0.23907780680559032,0.21259701224709524
24874,0,0.20331991780435685,0.21259701224709524
24877,0,0.1565539588835447,0.21259701224709524
24879,0,0.23771513337381792,0.21259701224709524
24881,0,0.13736834361986333,0.21259701224709524
24884,0,0.18167820147666722,0.21259701224709524
24886,0,0.34928829484727997,0.21259701224709524
24887,1,0.28778624027661565,0.21259701224709524
24891,1,0.17249234157522242,0.21259701224709524
24897,0,0.1713279412667192,0.21259701224709524
24908,0,0.20438651775874753,0.21259701224709524
24911,0,0.26661057409583977,0.21259701224709524
24913,0,0.22895267138289885,0.21259701224709524
24914,0,0.2789967829953494,0.21259701224709524
24915,0,0.16904461452247327,0.21259701224709524
24916,0,0.22623096170670356,0.21259701224709524
24919,1,0.12298371147922262,0.21259701224709524
24924,1,0.202998284303526,0.21259701224709524
24926,1,0.17134512759305578,0.21259701224709524
24931,0,0.14803968795197622,0.21259701224709524
24933,0,0.24558451754438532,0.21259701224709524
24937,0,0.3172997747183381,0.21259701224709524
24938,0,0.1519670629836871,0.21259701224709524
24942,0,0.09189220528149035,0.21259701224709524
24949,1,0.29271080724037873,0.21259701224709524
24950,0,0.18773093495266535,0.21259701224709524
24951,0,0.19432741809733867,0.21259701224709524
24954,0,0.20545218556957057,0.21259701224709524
24958,1,0.12892718644624857,0.21259701224709524
24964,0,0.2586005590425212,0.21259701224709524
24966,0,0.1736861484507208,0.21259701224709524
24967,0,0.15513178365909966,0.21259701224709524
24972,0,0.13596307731228188,0.21259701224709524
24976,0,0.2117029214927163,0.21259701224709524
24989,0,0.2767158533124014,0.21259701224709524
24990,0,0.17155285906202045,0.21259701224709524
24993,0,0.11931235599270612,0.21259701224709524
25004,1,0.31820586969702097,0.21259701224709524
25007,0,0.1770685296880678,0.21259701224709524
25010,0,0.184336759023065,0.21259701224709524
25011,0,0.31537543761260545,0.21259701224709524
25013,1,0.1407802722752442,0.21259701224709524
25029,0,0.21791711367771271,0.21259701224709524
25033,0,0.21601588297170154,0.21259701224709524
25035,0,0.2429729690302735,0.21259701224709524
25044,1,0.16409338863902037,0.21259701224709524
25051,0,0.17094170477980464,0.21259701224709524
25053,0,0.19678813430534356,0.21259701224709524
25062,0,0.18056370427375404,0.21259701224709524
25070,0,0.16031007478266177,0.21259701224709524
25075,0,0.3028007868069418,0.21259701224709524
25084,1,0.14174929983761506,0.21259701224709524
25086,0,0.14824675738442672,0.21259701224709524
25087,1,0.12798212061623776,0.21259701224709524
25088,0,0.1964251348037362,0.21259701224709524
25091,1,0.22371536417642204,0.21259701224709524
25092,1,0.34623655683048754,0.21259701224709524
25096,0,0.13275775470273937,0.21259701224709524
25101,0,0.1483638759675956,0.21259701224709524
25102,1,0.2784723901171412,0.21259701224709524
25113,0,0.17156605180415832,0.21259701224709524
25114,1,0.26651139431940085,0.21259701224709524
25118,0,0.14522764787842526,0.21259701224709524
25122,1,0.2382054582851721,0.21259701224709524
25123,0,0.19103827408697197,0.21259701224709524
25124,1,0.31033254713955905,0.21259701224709524
25141,0,0.19125684407358645,0.21259701224709524
25153,1,0.058025970151439385,0.21259701224709524
25156,0,0.24291667047939872,0.21259701224709524
25160,0,0.19758001033578998,0.21259701224709524
25166,1,0.3422750000500137,0.21259701224709524
25167,0,0.13732095739650785,0.21259701224709524
25170,1,0.2315714063416976,0.21259701224709524
25171,1,0.3548755415129363,0.21259701224709524
25175,0,0.15160957231990338,0.21259701224709524
25185,0,0.20215536941035778,0.21259701224709524
25196,0,0.18303205114256219,0.21259701224709524
25198,0,0.17601803382983577,0.21259701224709524
25210,0,0.1583081873581379,0.21259701224709524
25214,1,0.17720857579726187,0.21259701224709524
25220,0,0.28006789445684616,0.21259701224709524
25226,1,0.2786019641095148,0.21259701224709524
25230,0,0.2032664768909639,0.21259701224709524
25238,0,0.22259151261615445,0.21259701224709524
25244,0,0.17732209418119857,0.21259701224709524
25252,0,0.1651590196343892,0.21259701224709524
25255,1,0.1804464823011218,0.21259701224709524
25259,1,0.27713781705168855,0.21259701224709524
25260,0,0.1322757363086667,0.21259701224709524
25273,0,0.261071565226496,0.21259701224709524
25285,0,0.1597211057935874,0.21259701224709524
25289,0,0.2154863785345481,0.21259701224709524
25292,0,0.3599052017130957,0.21259701224709524
25295,0,0.14872826954013466,0.21259701224709524
25298,0,0.3121976293656798,0.21259701224709524
25299,0,0.27599946885123283,0.21259701224709524
25302,1,0.20826584727825354,0.21259701224709524
25303,1,0.18620280421946336,0.21259701224709524
25304,0,0.23887931538015583,0.21259701224709524
25315,0,0.18088641577652342,0.21259701224709524
25318,0,0.2900082766150567,0.21259701224709524
25323,0,0.3090154179160934,0.21259701224709524
25324,0,0.3228959336953758,0.21259701224709524
25326,0,0.1731895157764409,0.21259701224709524
25332,0,0.33369118310750034,0.21259701224709524
25341,1,0.2433350838156894,0.21259701224709524
25344,0,0.2565778980044559,0.21259701224709524
25349,1,0.2886475903643147,0.21259701224709524
25352,0,0.22253998668954275,0.21259701224709524
25355,0,0.1610586937461927,0.21259701224709524
25359,0,0.29119694053699924,0.21259701224709524
25361,0,0.22110745482827554,0.21259701224709524
25374,0,0.22740872955683827,0.21259701224709524
25379,0,0.2264035805241291,0.21259701224709524
25386,0,0.3091005267036298,0.21259701224709524
25388,0,0.2908900907664852,0.21259701224709524
25389,0,0.1199413387653326,0.21259701224709524
25396,0,0.2535807154449159,0.21259701224709524
25399,0,0.28881708614961493,0.21259701224709524
25402,0,0.1469944079653125,0.21259701224709524
25409,0,0.29020021465754087,0.21259701224709524
25412,0,0.3488627763125863,0.21259701224709524
25432,0,0.17598323251413928,0.21259701224709524
25435,0,0.17674099556593686,0.21259701224709524
25439,0,0.18549237750677694,0.21259701224709524
25450,0,0.2245896535559214,0.21259701224709524
25453,0,0.3027685054463505,0.21259701224709524
25457,0,0.16214149382911486,0.21259701224709524
25467,0,0.12073312753579206,0.21259701224709524
25471,0,0.22441548392272093,0.21259701224709524
25474,0,0.1864195545413109,0.21259701224709524
25475,1,0.21582829849996388,0.21259701224709524
25479,0,0.20263330988376246,0.21259701224709524
25480,1,0.26260202914702474,0.21259701224709524
25481,0,0.1612741270601243,0.21259701224709524
25487,0,0.22972049457597726,0.21259701224709524
25489,1,0.17773267097209636,0.21259701224709524
25493,0,0.11426348209595423,0.21259701224709524
25494,0,0.2469916653880385,0.21259701224709524
25498,0,0.24829983490788665,0.21259701224709524
25499,1,0.213514481098098,0.21259701224709524
25505,0,0.30610622734217485,0.21259701224709524
25514,1,0.16889640986123264,0.21259701224709524
25516,0,0.16459450867818443,0.21259701224709524
25525,0,0.12992639835343492,0.21259701224709524
25526,0,0.20735667754425152,0.21259701224709524
25529,0,0.2820532427534745,0.21259701224709524
25536,0,0.17801901588026792,0.21259701224709524
25538,0,0.20423482032286477,0.21259701224709524
25539,0,0.135498682790778,0.21259701224709524
25555,0,0.26462405289253516,0.21259701224709524
25562,0,0.2014795961583668,0.21259701224709524
25563,0,0.3012653972004677,0.21259701224709524
25566,0,0.14084887814719832,0.21259701224709524
25573,1,0.29517185264516366,0.21259701224709524
25579,0,0.13926952986235824,0.21259701224709524
25582,0,0.17090255388498063,0.21259701224709524
25590,0,0.19425256814573238,0.21259701224709524
25591,0,0.1311068355247684,0.21259701224709524
25595,0,0.1552909751184211,0.21259701224709524
25599,1,0.18541998383501804,0.21259701224709524
25606,0,0.162876809355539,0.21259701224709524
25612,0,0.18704699523406426,0.21259701224709524
25613,0,0.3223470597989769,0.21259701224709524
25617,0,0.20560499848965583,0.21259701224709524
25618,0,0.1324086401710032,0.21259701224709524
25620,0,0.36139797122294387,0.21259701224709524
25621,0,0.13889591092794593,0.21259701224709524
25625,0,0.17786848500146146,0.21259701224709524
25626,1,0.26804954047349205,0.21259701224709524
25627,0,0.1360572821925354,0.21259701224709524
25642,0,0.10650001052432274,0.21259701224709524
25643,0,0.16898700555285132,0.21259701224709524
25644,0,0.19827588178062114,0.21259701224709524
25649,0,0.3667075194250225,0.21259701224709524
25652,1,0.22905046259927347,0.21259701224709524
25653,0,0.23396701270292367,0.21259701224709524
25656,1,0.18981684853344305,0.21259701224709524
25664,0,0.25343292885087887,0.21259701224709524
25668,1,0.2740870573263406,0.21259701224709524
25678,0,0.1991105163492254,0.21259701224709524
25680,0,0.18816804735463344,0.21259701224709524
25681,1,0.37998274975612684,0.21259701224709524
25682,0,0.19441799758936212,0.21259701224709524
25685,0,0.23039108458128135,0.21259701224709524
25690,0,0.21913885847241857,0.21259701224709524
25691,0,0.17523799816382518,0.21259701224709524
25695,0,0.23659519971699727,0.21259701224709524
25696,0,0.27487874663911227,0.21259701224709524
25701,0,0.3084067442018344,0.21259701224709524
25702,1,0.1737408862180325,0.21259701224709524
25707,0,0.1670703100707813,0.21259701224709524
25715,1,0.17969823751016165,0.21259701224709524
25722,0,0.23567527430685256,0.21259701224709524
25723,0,0.32320600155821605,0.21259701224709524
25731,0,0.13945015271255343,0.21259701224709524
25733,0,0.22943085423103662,0.21259701224709524
25734,1,0.20655337974099308,0.21259701224709524
25741,0,0.15470205787119795,0.21259701224709524
25747,1,0.24635613111866433,0.21259701224709524
25750,0,0.1374844502092811,0.21259701224709524
25757,0,0.19623658343834044,0.21259701224709524
25764,0,0.3174708646690258,0.21259701224709524
25765,1,0.23871149944855397,0.21259701224709524
25767,0,0.1817272757712993,0.21259701224709524
25772,0,0.1793763583942623,0.21259701224709524
25788,0,0.15790422007977356,0.21259701224709524
25796,0,0.30705977311269766,0.21259701224709524
25808,0,0.15395741531010165,0.21259701224709524
25809,0,0.37197431483232674,0.21259701224709524
25813,0,0.1924207911744972,0.21259701224709524
25815,0,0.27188551270695493,0.21259701224709524
25817,0,0.3252905891033305,0.21259701224709524
25820,0,0.21412317681397902,0.21259701224709524
25841,0,0.18804999908140277,0.21259701224709524
25842,0,0.21167916360299902,0.21259701224709524
25844,0,0.22893661807934254,0.21259701224709524
25846,1,0.22555084148011562,0.21259701224709524
25852,0,0.29271536478500704,0.21259701224709524
25855,0,0.19523600203963132,0.21259701224709524
25866,0,0.17529588677921085,0.21259701224709524
25867,0,0.17770898497455417,0.21259701224709524
25876,0,0.20267810585386675,0.21259701224709524
25882,0,0.29982185833635866,0.21259701224709524
25884,0,0.19334630738519454,0.21259701224709524
25889,0,0.18903353180207205,0.21259701224709524
25900,1,0.16704953636286154,0.21259701224709524
25901,0,0.2173491999288161,0.21259701224709524
25902,0,0.14465360754050166,0.21259701224709524
25906,0,0.2019878907364905,0.21259701224709524
25910,0,0.23968350911889147,0.21259701224709524
25912,0,0.21565672374731926,0.21259701224709524
25914,0,0.15513439077332222,0.21259701224709524
25932,0,0.23891967969307734,0.21259701224709524
25940,1,0.22603821176600997,0.21259701224709524
25941,0,0.2591575154337817,0.21259701224709524
25943,0,0.12033512093068059,0.21259701224709524
25945,1,0.2765383418986204,0.21259701224709524
25951,0,0.227629365248142,0.21259701224709524
25955,0,0.24458165414685779,0.21259701224709524
25956,0,0.09734608737371991,0.21259701224709524
25964,1,0.22049877360795753,0.21259701224709524
25980,0,0.1673548340283112,0.21259701224709524
25989,0,0.2169715354252163,0.21259701224709524
25991,0,0.32411935664641933,0.21259701224709524
25993,0,0.15653234556046458,0.21259701224709524
25995,0,0.22754850665858709,0.21259701224709524
25996,0,0.179851487737481,0.21259701224709524
26007,0,0.21316227652336114,0.21259701224709524
26015,0,0.16875710153704196,0.21259701224709524
26017,0,0.10941774485294554,0.21259701224709524
26019,0,0.27290566158755564,0.21259701224709524
26023,0,0.27216461027158806,0.21259701224709524
26025,0,0.18664404342579075,0.21259701224709524
26029,1,0.2251881711724271,0.21259701224709524
26031,0,0.16590374256639984,0.21259701224709524
26042,0,0.16405033964198476,0.21259701224709524
26045,0,0.19279639819702743,0.21259701224709524
26048,0,0.1610544979703112,0.21259701224709524
26050,0,0.2025436768277648,0.21259701224709524
26074,1,0.27102700223114623,0.21259701224709524
26078,0,0.1505441583235826,0.21259701224709524
26079,1,0.2796181323122263,0.21259701224709524
26087,1,0.2525566692036229,0.21259701224709524
26090,0,0.1577866092469435,0.21259701224709524
26094,0,0.31012964874164983,0.21259701224709524
26109,0,0.30065427342505446,0.21259701224709524
26115,0,0.14636583349948404,0.21259701224709524
26126,1,0.14268317562050434,0.21259701224709524
26127,0,0.24427960851434052,0.21259701224709524
26128,1,0.27442314058803774,0.21259701224709524
26131,0,0.1920146346326303,0.21259701224709524
26137,0,0.3110986517103772,0.21259701224709524
26139,0,0.24378800168643502,0.21259701224709524
26140,0,0.17888036724037845,0.21259701224709524
26145,0,0.2081686470615304,0.21259701224709524
26146,0,0.3988769677977851,0.21259701224709524
26165,0,0.1598193478055044,0.21259701224709524
26169,0,0.14224201946898443,0.21259701224709524
26176,0,0.26584224885983454,0.21259701224709524
26177,0,0.3636461477211436,0.21259701224709524
26192,1,0.20034128359491327,0.21259701224709524
26196,0,0.2610899272497518,0.21259701224709524
26198,0,0.206460143900331,0.21259701224709524
26199,0,0.23447776222782882,0.21259701224709524
26200,1,0.13436049449491885,0.21259701224709524
26203,0,0.14858833810208544,0.21259701224709524
26204,0,0.12635570605935037,0.21259701224709524
26206,0,0.1282782751346052,0.21259701224709524
26213,1,0.25443874331920313,0.21259701224709524
26215,0,0.15875817451216112,0.21259701224709524
26216,1,0.18486180777370617,0.21259701224709524
26222,0,0.21688835297617734,0.21259701224709524
26229,0,0.19442833017773228,0.21259701224709524
26232,0,0.2644255302762981,0.21259701224709524
26234,0,0.22696649436387084,0.21259701224709524
26239,1,0.2075101462939385,0.21259701224709524
26241,0,0.2648764077331788,0.21259701224709524
26243,0,0.16242846648809478,0.21259701224709524
26245,0,0.2039284625524782,0.21259701224709524
26264,1,0.0954345526515503,0.21259701224709524
26270,0,0.1668331237623329,0.21259701224709524
26272,0,0.2887927039767779,0.21259701224709524
26280,0,0.163806112478824,0.21259701224709524
26281,0,0.17866009080927145,0.21259701224709524
26292,1,0.26680506741977783,0.21259701224709524
26295,0,0.34379306981022284,0.21259701224709524
26299,0,0.25193411341475125,0.21259701224709524
26301,1,0.2225432927049148,0.21259701224709524
26304,1,0.2998907053625572,0.21259701224709524
26305,0,0.284514222500135,0.21259701224709524
26306,0,0.2412304090773493,0.21259701224709524
26307,0,0.20299558135661624,0.21259701224709524
26309,1,0.2658767901202243,0.21259701224709524
26310,1,0.16414356646622955,0.21259701224709524
26312,1,0.22216891950955223,0.21259701224709524
26313,0,0.17219305066903395,0.21259701224709524
26314,1,0.14743278716612873,0.21259701224709524
26315,1,0.3297638372470734,0.21259701224709524
26318,0,0.23582488451951894,0.21259701224709524
26319,1,0.21766475842930022,0.21259701224709524
26333,1,0.23788858523107448,0.21259701224709524
26337,1,0.3163244805908471,0.21259701224709524
26338,0,0.4067597033630213,0.21259701224709524
26339,0,0.14658993646418814,0.21259701224709524
26343,1,0.16156644256131175,0.21259701224709524
26345,0,0.2148632815767073,0.21259701224709524
26347,0,0.19533892920994883,0.21259701224709524
26353,0,0.1626319780014509,0.21259701224709524
26356,0,0.1839397537302682,0.21259701224709524
26359,0,0.17690819242079822,0.21259701224709524
26361,0,0.3282186843486359,0.21259701224709524
26366,0,0.16550282672403246,0.21259701224709524
26369,0,0.2500790568958822,0.21259701224709524
26370,1,0.31435398875742276,0.21259701224709524
26381,0,0.14734978802894008,0.21259701224709524
26396,0,0.27607054477996235,0.21259701224709524
26413,0,0.23788112356409757,0.21259701224709524
26417,1,0.16595506181299519,0.21259701224709524
26422,0,0.2983374014195544,0.21259701224709524
26435,0,0.16671552661388847,0.21259701224709524
26438,0,0.13253445304547354,0.21259701224709524
26439,0,0.21493652317704678,0.21259701224709524
26460,0,0.2344757232358161,0.21259701224709524
26464,0,0.1766554593246352,0.21259701224709524
26467,0,0.19088091177403704,0.21259701224709524
26468,1,0.17006328348446725,0.21259701224709524
26471,1,0.2713201795461665,0.21259701224709524
26473,1,0.133827797444182,0.21259701224709524
26489,0,0.18562219427631374,0.21259701224709524
26491,0,0.22077094374475084,0.21259701224709524
26493,0,0.16473798369718556,0.21259701224709524
26494,0,0.1969993475946826,0.21259701224709524
26513,0,0.17594561047300722,0.21259701224709524
26515,1,0.3348416732246494,0.21259701224709524
26518,0,0.17588091073442588,0.21259701224709524
26522,0,0.1382398869577623,0.21259701224709524
26534,0,0.2470634927829914,0.21259701224709524
26539,1,0.21309266851685957,0.21259701224709524
26543,1,0.22327696727166998,0.21259701224709524
26553,0,0.15619694676550294,0.21259701224709524
26560,0,0.1633308827101268,0.21259701224709524
26561,0,0.1880696176793415,0.21259701224709524
26564,0,0.27872256002448814,0.21259701224709524
26568,1,0.28129468324124834,0.21259701224709524
26570,1,0.2515247324032561,0.21259701224709524
26572,0,0.19103035364397802,0.21259701224709524
26582,0,0.22583403967982776,0.21259701224709524
26585,0,0.2160152288319097,0.21259701224709524
26591,0,0.13926127883704797,0.21259701224709524
26605,0,0.16828870933020965,0.21259701224709524
26609,0,0.17991062744882108,0.21259701224709524
26617,1,0.1763566341474176,0.21259701224709524
26618,0,0.20441769306894267,0.21259701224709524
26627,1,0.26166387691417636,0.21259701224709524
26633,0,0.23953071769269896,0.21259701224709524
26634,0,0.15991954028262892,0.21259701224709524
26637,0,0.1454350187128054,0.21259701224709524
26638,0,0.22800567090905713,0.21259701224709524
26647,0,0.16937650599788756,0.21259701224709524
26650,0,0.3508826388389453,0.21259701224709524
26655,0,0.17865997162914393,0.21259701224709524
26658,0,0.18111261677600568,0.21259701224709524
26669,1,0.19913674088731925,0.21259701224709524
26671,0,0.23799343997594072,0.21259701224709524
26672,1,0.21315817547682295,0.21259701224709524
26676,0,0.1597475999930525,0.21259701224709524
26680,0,0.2227578315819413,0.21259701224709524
26681,0,0.20136988627846722,0.21259701224709524
26682,0,0.17470478296623082,0.21259701224709524
26688,0,0.15187481939668968,0.21259701224709524
26690,0,0.2494249950930615,0.21259701224709524
26701,0,0.16863545462355348,0.21259701224709524
26703,0,0.24307002895583305,0.21259701224709524
26708,0,0.18746719287829472,0.21259701224709524
26709,0,0.19268052743859454,0.21259701224709524
26722,1,0.18195640637582836,0.21259701224709524
26735,1,0.12739813431784297,0.21259701224709524
26736,0,0.11172166397959947,0.21259701224709524
26739,0,0.2123877692644525,0.21259701224709524
26740,1,0.1906899640741066,0.21259701224709524
26742,0,0.1995347066953781,0.21259701224709524
26748,1,0.13531627540472285,0.21259701224709524
26765,1,0.25751625794767896,0.21259701224709524
26771,0,0.18083379985799017,0.21259701224709524
26773,0,0.25062421267690305,0.21259701224709524
26781,0,0.3588421995758373,0.21259701224709524
26784,1,0.3184205755751689,0.21259701224709524
26787,0,0.21167244362042914,0.21259701224709524
26791,0,0.3015357394681929,0.21259701224709524
26792,1,0.11480209688874485,0.21259701224709524
26801,0,0.2528235692250436,0.21259701224709524
26804,0,0.16089296865486186,0.21259701224709524
26810,0,0.21124508186965343,0.21259701224709524
26811,0,0.10625466300422083,0.21259701224709524
26818,0,0.1983672250232052,0.21259701224709524
26826,0,0.22762327100866875,0.21259701224709524
26836,0,0.23495041442198122,0.21259701224709524
26851,0,0.2879464889293615,0.21259701224709524
26863,1,0.26879315095985645,0.21259701224709524
26871,0,0.1604795651739531,0.21259701224709524
26874,0,0.11184737171236471,0.21259701224709524
26877,1,0.190862071580855,0.21259701224709524
26878,1,0.16939665961410136,0.21259701224709524
26880,0,0.21775274315038282,0.21259701224709524
26886,0,0.18962023110195586,0.21259701224709524
26889,0,0.2025688436509175,0.21259701224709524
26896,0,0.11349609356435286,0.21259701224709524
26900,0,0.21534512292481567,0.21259701224709524
26905,0,0.13910482163946586,0.21259701224709524
26921,0,0.25895609991809904,0.21259701224709524
26928,0,0.22970510645116224,0.21259701224709524
26933,0,0.1244377575565687,0.21259701224709524
26935,0,0.12470967742497528,0.21259701224709524
26936,0,0.2807307312817823,0.21259701224709524
26939,0,0.2239392904815901,0.21259701224709524
26943,0,0.26815079018976046,0.21259701224709524
26947,0,0.3103372292499081,0.21259701224709524
26949,1,0.24956768852108357,0.21259701224709524
26955,0,0.2594353286580905,0.21259701224709524
26956,0,0.16965428046595646,0.21259701224709524
26964,0,0.12673303973152827,0.21259701224709524
26971,0,0.23345428094327705,0.21259701224709524
26973,0,0.13794398550783937,0.21259701224709524
26976,1,0.3883519017256732,0.21259701224709524
26977,0,0.21477462330286093,0.21259701224709524
26983,0,0.14640693587820108,0.21259701224709524
26985,0,0.2865835872055983,0.21259701224709524
26988,1,0.26875779451937876,0.21259701224709524
27006,0,0.17152453191207087,0.21259701224709524
27008,0,0.20294539028537872,0.21259701224709524
27020,0,0.018800421534813212,0.21259701224709524
27032,0,0.17397234612922743,0.21259701224709524
27045,0,0.2120904632432065,0.21259701224709524
27053,0,0.21623702776420814,0.21259701224709524
27054,0,0.18439066352100075,0.21259701224709524
27062,0,0.17283348790550782,0.21259701224709524
27066,0,0.26511966448453494,0.21259701224709524
27067,0,0.1833357954705801,0.21259701224709524
27077,0,0.25561658392196385,0.21259701224709524
27086,0,0.22234257273253458,0.21259701224709524
27094,0,0.233505567463449,0.21259701224709524
27097,0,0.17222945840635417,0.21259701224709524
27102,0,0.22448133168185544,0.21259701224709524
27117,0,0.24205780855819778,0.21259701224709524
27120,0,0.14949289867747612,0.21259701224709524
27121,0,0.19654823087024334,0.21259701224709524
27142,0,0.14017937475674871,0.21259701224709524
27149,0,0.16647040525228338,0.21259701224709524
27163,0,0.1240105158384086,0.21259701224709524
27165,0,0.2182505451511417,0.21259701224709524
27169,0,0.2250135111940122,0.21259701224709524
27173,0,0.20329023381734806,0.21259701224709524
27178,0,0.1664185125155387,0.21259701224709524
27179,0,0.23673086083737066,0.21259701224709524
27186,1,0.20006878890665442,0.21259701224709524
27188,0,0.25664832302491997,0.21259701224709524
27194,0,0.23258986824073244,0.21259701224709524
27200,0,0.26531649434488724,0.21259701224709524
27202,0,0.23010747918117663,0.21259701224709524
27208,0,0.24865099775548666,0.21259701224709524
27210,1,0.35526506131263086,0.21259701224709524
27219,0,0.252636381497624,0.21259701224709524
27221,0,0.1455017045146548,0.21259701224709524
27222,1,0.2684880682061433,0.21259701224709524
27248,0,0.27562811763580763,0.21259701224709524
27252,0,0.18319997048396405,0.21259701224709524
27254,0,0.25365939794196574,0.21259701224709524
27260,0,0.1988817306489647,0.21259701224709524
27261,0,0.16898672132560702,0.21259701224709524
27264,0,0.28614051643744254,0.21259701224709524
27267,0,0.1820638042100713,0.21259701224709524
27273,1,0.28006359754736687,0.21259701224709524
27275,0,0.18087179851441856,0.21259701224709524
27280,0,0.16217966133315553,0.21259701224709524
27284,0,0.14103819874183107,0.21259701224709524
27285,0,0.18639317843675443,0.21259701224709524
27307,0,0.1487956612422125,0.21259701224709524
27310,0,0.27696863483269285,0.21259701224709524
27315,0,0.18159981335493916,0.21259701224709524
27328,0,0.28662684659273696,0.21259701224709524
27337,0,0.2202758233237697,0.21259701224709524
27340,1,0.21985035046740714,0.21259701224709524
27357,0,0.20446264082797044,0.21259701224709524
27359,0,0.1733194388012344,0.21259701224709524
27365,0,0.16330140173709617,0.21259701224709524
27368,0,0.25593520721852075,0.21259701224709524
27370,0,0.16785818325625193,0.21259701224709524
27376,0,0.12865661418629376,0.21259701224709524
27389,0,0.1937133477617386,0.21259701224709524
27397,0,0.24102338059544717,0.21259701224709524
27400,0,0.212134789458173,0.21259701224709524
27401,0,0.19228756982802364,0.21259701224709524
27402,0,0.3090602881361207,0.21259701224709524
27403,1,0.2946977118298933,0.21259701224709524
27406,0,0.2548531551471525,0.21259701224709524
27408,0,0.18498888375862457,0.21259701224709524
27409,0,0.2583468120550188,0.21259701224709524
27413,1,0.1850676557717873,0.21259701224709524
27417,0,0.15654220669793184,0.21259701224709524
27423,0,0.2196474672030541,0.21259701224709524
27424,0,0.26664864338078,0.21259701224709524
27427,0,0.2854703715275047,0.21259701224709524
27429,0,0.1703531610439884,0.21259701224709524
27430,0,0.26647673703286134,0.21259701224709524
27438,1,0.15900739860569438,0.21259701224709524
27454,0,0.1455730946421742,0.21259701224709524
27455,1,0.14875889516901772,0.21259701224709524
27462,0,0.1558921581334766,0.21259701224709524
27465,0,0.3613511406247213,0.21259701224709524
27469,1,0.18805597974380675,0.21259701224709524
27472,0,0.16075628128271105,0.21259701224709524
27480,0,0.26213781592064045,0.21259701224709524
27481,0,0.16788443053303684,0.21259701224709524
27490,0,0.3408947859344223,0.21259701224709524
27497,0,0.24938735228203926,0.21259701224709524
27502,0,0.17467392058902725,0.21259701224709524
27504,0,0.2521162209814516,0.21259701224709524
27505,0,0.16237976499614112,0.21259701224709524
27517,0,0.26051250057865527,0.21259701224709524
27519,0,0.27641071143674,0.21259701224709524
27520,0,0.2961500131841465,0.21259701224709524
27523,0,0.13124170360164703,0.21259701224709524
27525,0,0.2667148593493243,0.21259701224709524
27528,1,0.2473354314015185,0.21259701224709524
27533,1,0.26652184898474623,0.21259701224709524
27535,0,0.10448181490103334,0.21259701224709524
27548,0,0.27632957321287877,0.21259701224709524
27566,0,0.17704485787950752,0.21259701224709524
27568,0,0.17999239900194064,0.21259701224709524
27578,0,0.2116922779565975,0.21259701224709524
27583,0,0.384488852489848,0.21259701224709524
27588,0,0.2141358156703199,0.21259701224709524
27594,0,0.1778381102529086,0.21259701224709524
27595,0,0.18727379057233093,0.21259701224709524
27598,1,0.2755407249843755,0.21259701224709524
27608,0,0.22179095167569185,0.21259701224709524
27613,1,0.31473181301014663,0.21259701224709524
27616,0,0.17384207130240512,0.21259701224709524
27617,1,0.1466304873916943,0.21259701224709524
27627,1,0.17922100006112032,0.21259701224709524
27630,1,0.3269353720146561,0.21259701224709524
27633,0,0.3424823068330898,0.21259701224709524
27636,0,0.24962096234297684,0.21259701224709524
27637,0,0.22270780246424385,0.21259701224709524
27639,0,0.12781278460587714,0.21259701224709524
27642,1,0.22324916841065298,0.21259701224709524
27646,0,0.2504932692821904,0.21259701224709524
27664,1,0.11887020519877833,0.21259701224709524
27668,0,0.29469199236233845,0.21259701224709524
27672,0,0.3598563427354813,0.21259701224709524
27676,1,0.30232942351604974,0.21259701224709524
27679,1,0.20780410134007968,0.21259701224709524
27696,1,0.23548779988506627,0.21259701224709524
27697,0,0.20283263526223785,0.21259701224709524
27701,0,0.1769770290201978,0.21259701224709524
27703,0,0.24725839671838312,0.21259701224709524
27704,0,0.15954270998611628,0.21259701224709524
27718,0,0.22496773172895723,0.21259701224709524
27719,0,0.2513597374706601,0.21259701224709524
27725,0,0.1932989960072097,0.21259701224709524
27726,0,0.26864871505905186,0.21259701224709524
27727,1,0.2925186127593074,0.21259701224709524
27732,0,0.23885420580159536,0.21259701224709524
27734,1,0.3200688087977609,0.21259701224709524
27740,0,0.23942237830791047,0.21259701224709524
27753,0,0.18669573987397403,0.21259701224709524
27755,1,0.17952211331289572,0.21259701224709524
27768,0,0.2716976714352102,0.21259701224709524
27769,1,0.16890232752890777,0.21259701224709524
27777,0,0.16262443109682492,0.21259701224709524
27778,0,0.14487513837834312,0.21259701224709524
27783,0,0.13067279535851245,0.21259701224709524
27800,0,0.3369516477978427,0.21259701224709524
27811,1,0.15124225823133525,0.21259701224709524
27819,0,0.2581306415738355,0.21259701224709524
27826,0,0.15387470108540305,0.21259701224709524
27845,0,0.2847473982317452,0.21259701224709524
27849,1,0.19110401233133328,0.21259701224709524
27863,0,0.15256919486810866,0.21259701224709524
27866,0,0.15564516930200106,0.21259701224709524
27867,0,0.17371745853420684,0.21259701224709524
27873,0,0.2709062384261749,0.21259701224709524
27885,0,0.2974726854053604,0.21259701224709524
27886,0,0.33669085589726205,0.21259701224709524
27892,0,0.14493781415610213,0.21259701224709524
27894,1,0.30409738485037174,0.21259701224709524
27896,0,0.17527600824370745,0.21259701224709524
27900,0,0.22355548498398825,0.21259701224709524
27902,0,0.18317373719177216,0.21259701224709524
27905,1,0.25303898364022154,0.21259701224709524
27907,1,0.15162458279930996,0.21259701224709524
27911,0,0.2814948643184874,0.21259701224709524
27916,0,0.16770364162549323,0.21259701224709524
27923,0,0.31771237240728417,0.21259701224709524
27925,0,0.2601882050793611,0.21259701224709524
27927,0,0.29324639615206655,0.21259701224709524
27928,0,0.23952848843080501,0.21259701224709524
27933,0,0.15699649388315956,0.21259701224709524
27937,0,0.23960460836063202,0.21259701224709524
27945,0,0.24793167448477416,0.21259701224709524
27949,0,0.2404922881228612,0.21259701224709524
27954,0,0.13608572994982124,0.21259701224709524
27956,1,0.22756260719439625,0.21259701224709524
27957,0,0.24090374704382983,0.21259701224709524
27958,1,0.20894080947711724,0.21259701224709524
27969,1,0.17096491032043032,0.21259701224709524
27975,0,0.19532552510901405,0.21259701224709524
27986,0,0.24091568373463132,0.21259701224709524
27990,0,0.27897562190857894,0.21259701224709524
27995,0,0.3472699536975732,0.21259701224709524
27999,0,0.1794503333135927,0.21259701224709524
28000,0,0.130307021454671,0.21259701224709524
28007,0,0.1841051672463691,0.21259701224709524
28008,0,0.1943286937087582,0.21259701224709524
28009,1,0.323277645255641,0.21259701224709524
28012,0,0.3486769246227094,0.21259701224709524
28030,0,0.18570988062427868,0.21259701224709524
28042,1,0.3687232817331357,0.21259701224709524
28043,1,0.17719260692783712,0.21259701224709524
28047,0,0.08759985849896314,0.21259701224709524
28052,0,0.13422932444981991,0.21259701224709524
28054,1,0.2998224325073836,0.21259701224709524
28058,0,0.1298704990576775,0.21259701224709524
28060,0,0.1312034515659546,0.21259701224709524
28063,0,0.2550200951953784,0.21259701224709524
28066,0,0.20073655394516174,0.21259701224709524
28069,0,0.2699266155609136,0.21259701224709524
28074,0,0.1729913093664853,0.21259701224709524
28081,0,0.26203271867686256,0.21259701224709524
28091,0,0.20270769871624333,0.21259701224709524
28109,0,0.26575584836052174,0.21259701224709524
28118,0,0.20987409496942136,0.21259701224709524
28120,0,0.3093556164988366,0.21259701224709524
28126,1,0.2631055576840056,0.21259701224709524
28136,0,0.2532839124607381,0.21259701224709524
28137,0,0.259519612410659,0.21259701224709524
28146,1,0.197576957828448,0.21259701224709524
28168,0,0.1949349277426835,0.21259701224709524
28196,0,0.18163927086423123,0.21259701224709524
28200,0,0.15766667954455543,0.21259701224709524
28203,0,0.20465239876844907,0.21259701224709524
28204,0,0.2472214167281351,0.21259701224709524
28206,1,0.19823084319812304,0.21259701224709524
28210,1,0.39837098708507146,0.21259701224709524
28216,0,0.1321495713705033,0.21259701224709524
28223,0,0.13030166910451688,0.21259701224709524
28235,0,0.10672341892215066,0.21259701224709524
28238,0,0.14262954703471692,0.21259701224709524
28239,0,0.1931686943498848,0.21259701224709524
28240,1,0.25678968772533,0.21259701224709524
28242,0,0.14832395919781136,0.21259701224709524
28243,0,0.3645905977165998,0.21259701224709524
28250,0,0.13741157147742705,0.21259701224709524
28255,1,0.1606908949111631,0.21259701224709524
28256,0,0.1863976770782156,0.21259701224709524
28292,1,0.28548840240515594,0.21259701224709524
28293,0,0.1891797033368836,0.21259701224709524
28304,0,0.18752118560659514,0.21259701224709524
28307,0,0.3523435370151371,0.21259701224709524
28314,0,0.15916175466426022,0.21259701224709524
28317,0,0.16352280875465644,0.21259701224709524
28321,0,0.2217887143571248,0.21259701224709524
28346,0,0.14235457103741944,0.21259701224709524
28349,0,0.19873009959825705,0.21259701224709524
28352,1,0.19644476435018388,0.21259701224709524
28354,1,0.2191129733683194,0.21259701224709524
28362,0,0.25925070885062745,0.21259701224709524
28364,0,0.33834291035707476,0.21259701224709524
28366,0,0.12193745906608291,0.21259701224709524
28370,0,0.29225245948165424,0.21259701224709524
28376,1,0.2810544576874776,0.21259701224709524
28385,0,0.16822628125900269,0.21259701224709524
28392,0,0.14900647741262588,0.21259701224709524
28411,0,0.17428054802986204,0.21259701224709524
28413,0,0.2635260804794118,0.21259701224709524
28429,0,0.1380736276999092,0.21259701224709524
28436,0,0.15656991922172517,0.21259701224709524
28438,0,0.2044239039893544,0.21259701224709524
28439,0,0.28549774231313263,0.21259701224709524
28440,0,0.18815546424270826,0.21259701224709524
28442,0,0.16093259222238718,0.21259701224709524
28447,0,0.31481897036052786,0.21259701224709524
28467,1,0.23913509333978208,0.21259701224709524
28473,0,0.20615869070998627,0.21259701224709524
28474,1,0.30719886254436596,0.21259701224709524
28476,0,0.21386619384761812,0.21259701224709524
28477,0,0.2999001375404225,0.21259701224709524
28483,0,0.27455731698778846,0.21259701224709524
28484,0,0.15328851624022097,0.21259701224709524
28489,0,0.12366928588306982,0.21259701224709524
28493,0,0.14307113725650944,0.21259701224709524
28500,0,0.12222752422846023,0.21259701224709524
28502,0,0.27369954713891564,0.21259701224709524
28504,1,0.2815082005541446,0.21259701224709524
28506,0,0.27678289956089885,0.21259701224709524
28508,0,0.1329793934276976,0.21259701224709524
28509,0,0.26883896422174813,0.21259701224709524
28511,1,0.38625480283082814,0.21259701224709524
28512,0,0.1468547824930871,0.21259701224709524
28513,0,0.2679787554789766,0.21259701224709524
28516,0,0.30287222787779255,0.21259701224709524
28518,0,0.17748966754221,0.21259701224709524
28519,0,0.16492423501677136,0.21259701224709524
28527,0,0.1716325870127092,0.21259701224709524
28528,0,0.20627266585932866,0.21259701224709524
28529,0,0.13040380823948008,0.21259701224709524
28534,0,0.25640429520151004,0.21259701224709524
28538,0,0.1715705974222723,0.21259701224709524
28539,0,0.10792622998303414,0.21259701224709524
28541,1,0.26363449992327603,0.21259701224709524
28543,0,0.19159682794675875,0.21259701224709524
28544,0,0.18414623796333382,0.21259701224709524
28549,0,0.2399406529235385,0.21259701224709524
28553,0,0.18293027088353098,0.21259701224709524
28556,0,0.35700231180266756,0.21259701224709524
28569,0,0.2523008754754469,0.21259701224709524
28584,0,0.1744054928745737,0.21259701224709524
28586,0,0.26144929245764786,0.21259701224709524
28598,0,0.17572015112477074,0.21259701224709524
28605,0,0.3533335894724595,0.21259701224709524
28612,0,0.19465660734451906,0.21259701224709524
28616,0,0.12298735795967718,0.21259701224709524
28622,0,0.24409375778892978,0.21259701224709524
28626,0,0.20570625136133572,0.21259701224709524
28635,0,0.24015878974420027,0.21259701224709524
28640,0,0.12489154106517292,0.21259701224709524
28643,0,0.17489486189325937,0.21259701224709524
28648,0,0.16314896379998256,0.21259701224709524
28655,0,0.14633001010433624,0.21259701224709524
28661,0,0.279235130874818,0.21259701224709524
28667,0,0.17630135136984448,0.21259701224709524
28671,0,0.30628029999158685,0.21259701224709524
28677,0,0.1792766489588611,0.21259701224709524
28680,0,0.22700751700706495,0.21259701224709524
28701,0,0.2063211737963531,0.21259701224709524
28709,0,0.22539588676717812,0.21259701224709524
28715,0,0.2710202286778478,0.21259701224709524
28730,0,0.1468437362572957,0.21259701224709524
28731,0,0.19029899096778594,0.21259701224709524
28732,0,0.1659287455346529,0.21259701224709524
28742,0,0.18992488288239168,0.21259701224709524
28744,0,0.1618361749020877,0.21259701224709524
28746,1,0.3350033627192232,0.21259701224709524
28747,0,0.2401900872936328,0.21259701224709524
28750,0,0.19343294335732222,0.21259701224709524
28755,0,0.13681440809483408,0.21259701224709524
28758,0,0.2356818370475268,0.21259701224709524
28760,0,0.1952715362837456,0.21259701224709524
28761,0,0.20965327873456094,0.21259701224709524
28767,0,0.3209374523955,0.21259701224709524
28771,1,0.14827513705725856,0.21259701224709524
28775,1,0.1512165994893083,0.21259701224709524
28781,0,0.37238554774150223,0.21259701224709524
28782,0,0.3215152326843281,0.21259701224709524
28790,0,0.19203311517314925,0.21259701224709524
28793,0,0.1980294196136882,0.21259701224709524
28796,0,0.19967661551744095,0.21259701224709524
28801,0,0.16637835007516882,0.21259701224709524
28809,1,0.1323279752265355,0.21259701224709524
28810,0,0.24060803548166368,0.21259701224709524
28813,0,0.15609995707600993,0.21259701224709524
28814,0,0.1931486009493725,0.21259701224709524
28821,0,0.11504000864130934,0.21259701224709524
28822,0,0.13018356777212653,0.21259701224709524
28824,0,0.17849079509941249,0.21259701224709524
28827,0,0.2055017643110283,0.21259701224709524
28832,0,0.3055129986877865,0.21259701224709524
28843,0,0.1780437148274907,0.21259701224709524
28850,0,0.1532689760486199,0.21259701224709524
28851,0,0.13530637779683236,0.21259701224709524
28856,1,0.18263124974091965,0.21259701224709524
28861,0,0.1436483820365497,0.21259701224709524
28863,0,0.20974342160795412,0.21259701224709524
28866,1,0.1583764901248886,0.21259701224709524
28867,0,0.17782720213868577,0.21259701224709524
28869,0,0.21229081020970897,0.21259701224709524
28871,0,0.1463977685137355,0.21259701224709524
28872,1,0.29915197897181584,0.21259701224709524
28876,0,0.19111857422890274,0.21259701224709524
28877,1,0.18974950697862683,0.21259701224709524
28878,0,0.13230230485695516,0.21259701224709524
28885,1,0.19234038591626745,0.21259701224709524
28890,0,0.21255726077819845,0.21259701224709524
28892,1,0.2670922934901286,0.21259701224709524
28895,0,0.18437459117798505,0.21259701224709524
28911,0,0.1865837181649842,0.21259701224709524
28915,0,0.165640206953297,0.21259701224709524
28919,0,0.13237417510852204,0.21259701224709524
28921,0,0.2538234051783817,0.21259701224709524
28922,0,0.2309953461299366,0.21259701224709524
28923,0,0.1282357845970781,0.21259701224709524
28941,0,0.1841546189800397,0.21259701224709524
28948,0,0.2142224670401469,0.21259701224709524
28950,0,0.20009522944402597,0.21259701224709524
28963,1,0.2649160606159203,0.21259701224709524
28964,0,0.1768031692346494,0.21259701224709524
28967,0,0.17216244373037168,0.21259701224709524
28972,0,0.36300967743615725,0.21259701224709524
28980,0,0.2684894791494794,0.21259701224709524
28981,0,0.14356982815162228,0.21259701224709524
28984,1,0.309784595642455,0.21259701224709524
28988,0,0.16843583889086544,0.21259701224709524
28992,0,0.12380668554209999,0.21259701224709524
28993,0,0.1257824717367169,0.21259701224709524
29026,0,0.2654773715668519,0.21259701224709524
29027,0,0.16684050774450063,0.21259701224709524
29033,1,0.13582938485248783,0.21259701224709524
29037,0,0.09542331103119431,0.21259701224709524
29042,0,0.12566437321010868,0.21259701224709524
29047,0,0.12028050553657428,0.21259701224709524
29061,0,0.2697230454289276,0.21259701224709524
29062,0,0.2475301175943872,0.21259701224709524
29075,0,0.12801507291480874,0.21259701224709524
29080,1,0.2292068701966763,0.21259701224709524
29081,0,0.2046246285969113,0.21259701224709524
29083,0,0.15360971464745535,0.21259701224709524
29106,0,0.15784315602659252,0.21259701224709524
29113,1,0.33475219923444033,0.21259701224709524
29114,0,0.24271809394618848,0.21259701224709524
29121,1,0.2896965366987129,0.21259701224709524
29123,1,0.2003878424638096,0.21259701224709524
29128,0,0.33129509007123,0.21259701224709524
29138,0,0.2586836537636289,0.21259701224709524
29142,0,0.16335010075679934,0.21259701224709524
29147,0,0.14293351727286074,0.21259701224709524
29152,1,0.1123689716656354,0.21259701224709524
29154,0,0.2610909420906069,0.21259701224709524
29160,0,0.18574080236512908,0.21259701224709524
29164,0,0.1440251265420982,0.21259701224709524
29168,0,0.19027798793150988,0.21259701224709524
29169,1,0.2036704576728737,0.21259701224709524
29170,0,0.12576569728129405,0.21259701224709524
29174,1,0.21873402266309255,0.21259701224709524
29175,0,0.17533007238579928,0.21259701224709524
29193,0,0.218169709794541,0.21259701224709524
29206,1,0.2681838027174509,0.21259701224709524
29209,0,0.2051241274845912,0.21259701224709524
29216,0,0.1882313784878017,0.21259701224709524
29220,1,0.22752701574791084,0.21259701224709524
29221,0,0.23361314891171464,0.21259701224709524
29222,0,0.1692309179114945,0.21259701224709524
29230,0,0.3657056540972819,0.21259701224709524
29236,0,0.22126437852396183,0.21259701224709524
29244,0,0.1849593534017844,0.21259701224709524
29251,0,0.27377352860089804,0.21259701224709524
29253,1,0.19764283535017027,0.21259701224709524
29267,0,0.12580700068848538,0.21259701224709524
29280,1,0.24031015417665563,0.21259701224709524
29281,0,0.3029710312213244,0.21259701224709524
29283,0,0.23137163633743346,0.21259701224709524
29288,1,0.2646133486605864,0.21259701224709524
29289,0,0.28668896393791693,0.21259701224709524
29291,0,0.17632839482075363,0.21259701224709524
29295,1,0.20587516050020097,0.21259701224709524
29304,0,0.18847223656115109,0.21259701224709524
29311,0,0.16699031243018458,0.21259701224709524
29314,0,0.35217441380252257,0.21259701224709524
29322,0,0.18532280586019897,0.21259701224709524
29326,1,0.18451524646963507,0.21259701224709524
29327,0,0.28623697772643014,0.21259701224709524
29330,1,0.2597412994526037,0.21259701224709524
29332,0,0.18706840943600903,0.21259701224709524
29333,1,0.19538017197489016,0.21259701224709524
29340,1,0.1557813517967847,0.21259701224709524
29346,0,0.28243208782086326,0.21259701224709524
29349,0,0.1841445328261985,0.21259701224709524
29352,0,0.2764237961051922,0.21259701224709524
29356,0,0.1208515324068486,0.21259701224709524
29359,0,0.16891877822053827,0.21259701224709524
29364,0,0.17617999773841878,0.21259701224709524
29376,1,0.13877576853670942,0.21259701224709524
29381,0,0.17434697738308855,0.21259701224709524
29382,0,0.22409918424323758,0.21259701224709524
29383,0,0.18487237324612973,0.21259701224709524
29387,0,0.15681899906186964,0.21259701224709524
29393,0,0.1724075272148285,0.21259701224709524
29405,1,0.30547206301322727,0.21259701224709524
29407,0,0.22238367250228033,0.21259701224709524
29412,1,0.17505517085694006,0.21259701224709524
29416,0,0.22333325730761333,0.21259701224709524
29422,0,0.16708016441670562,0.21259701224709524
29432,0,0.2058352005799374,0.21259701224709524
29438,0,0.16450782953865434,0.21259701224709524
29444,1,0.28506508662974805,0.21259701224709524
29454,1,0.1966325346042414,0.21259701224709524
29455,0,0.2327011917226262,0.21259701224709524
29461,0,0.25478491930894415,0.21259701224709524
29466,0,0.3474631424040454,0.21259701224709524
29467,0,0.12128668148455606,0.21259701224709524
29478,0,0.24040874871909584,0.21259701224709524
29479,0,0.25652924603345956,0.21259701224709524
29485,0,0.21994076416255046,0.21259701224709524
29486,0,0.28284505466075704,0.21259701224709524
29487,0,0.1552536106083839,0.21259701224709524
29491,0,0.2056009970351189,0.21259701224709524
29496,0,0.21873819053899593,0.21259701224709524
29497,1,0.30365702969204555,0.21259701224709524
29502,0,0.15099902408001012,0.21259701224709524
29508,0,0.18907625926775729,0.21259701224709524
29516,1,0.24601690649449218,0.21259701224709524
29517,0,0.16061323728429777,0.21259701224709524
29518,0,0.2497396507079202,0.21259701224709524
29520,0,0.2836105521620451,0.21259701224709524
29527,1,0.23975275216088243,0.21259701224709524
29544,1,0.19128802816914597,0.21259701224709524
29549,1,0.17736670662718132,0.21259701224709524
29551,0,0.20306027021675968,0.21259701224709524
29557,0,0.15009867464985563,0.21259701224709524
29565,0,0.2634533217717828,0.21259701224709524
29567,0,0.2945318931784781,0.21259701224709524
29578,0,0.20052009524170455,0.21259701224709524
29579,0,0.1742306070429925,0.21259701224709524
29583,0,0.22382693033653014,0.21259701224709524
29584,0,0.20016651309400788,0.21259701224709524
29585,1,0.2722151049190034,0.21259701224709524
29587,0,0.21922039485225867,0.21259701224709524
29603,0,0.2464718325552932,0.21259701224709524
29615,0,0.2133058232049425,0.21259701224709524
29616,0,0.2371863947256002,0.21259701224709524
29621,0,0.2615566577449977,0.21259701224709524
29624,0,0.1306669992832474,0.21259701224709524
29627,0,0.18328202494204626,0.21259701224709524
29629,0,0.16876327172435351,0.21259701224709524
29630,0,0.12249491390370552,0.21259701224709524
29635,0,0.271487767680044,0.21259701224709524
29639,0,0.21732056332881206,0.21259701224709524
29643,0,0.1876312022097726,0.21259701224709524
29647,0,0.1190972591203518,0.21259701224709524
29652,0,0.19345720981186706,0.21259701224709524
29658,0,0.19774518752045528,0.21259701224709524
29662,0,0.19212264677425686,0.21259701224709524
29672,0,0.1127809464223053,0.21259701224709524
29673,0,0.29245592498744,0.21259701224709524
29675,0,0.21693393403184552,0.21259701224709524
29676,0,0.4096983238431137,0.21259701224709524
29679,0,0.19262701890960604,0.21259701224709524
29682,0,0.2048433225159362,0.21259701224709524
29685,0,0.08488207832556667,0.21259701224709524
29701,0,0.1954986748043635,0.21259701224709524
29710,0,0.23823598382591749,0.21259701224709524
29713,0,0.20856360024250412,0.21259701224709524
29715,1,0.12465261919557026,0.21259701224709524
29716,1,0.3216689322586269,0.21259701224709524
29718,1,0.27743068814532323,0.21259701224709524
29720,0,0.21630914096065712,0.21259701224709524
29725,0,0.19188570279967665,0.21259701224709524
29734,1,0.2130494782970404,0.21259701224709524
29743,0,0.1619323582904391,0.21259701224709524
29750,0,0.15050172728072622,0.21259701224709524
29751,0,0.1311175426640118,0.21259701224709524
29752,0,0.2592629593318739,0.21259701224709524
29754,0,0.339570165620585,0.21259701224709524
29755,0,0.18967278080802732,0.21259701224709524
29760,1,0.34150225812139745,0.21259701224709524
29762,0,0.24916840118765637,0.21259701224709524
29768,0,0.2990444162145898,0.21259701224709524
29772,0,0.24764113252644182,0.21259701224709524
29777,1,0.23641571573961057,0.21259701224709524
29778,1,0.15394726850884266,0.21259701224709524
29783,0,0.1464550701418747,0.21259701224709524
29786,0,0.24128422282797443,0.21259701224709524
29791,0,0.14498392560381598,0.21259701224709524
29796,0,0.20053153549322583,0.21259701224709524
29797,0,0.21187480789511,0.21259701224709524
29805,1,0.17935383313662653,0.21259701224709524
29807,1,0.18491910988268997,0.21259701224709524
29810,0,0.3217624048325858,0.21259701224709524
29841,1,0.19869581965740096,0.21259701224709524
29842,0,0.18671579659301024,0.21259701224709524
29845,0,0.12371799549208286,0.21259701224709524
29858,0,0.2570767393736622,0.21259701224709524
29859,0,0.25780481523442145,0.21259701224709524
29860,0,0.1403594502741151,0.21259701224709524
29862,1,0.19158612705046335,0.21259701224709524
29866,1,0.24251454690280752,0.21259701224709524
29867,0,0.15569190377183997,0.21259701224709524
29869,0,0.20745748774036962,0.21259701224709524
29872,0,0.2618579432079001,0.21259701224709524
29876,0,0.09301264225311717,0.21259701224709524
29880,0,0.17316494492300802,0.21259701224709524
29881,1,0.1928210998609201,0.21259701224709524
29883,0,0.15034394500260267,0.21259701224709524
29888,0,0.21171289301794555,0.21259701224709524
29891,0,0.23307176266677093,0.21259701224709524
29908,0,0.1421771650768219,0.21259701224709524
29910,0,0.3836024336261553,0.21259701224709524
29919,0,0.22744993079832368,0.21259701224709524
29921,0,0.2724669844673822,0.21259701224709524
29924,1,0.2298405871330862,0.21259701224709524
29926,0,0.19794634740492614,0.21259701224709524
29941,0,0.2278399993325974,0.21259701224709524
29946,0,0.2332922505317759,0.21259701224709524
29960,0,0.23492030218894802,0.21259701224709524
29962,1,0.21205123735072803,0.21259701224709524
29967,0,0.17409376787780512,0.21259701224709524
29968,0,0.11582277730633721,0.21259701224709524
29971,0,0.31389021266830497,0.21259701224709524
29974,1,0.1730962713842455,0.21259701224709524
29975,0,0.1584449211875888,0.21259701224709524
29978,0,0.1182493629605521,0.21259701224709524
29985,0,0.15155533443313574,0.21259701224709524
29987,0,0.1569976620747446,0.21259701224709524
29988,0,0.3522307598667004,0.21259701224709524
29989,0,0.14725775304884609,0.21259701224709524
29990,1,0.14481389166000003,0.21259701224709524
29996,0,0.13735548069608877,0.21259701224709524
29998,0,0.2833693362815992,0.21259701224709524
29999,0,0.2136950129120726,0.21259701224709524
30004,0,0.17963094881032143,0.21259701224709524
30007,0,0.23266629911539283,0.21259701224709524
30013,0,0.252491348854984,0.21259701224709524
30018,1,0.18047550834742077,0.21259701224709524
30022,0,0.19918963554110797,0.21259701224709524
30024,0,0.1496985957842324,0.21259701224709524
30027,0,0.16615892167800175,0.21259701224709524
30031,0,0.14089651679439777,0.21259701224709524
30034,0,0.13018301801550636,0.21259701224709524
30048,0,0.22922067307846714,0.21259701224709524
30056,0,0.29060816936216016,0.21259701224709524
30063,0,0.1478316125314272,0.21259701224709524
30067,0,0.15756242290504255,0.21259701224709524
30068,0,0.22881852372698355,0.21259701224709524
30072,0,0.231677443465272,0.21259701224709524
30082,1,0.20800729377970206,0.21259701224709524
30086,0,0.17351910038648685,0.21259701224709524
30092,0,0.2331450000922397,0.21259701224709524
30095,1,0.31872631008338254,0.21259701224709524
30096,0,0.19376458595314555,0.21259701224709524
30098,0,0.17275112244866456,0.21259701224709524
30099,0,0.13359670398539486,0.21259701224709524
30100,0,0.27358189911837755,0.21259701224709524
30103,1,0.22115756813658122,0.21259701224709524
30108,1,0.27732600842473193,0.21259701224709524
30121,0,0.15116179048003794,0.21259701224709524
30123,1,0.1933459563148331,0.21259701224709524
30124,0,0.1553693147481155,0.21259701224709524
30127,0,0.1947579049482994,0.21259701224709524
30133,0,0.2005024156339664,0.21259701224709524
30137,0,0.13811653658678724,0.21259701224709524
30140,1,0.20659089381255177,0.21259701224709524
30143,0,0.13691890025736872,0.21259701224709524
30148,0,0.19356161255517698,0.21259701224709524
30168,0,0.24040582057217774,0.21259701224709524
30173,0,0.24688839441815044,0.21259701224709524
30176,0,0.1493658722031505,0.21259701224709524
30179,0,0.1852212306824416,0.21259701224709524
30180,0,0.1688080734965371,0.21259701224709524
30183,1,0.12370602342397294,0.21259701224709524
30193,1,0.30853731303201776,0.21259701224709524
30198,0,0.1534187220111687,0.21259701224709524
30201,0,0.22208902064963326,0.21259701224709524
30206,0,0.24952536519712756,0.21259701224709524
30211,1,0.17166628431115397,0.21259701224709524
30212,0,0.22518176277563173,0.21259701224709524
30214,1,0.37479285187501754,0.21259701224709524
30217,0,0.11329606048665732,0.21259701224709524
30219,1,0.29243263551838,0.21259701224709524
30223,0,0.24760216055838508,0.21259701224709524
30226,0,0.16827151650887545,0.21259701224709524
30242,0,0.14703517428308685,0.21259701224709524
30245,1,0.27168829300033354,0.21259701224709524
30246,1,0.30624476617588203,0.21259701224709524
30256,0,0.184481315577396,0.21259701224709524
30260,0,0.2522856553595897,0.21259701224709524
30263,0,0.1355381845971013,0.21259701224709524
30265,0,0.3212748282237866,0.21259701224709524
30267,1,0.2449779552750605,0.21259701224709524
30270,0,0.2003137079177791,0.21259701224709524
30283,1,0.3252114428708354,0.21259701224709524
30288,0,0.15542702856898563,0.21259701224709524
30290,0,0.18692668258957978,0.21259701224709524
30295,0,0.2536759837075832,0.21259701224709524
30300,0,0.18980356205260757,0.21259701224709524
30305,0,0.11358245511348182,0.21259701224709524
30310,0,0.24525010183881066,0.21259701224709524
30314,0,0.1804427187500169,0.21259701224709524
30315,0,0.22206182642483252,0.21259701224709524
30316,1,0.1977674359878416,0.21259701224709524
30317,0,0.1720335380544826,0.21259701224709524
30322,1,0.2884083480121936,0.21259701224709524
30324,0,0.17794276910208595,0.21259701224709524
30329,0,0.17480377154276858,0.21259701224709524
30335,0,0.2660067795813606,0.21259701224709524
30340,0,0.18931541857672307,0.21259701224709524
30341,0,0.2411844824761398,0.21259701224709524
30351,1,0.19089084541710638,0.21259701224709524
30362,0,0.24403440369977775,0.21259701224709524
30365,0,0.16868714124118606,0.21259701224709524
30366,0,0.2514878225590006,0.21259701224709524
30367,0,0.2110322866040554,0.21259701224709524
30368,1,0.19333383479165636,0.21259701224709524
30373,0,0.19447613226102375,0.21259701224709524
30380,0,0.14926312888194815,0.21259701224709524
30381,0,0.18994172047202842,0.21259701224709524
30382,0,0.2757925217606516,0.21259701224709524
30385,0,0.20944820531404992,0.21259701224709524
30393,0,0.13389512415785731,0.21259701224709524
30405,0,0.2616443653567176,0.21259701224709524
30410,0,0.4124042360339306,0.21259701224709524
30419,0,0.1585130788278151,0.21259701224709524
30424,0,0.20328881663030549,0.21259701224709524
30429,1,0.16190368253507023,0.21259701224709524
30432,0,0.18816134546564164,0.21259701224709524
30435,1,0.3118964447509926,0.21259701224709524
30437,0,0.1635459968815134,0.21259701224709524
30442,1,0.19964919291622932,0.21259701224709524
30444,0,0.19067051744024524,0.21259701224709524
30448,0,0.22916380465419053,0.21259701224709524
30453,1,0.11772313284214192,0.21259701224709524
30456,0,0.16661206945932033,0.21259701224709524
30457,0,0.17595271873250265,0.21259701224709524
30462,0,0.1383840954135624,0.21259701224709524
30465,0,0.11518778550739218,0.21259701224709524
30472,0,0.2786229706023426,0.21259701224709524
30473,0,0.1346521273529476,0.21259701224709524
30474,0,0.12946773215213908,0.21259701224709524
30480,1,0.13775883054449806,0.21259701224709524
30481,0,0.1583314784233135,0.21259701224709524
30483,0,0.23802778249000356,0.21259701224709524
30485,1,0.32688564700053396,0.21259701224709524
30488,0,0.18979748581534772,0.21259701224709524
30490,1,0.22948308187861427,0.21259701224709524
30491,0,0.16386760105756565,0.21259701224709524
30494,1,0.19081137123074313,0.21259701224709524
30495,0,0.23636490753922804,0.21259701224709524
30505,0,0.1761302790365667,0.21259701224709524
30506,0,0.22424136848863258,0.21259701224709524
30507,0,0.28150600856405344,0.21259701224709524
30508,1,0.3379599045621258,0.21259701224709524
30514,0,0.06741237193607029,0.21259701224709524
30515,0,0.19219850899282764,0.21259701224709524
30518,0,0.24025665401923604,0.21259701224709524
30521,1,0.275792151060302,0.21259701224709524
30528,1,0.35588045586298883,0.21259701224709524
30530,0,0.17809392445507202,0.21259701224709524
30538,0,0.2026621171148832,0.21259701224709524
30543,1,0.2855377437028826,0.21259701224709524
30552,0,0.24742541376117774,0.21259701224709524
30553,0,0.30687316558082056,0.21259701224709524
30555,0,0.2860927202684144,0.21259701224709524
30557,0,0.23230899910080058,0.21259701224709524
30564,0,0.2968002121698071,0.21259701224709524
30585,1,0.208467247297855,0.21259701224709524
30589,0,0.20964749259008056,0.21259701224709524
30596,0,0.12671556328542924,0.21259701224709524
30597,0,0.34964073252729444,0.21259701224709524
30605,0,0.25071585215797754,0.21259701224709524
30608,0,0.33778409517938685,0.21259701224709524
30609,0,0.1909092467708932,0.21259701224709524
30617,0,0.19272081397773205,0.21259701224709524
30618,0,0.14085060783002998,0.21259701224709524
30621,0,0.15491002317897481,0.21259701224709524
30629,0,0.1977336809852728,0.21259701224709524
30635,0,0.24924187737501133,0.21259701224709524
30636,0,0.20022769599365617,0.21259701224709524
30641,0,0.27478096110047534,0.21259701224709524
30642,0,0.2090724129947274,0.21259701224709524
30643,0,0.11525012008837983,0.21259701224709524
30649,0,0.20119072062797322,0.21259701224709524
30650,0,0.26759561269584753,0.21259701224709524
30657,0,0.24817346559878348,0.21259701224709524
30664,1,0.1719725433041019,0.21259701224709524
30671,0,0.21293718135076148,0.21259701224709524
30673,0,0.14325177492290847,0.21259701224709524
30694,0,0.26304300660212426,0.21259701224709524
30701,0,0.2101137356007748,0.21259701224709524
30711,0,0.2599137177304505,0.21259701224709524
30713,0,0.2494492806996411,0.21259701224709524
30714,1,0.2199008192711478,0.21259701224709524
30719,0,0.137554888485388,0.21259701224709524
30729,0,0.15659625558049967,0.21259701224709524
30730,1,0.26916139625412333,0.21259701224709524
30734,0,0.18901578489087878,0.21259701224709524
30737,0,0.19610937131442288,0.21259701224709524
30744,0,0.13886044891657554,0.21259701224709524
30747,0,0.23477995450060485,0.21259701224709524
30759,0,0.23460206154803628,0.21259701224709524
30761,0,0.2754581148524539,0.21259701224709524
30767,1,0.41061621149717237,0.21259701224709524
30773,0,0.18220623550516812,0.21259701224709524
30776,0,0.23385334941506583,0.21259701224709524
30816,0,0.22718845756829772,0.21259701224709524
30823,0,0.25481623873842485,0.21259701224709524
30825,0,0.11400465087366453,0.21259701224709524
30826,0,0.12824834291220485,0.21259701224709524
30839,0,0.1529322445750674,0.21259701224709524
30842,0,0.18440319878076533,0.21259701224709524
30848,0,0.16902025749611885,0.21259701224709524
30859,0,0.2864818649853317,0.21259701224709524
30870,0,0.09386203769957412,0.21259701224709524
30874,0,0.29488476346784004,0.21259701224709524
30878,0,0.148750602453123,0.21259701224709524
30879,1,0.2090691151689328,0.21259701224709524
30880,1,0.25227158005748035,0.21259701224709524
30881,0,0.15940928911927793,0.21259701224709524
30884,0,0.1716559098855034,0.21259701224709524
30887,0,0.1869691941458105,0.21259701224709524
30898,1,0.32823035618676566,0.21259701224709524
30899,0,0.11811552511478132,0.21259701224709524
30902,0,0.3059607518086141,0.21259701224709524
30903,0,0.13240432209038508,0.21259701224709524
30904,0,0.25628081124381424,0.21259701224709524
30910,0,0.142683713586926,0.21259701224709524
30913,0,0.21178335126736247,0.21259701224709524
30914,0,0.3087998570854191,0.21259701224709524
30924,0,0.34495766752394835,0.21259701224709524
30927,0,0.27130858900790117,0.21259701224709524
30930,0,0.24750341130535636,0.21259701224709524
30932,0,0.1919200329887822,0.21259701224709524
30938,1,0.3153269834773525,0.21259701224709524
30939,0,0.11777329320990142,0.21259701224709524
30959,0,0.26065678541099335,0.21259701224709524
30960,0,0.25497949621767163,0.21259701224709524
30965,0,0.1320335824716676,0.21259701224709524
30975,0,0.19007020635700655,0.21259701224709524
30979,0,0.26493017570648647,0.21259701224709524
30987,0,0.21259711664688188,0.21259701224709524
30989,0,0.18277357311039516,0.21259701224709524
30996,1,0.17600390438072505,0.21259701224709524
30997,0,0.1262407052464786,0.21259701224709524
31000,0,0.2576428590447557,0.21259701224709524
31003,0,0.18370739950128245,0.21259701224709524
31013,1,0.2507564243059196,0.21259701224709524
31015,0,0.21671700287025936,0.21259701224709524
31016,0,0.12302523119290863,0.21259701224709524
31019,0,0.3280265561804001,0.21259701224709524
31021,0,0.20839454539300695,0.21259701224709524
31023,0,0.28781132434660855,0.21259701224709524
31030,0,0.18322168174982686,0.21259701224709524
31035,0,0.2986111211512616,0.21259701224709524
31044,1,0.2870292006208532,0.21259701224709524
31051,0,0.2358717187847071,0.21259701224709524
31060,0,0.3574126439739453,0.21259701224709524
31063,1,0.33327495565769394,0.21259701224709524
31068,0,0.2909701741685507,0.21259701224709524
31069,1,0.2978849416623042,0.21259701224709524
31074,1,0.2691607417974993,0.21259701224709524
31082,0,0.20715091711105363,0.21259701224709524
31088,0,0.14892702601730196,0.21259701224709524
31091,0,0.27201319198493146,0.21259701224709524
31092,0,0.21433776596427911,0.21259701224709524
31101,0,0.29323109154122196,0.21259701224709524
31109,0,0.19157395800642582,0.21259701224709524
31123,0,0.2654726262341862,0.21259701224709524
31125,1,0.29707209007334157,0.21259701224709524
31135,1,0.22040570070959561,0.21259701224709524
31138,0,0.2685776643851313,0.21259701224709524
31144,1,0.30149695284615574,0.21259701224709524
31146,0,0.13070980134671908,0.21259701224709524
31147,0,0.1946592000326741,0.21259701224709524
31149,0,0.1472535370001008,0.21259701224709524
31152,0,0.3597206233996996,0.21259701224709524
31161,0,0.21417651117191497,0.21259701224709524
31163,0,0.17366540303359723,0.21259701224709524
31164,0,0.12365818012648055,0.21259701224709524
31167,0,0.157126828628645,0.21259701224709524
31174,0,0.15404097919431803,0.21259701224709524
31175,1,0.12438350789843394,0.21259701224709524
31188,0,0.17147989596213323,0.21259701224709524
31193,0,0.13459513806679194,0.21259701224709524
31200,1,0.12356760766581468,0.21259701224709524
31204,0,0.2087446359847474,0.21259701224709524
31215,0,0.16740120695384664,0.21259701224709524
31221,0,0.17677247353336664,0.21259701224709524
31224,0,0.2355193860648982,0.21259701224709524
31229,0,0.30153141659327815,0.21259701224709524
31244,0,0.189730803427916,0.21259701224709524
31254,1,0.28339795929038974,0.21259701224709524
31257,0,0.04294577494991289,0.21259701224709524
31260,1,0.15841804114548932,0.21259701224709524
31263,1,0.22752994015416717,0.21259701224709524
31270,0,0.25999927684701246,0.21259701224709524
31272,0,0.2565021554630559,0.21259701224709524
31276,1,0.25015344623299296,0.21259701224709524
31278,0,0.17393167370439924,0.21259701224709524
31283,0,0.229549608670868,0.21259701224709524
31289,0,0.30473906410203305,0.21259701224709524
31291,1,0.28699785451961646,0.21259701224709524
31307,1,0.3303079753674638,0.21259701224709524
31312,0,0.1574416019213485,0.21259701224709524
31314,0,0.2530841127188696,0.21259701224709524
31323,0,0.25466116996735627,0.21259701224709524
31325,1,0.12124262057107589,0.21259701224709524
31333,0,0.27791792133493604,0.21259701224709524
31337,1,0.21900663473937015,0.21259701224709524
31343,0,0.20913908222813238,0.21259701224709524
31352,1,0.1947141252048968,0.21259701224709524
31353,1,0.23924183686551292,0.21259701224709524
31377,0,0.344218510967513,0.21259701224709524
31379,0,0.20755673519918774,0.21259701224709524
31397,0,0.2633964786014267,0.21259701224709524
31425,0,0.2287938472319447,0.21259701224709524
31426,0,0.24285395696482176,0.21259701224709524
31429,1,0.19016917528713265,0.21259701224709524
31432,0,0.2354317272784281,0.21259701224709524
31440,1,0.16036804314796982,0.21259701224709524
31444,1,0.29163158654746596,0.21259701224709524
31447,0,0.19237024949807427,0.21259701224709524
31448,0,0.2126296597998822,0.21259701224709524
31453,1,0.260972682054353,0.21259701224709524
31455,1,0.2148133098212334,0.21259701224709524
31480,0,0.12979790011582654,0.21259701224709524
31484,0,0.1916597842636935,0.21259701224709524
31489,0,0.27922661952910416,0.21259701224709524
31492,0,0.1733346471538435,0.21259701224709524
31493,0,0.21873844708349785,0.21259701224709524
31506,1,0.32818992296916716,0.21259701224709524
31507,0,0.1813287525264426,0.21259701224709524
31511,0,0.10709814554799255,0.21259701224709524
31515,1,0.18292108957245612,0.21259701224709524
31523,1,0.22069629057012913,0.21259701224709524
31525,0,0.139424732909233,0.21259701224709524
31527,0,0.1905214461042577,0.21259701224709524
31531,0,0.18808416652954044,0.21259701224709524
31533,0,0.1883227729800052,0.21259701224709524
31536,0,0.21810975803513624,0.21259701224709524
31559,0,0.3169624045844071,0.21259701224709524
31561,1,0.07472308222195452,0.21259701224709524
31565,0,0.19748762386156626,0.21259701224709524
31574,0,0.17558972331975622,0.21259701224709524
31579,1,0.21731146489468975,0.21259701224709524
31591,0,0.24824978214574517,0.21259701224709524
31595,0,0.14827650563725572,0.21259701224709524
31596,0,0.2662640690876142,0.21259701224709524
31597,0,0.2549607095224167,0.21259701224709524
31598,0,0.2623704950801443,0.21259701224709524
31605,0,0.2280191443146647,0.21259701224709524
31607,1,0.29426554309596464,0.21259701224709524
31611,0,0.17492741315644972,0.21259701224709524
31619,0,0.2545915780686291,0.21259701224709524
31622,0,0.18260096104616824,0.21259701224709524
31624,0,0.14278041201715927,0.21259701224709524
31628,0,0.14230924155664662,0.21259701224709524
31629,0,0.2263526166430948,0.21259701224709524
31630,0,0.1635516361162477,0.21259701224709524
31631,0,0.14905326894977403,0.21259701224709524
31634,1,0.363137254123448,0.21259701224709524
31636,1,0.5710756489057109,0.21259701224709524
31638,0,0.26018198943157633,0.21259701224709524
31639,0,0.2024379872864383,0.21259701224709524
31644,0,0.20303406649194064,0.21259701224709524
31646,0,0.3218294906894338,0.21259701224709524
31648,0,0.1850911634621634,0.21259701224709524
31672,0,0.29292301557023737,0.21259701224709524
31677,0,0.2726424466135105,0.21259701224709524
31681,0,0.1587759545360794,0.21259701224709524
31691,1,0.2577949808576383,0.21259701224709524
31698,0,0.18372597780496575,0.21259701224709524
31708,1,0.3678042603830423,0.21259701224709524
31716,0,0.22109948238781593,0.21259701224709524
31717,0,0.2981361429326193,0.21259701224709524
31721,0,0.14289557682204151,0.21259701224709524
31725,1,0.16988856143297343,0.21259701224709524
31736,0,0.1715894880486568,0.21259701224709524
31739,0,0.13207916107136278,0.21259701224709524
31743,0,0.22419846548206382,0.21259701224709524
31747,0,0.14794759933096727,0.21259701224709524
31750,0,0.1381972869823855,0.21259701224709524
31754,0,0.15597762012409339,0.21259701224709524
31760,0,0.1922923718599129,0.21259701224709524
31761,0,0.10016848420565826,0.21259701224709524
31767,0,0.21570845267340963,0.21259701224709524
31771,0,0.18613377011042592,0.21259701224709524
31777,1,0.16583593715326098,0.21259701224709524
31782,0,0.18260404661276905,0.21259701224709524
31787,0,0.31054846611571907,0.21259701224709524
31790,1,0.25821594937334635,0.21259701224709524
31802,0,0.3059559184115004,0.21259701224709524
31808,1,0.1256933889837318,0.21259701224709524
31811,1,0.2632195067508766,0.21259701224709524
31812,1,0.24793187871428235,0.21259701224709524
31821,0,0.23967683512285914,0.21259701224709524
31822,1,0.19092169635728137,0.21259701224709524
31829,0,0.1349492030593818,0.21259701224709524
31830,0,0.20101560653138487,0.21259701224709524
31835,0,0.3202461837167687,0.21259701224709524
31838,0,0.16856586006200028,0.21259701224709524
31850,1,0.3053615289354344,0.21259701224709524
31856,0,0.22518772726654843,0.21259701224709524
31863,0,0.2553995046006609,0.21259701224709524
31866,0,0.22375105458075956,0.21259701224709524
31871,0,0.3408179302944657,0.21259701224709524
31881,1,0.17321103955969014,0.21259701224709524
31883,1,0.20189263294290832,0.21259701224709524
31898,0,0.317653487636858,0.21259701224709524
31901,0,0.10480306538855529,0.21259701224709524
31903,0,0.1344247136239168,0.21259701224709524
31908,0,0.26715823083274054,0.21259701224709524
31914,0,0.23673214000893478,0.21259701224709524
31919,0,0.17182116772213912,0.21259701224709524
31921,0,0.2756150515131996,0.21259701224709524
31928,0,0.3099093690568564,0.21259701224709524
31929,1,0.32477925927195017,0.21259701224709524
31937,0,0.2395779883117866,0.21259701224709524
31941,1,0.2851816150587699,0.21259701224709524
31948,0,0.15514686479327555,0.21259701224709524
31950,0,0.22135857206158005,0.21259701224709524
31953,0,0.1959435911056936,0.21259701224709524
31956,0,0.1951637832545657,0.21259701224709524
31958,1,0.14791117372796367,0.21259701224709524
31967,0,0.18029094589178513,0.21259701224709524
31976,1,0.28591850207750547,0.21259701224709524
31980,0,0.18373276734430877,0.21259701224709524
31986,0,0.3803901346833212,0.21259701224709524
31991,0,0.1853048897111603,0.21259701224709524
31992,1,0.2715591577489752,0.21259701224709524
31994,0,0.21455022929016784,0.21259701224709524
32000,1,0.22056708052321888,0.21259701224709524
32009,0,0.225757378090202,0.21259701224709524
32010,1,0.2581085128186843,0.21259701224709524
32020,0,0.11821658139530729,0.21259701224709524
32029,0,0.1825456834070288,0.21259701224709524
32034,1,0.2643308532237184,0.21259701224709524
32043,0,0.1880797771434004,0.21259701224709524
32044,1,0.22495932448420417,0.21259701224709524
32055,0,0.26591626271044694,0.21259701224709524
32062,0,0.2603761911706837,0.21259701224709524
32073,1,0.13563179787433347,0.21259701224709524
32078,0,0.2519216952079236,0.21259701224709524
32080,0,0.2544889500481013,0.21259701224709524
32081,0,0.202897081799826,0.21259701224709524
32084,0,0.21235105278901192,0.21259701224709524
32097,0,0.2599797682163517,0.21259701224709524
32111,0,0.2472557823721941,0.21259701224709524
32115,0,0.13830874620290823,0.21259701224709524
32116,0,0.33224171808174435,0.21259701224709524
32119,0,0.3805595663086105,0.21259701224709524
32127,0,0.24076949007267448,0.21259701224709524
32132,0,0.148379148456296,0.21259701224709524
32133,0,0.18240443397358755,0.21259701224709524
32134,1,0.18224868768345365,0.21259701224709524
32135,0,0.1645259328998571,0.21259701224709524
32136,0,0.1398256253757983,0.21259701224709524
32148,0,0.1738235293251382,0.21259701224709524
32155,1,0.23798311060311367,0.21259701224709524
32156,0,0.14696264726597077,0.21259701224709524
32165,0,0.2020925991094857,0.21259701224709524
32180,1,0.2923800274924206,0.21259701224709524
32187,0,0.3468098046571453,0.21259701224709524
32188,0,0.13749334681817246,0.21259701224709524
32192,0,0.13213125476021986,0.21259701224709524
32193,0,0.18336386062766824,0.21259701224709524
32204,0,0.15488568680088113,0.21259701224709524
32209,0,0.23715445009122202,0.21259701224709524
32210,1,0.15471942421123092,0.21259701224709524
32233,0,0.112075283106546,0.21259701224709524
32242,0,0.2250099088122462,0.21259701224709524
32243,0,0.3249421537636226,0.21259701224709524
32251,0,0.18776558839979662,0.21259701224709524
32271,0,0.26286221489998385,0.21259701224709524
32275,1,0.22589117069704817,0.21259701224709524
32276,0,0.13131240102837888,0.21259701224709524
32278,0,0.17016127253742286,0.21259701224709524
32290,0,0.19155567190719083,0.21259701224709524
32292,1,0.18844214653819102,0.21259701224709524
32295,0,0.1662147240979977,0.21259701224709524
32301,0,0.14018794799976134,0.21259701224709524
32303,0,0.1612252042565809,0.21259701224709524
32307,0,0.12439162348580678,0.21259701224709524
32310,0,0.2894059667818306,0.21259701224709524
32313,1,0.24273522421882532,0.21259701224709524
32320,0,0.17673765736803093,0.21259701224709524
32321,0,0.1818488292996432,0.21259701224709524
32328,0,0.2974295693022116,0.21259701224709524
32329,0,0.17326396464482008,0.21259701224709524
32344,0,0.12523767371077318,0.21259701224709524
32345,0,0.1888235679385253,0.21259701224709524
32346,0,0.27344818280249866,0.21259701224709524
32350,0,0.227655404636831,0.21259701224709524
32352,1,0.14438834059075145,0.21259701224709524
32353,0,0.19404335755991833,0.21259701224709524
32365,1,0.21202842679278414,0.21259701224709524
32375,0,0.2724807232659991,0.21259701224709524
32379,0,0.34270260498260585,0.21259701224709524
32384,1,0.14348984529631698,0.21259701224709524
32386,0,0.13419731491499315,0.21259701224709524
32387,0,0.15321940270267376,0.21259701224709524
32389,0,0.27208646533182423,0.21259701224709524
32390,0,0.17559909331635173,0.21259701224709524
32395,0,0.1926790331231407,0.21259701224709524
32412,0,0.12767063246949217,0.21259701224709524
32413,0,0.2079388173709493,0.21259701224709524
32418,0,0.14101198150395894,0.21259701224709524
32425,1,0.20432613270367123,0.21259701224709524
32426,0,0.26005500501009315,0.21259701224709524
32431,0,0.19295920021341315,0.21259701224709524
32436,0,0.2939373759136579,0.21259701224709524
32437,0,0.17158143927961436,0.21259701224709524
32442,0,0.10651849693868237,0.21259701224709524
32443,0,0.10018864324865279,0.21259701224709524
32445,1,0.3880858335956572,0.21259701224709524
32451,0,0.15008231296430716,0.21259701224709524
32455,1,0.17715247933998532,0.21259701224709524
32456,0,0.22534156369330935,0.21259701224709524
32460,0,0.2667385008478853,0.21259701224709524
32465,0,0.21072803585585761,0.21259701224709524
32466,0,0.20127941372442124,0.21259701224709524
32470,0,0.2584819937183443,0.21259701224709524
32475,0,0.20258770561462758,0.21259701224709524
32477,0,0.18188110955517253,0.21259701224709524
32479,0,0.19486781645123144,0.21259701224709524
32480,0,0.2244365281345325,0.21259701224709524
32483,1,0.14901665237366388,0.21259701224709524
32485,0,0.3304114486873973,0.21259701224709524
32493,0,0.18110574352941372,0.21259701224709524
32500,0,0.3037806201083392,0.21259701224709524
32504,0,0.22221191275421515,0.21259701224709524
32505,0,0.21992317121673888,0.21259701224709524
32506,0,0.15341428489455738,0.21259701224709524
32507,0,0.18605332103343955,0.21259701224709524
32508,0,0.17708372635548414,0.21259701224709524
32509,0,0.1773869941728711,0.21259701224709524
32512,0,0.20489111193561965,0.21259701224709524
32517,0,0.23825358380260575,0.21259701224709524
32524,0,0.12675672200813648,0.21259701224709524
32526,0,0.35664379392711515,0.21259701224709524
32536,0,0.15866169859066753,0.21259701224709524
32539,0,0.2125163990198685,0.21259701224709524
32540,0,0.1564070111008988,0.21259701224709524
32542,0,0.2093851215644742,0.21259701224709524
32544,0,0.30173647633097805,0.21259701224709524
32547,0,0.2264505952104209,0.21259701224709524
32551,0,0.21525788173758717,0.21259701224709524
32554,1,0.26176966547864894,0.21259701224709524
32562,0,0.08746789542038509,0.21259701224709524
32566,1,0.16307736958990796,0.21259701224709524
32572,0,0.17316249744251241,0.21259701224709524
32582,0,0.18154179114881783,0.21259701224709524
32593,1,0.3407623434595593,0.21259701224709524
32594,0,0.16816658614639246,0.21259701224709524
32601,0,0.1540786510090533,0.21259701224709524
32617,0,0.16312909094968417,0.21259701224709524
32619,0,0.12959218448708879,0.21259701224709524
32626,0,0.3308124544659581,0.21259701224709524
32628,1,0.21280209640529926,0.21259701224709524
32633,0,0.20440887966636445,0.21259701224709524
32634,0,0.2351630157797903,0.21259701224709524
32644,0,0.14661445959849198,0.21259701224709524
32650,0,0.28941920253026227,0.21259701224709524
32653,0,0.17922060933735381,0.21259701224709524
32671,0,0.22818167222129,0.21259701224709524
32677,1,0.19780690994671446,0.21259701224709524
32678,0,0.15906865358878367,0.21259701224709524
32683,1,0.2732391322138078,0.21259701224709524
32693,0,0.20967020127472683,0.21259701224709524
32694,0,0.25623611609985963,0.21259701224709524
32697,1,0.30707204692771134,0.21259701224709524
32704,0,0.249975990789421,0.21259701224709524
32705,0,0.3650344573583852,0.21259701224709524
32733,0,0.11849303917617153,0.21259701224709524
32735,1,0.25182271891712593,0.21259701224709524
32736,0,0.280441382295842,0.21259701224709524
32737,0,0.1655622225077553,0.21259701224709524
32738,0,0.16590248172451771,0.21259701224709524
32740,0,0.2671848013437435,0.21259701224709524
32748,0,0.14066609020420998,0.21259701224709524
32756,1,0.1886113641985509,0.21259701224709524
32762,0,0.18508261436558468,0.21259701224709524
32766,1,0.18945636590294457,0.21259701224709524
32767,0,0.18342909491834036,0.21259701224709524
32773,0,0.32077430069650925,0.21259701224709524
32792,1,0.24920177689346798,0.21259701224709524
32794,1,0.33228061110688867,0.21259701224709524
32795,0,0.18181622156320462,0.21259701224709524
32796,1,0.18767989586106076,0.21259701224709524
32801,0,0.20788544154022087,0.21259701224709524
32803,0,0.13818955797470603,0.21259701224709524
32804,0,0.21498260910017478,0.21259701224709524
32813,1,0.2836022311167882,0.21259701224709524
32823,1,0.31976649135962754,0.21259701224709524
32831,0,0.32990988402646604,0.21259701224709524
32833,0,0.10932019257903525,0.21259701224709524
32838,0,0.2453464242742823,0.21259701224709524
32840,0,0.23856136812712234,0.21259701224709524
32841,0,0.19388712045641573,0.21259701224709524
32855,0,0.2294672629146139,0.21259701224709524
32861,0,0.15846842760071594,0.21259701224709524
32862,0,0.15394561905236087,0.21259701224709524
32868,0,0.15502422315123612,0.21259701224709524
32872,0,0.20111161568281521,0.21259701224709524
32877,0,0.11725786082469175,0.21259701224709524
32880,1,0.14411866161468892,0.21259701224709524
32885,0,0.16524201835414465,0.21259701224709524
32886,0,0.17330885530629386,0.21259701224709524
32895,0,0.22369810939886198,0.21259701224709524
32904,0,0.14668981720883764,0.21259701224709524
32906,0,0.2960847565423852,0.21259701224709524
32910,0,0.19441703879849306,0.21259701224709524
32915,0,0.23230261118757736,0.21259701224709524
32916,0,0.3114314280336345,0.21259701224709524
32917,1,0.3859287270214809,0.21259701224709524
32921,0,0.24687773634154742,0.21259701224709524
32926,0,0.11947840274312518,0.21259701224709524
32933,0,0.35358003897874407,0.21259701224709524
32934,0,0.16688140995044665,0.21259701224709524
32937,0,0.3321683037688917,0.21259701224709524
32938,0,0.17900619529524936,0.21259701224709524
32941,0,0.2330858296872601,0.21259701224709524
32944,1,0.23923004874183829,0.21259701224709524
32945,0,0.19284321775367386,0.21259701224709524
32953,0,0.3495860875119276,0.21259701224709524
32964,0,0.15565114333444785,0.21259701224709524
32965,0,0.3280831961443246,0.21259701224709524
32966,0,0.2269644075920452,0.21259701224709524
32983,0,0.20173852996310085,0.21259701224709524
32987,0,0.1728898397478651,0.21259701224709524
32990,0,0.32734305508281253,0.21259701224709524
32991,0,0.20347706638939747,0.21259701224709524
32999,1,0.15445625398377968,0.21259701224709524
33000,0,0.15292831214672725,0.21259701224709524
33002,0,0.1716796282094551,0.21259701224709524
33003,0,0.21078928030209718,0.21259701224709524
33007,1,0.21765795438890465,0.21259701224709524
33010,0,0.26974133244482473,0.21259701224709524
33016,0,0.18646923390150724,0.21259701224709524
33029,0,0.1912227163945012,0.21259701224709524
33038,0,0.25567474415738983,0.21259701224709524
33041,0,0.3021311759969023,0.21259701224709524
33049,0,0.13862660027450613,0.21259701224709524
33050,1,0.27732909316106674,0.21259701224709524
33051,1,0.2730833406493544,0.21259701224709524
33052,1,0.15087690107059987,0.21259701224709524
33070,0,0.17760386670548342,0.21259701224709524
33075,0,0.2427269903620443,0.21259701224709524
33083,1,0.3127170901670138,0.21259701224709524
33091,1,0.34404234154652114,0.21259701224709524
33099,1,0.28658433077135853,0.21259701224709524
33105,0,0.1427664201914375,0.21259701224709524
33107,0,0.11191684945331998,0.21259701224709524
33115,1,0.1861975749284626,0.21259701224709524
33117,1,0.2524496687802541,0.21259701224709524
33118,0,0.11638987087681395,0.21259701224709524
33120,0,0.2202987670785387,0.21259701224709524
33121,0,0.13025338594477914,0.21259701224709524
33124,0,0.2645392099037311,0.21259701224709524
33131,0,0.2548496036888368,0.21259701224709524
33133,0,0.22405827050880622,0.21259701224709524
33134,0,0.2953639631297668,0.21259701224709524
33135,0,0.148453235337243,0.21259701224709524
33148,0,0.2381518299054735,0.21259701224709524
33150,0,0.17413134382923431,0.21259701224709524
33163,0,0.10647230634071365,0.21259701224709524
33165,0,0.2143244850762798,0.21259701224709524
33173,0,0.19656765079061236,0.21259701224709524
33174,1,0.18358050118094787,0.21259701224709524
33175,1,0.1980856573715059,0.21259701224709524
33179,1,0.27224853803330784,0.21259701224709524
33182,1,0.29404331343793105,0.21259701224709524
33191,0,0.26588975599764025,0.21259701224709524
33196,1,0.3252911287081726,0.21259701224709524
33202,0,0.21355999462104305,0.21259701224709524
33209,1,0.15580294819965038,0.21259701224709524
33211,0,0.1755000178313971,0.21259701224709524
33212,0,0.2406864327976907,0.21259701224709524
33215,0,0.1826329323610846,0.21259701224709524
33222,0,0.13103633528787387,0.21259701224709524
33226,0,0.23039388622686344,0.21259701224709524
33234,0,0.3122894877972089,0.21259701224709524
33239,1,0.26613903696766644,0.21259701224709524
33240,0,0.1703481068191347,0.21259701224709524
33241,0,0.2348283081257813,0.21259701224709524
33249,0,0.15673616038624544,0.21259701224709524
33250,0,0.22842819816752477,0.21259701224709524
33260,0,0.3192959040542599,0.21259701224709524
33270,0,0.4079647253107225,0.21259701224709524
33273,0,0.18113703071925563,0.21259701224709524
33274,0,0.19046005770402782,0.21259701224709524
33279,0,0.2823025837269656,0.21259701224709524
33281,0,0.2754040249194912,0.21259701224709524
33288,0,0.26595669511629155,0.21259701224709524
33296,0,0.1667844205988589,0.21259701224709524
33298,0,0.3533447077137436,0.21259701224709524
33300,0,0.13178547950670302,0.21259701224709524
33304,0,0.1236615967658169,0.21259701224709524
33307,0,0.16151705111512554,0.21259701224709524
33309,0,0.154665610293671,0.21259701224709524
33314,0,0.1551024199086204,0.21259701224709524
33319,0,0.1823502218617475,0.21259701224709524
33325,0,0.2664694358773699,0.21259701224709524
33328,0,0.17750374514872305,0.21259701224709524
33341,0,0.19587667541383816,0.21259701224709524
33343,0,0.12499606846838071,0.21259701224709524
33352,0,0.17387883914281285,0.21259701224709524
33359,0,0.27111106779590083,0.21259701224709524
33360,0,0.1181742115962133,0.21259701224709524
33361,0,0.1444293081228719,0.21259701224709524
33363,0,0.20843040964795959,0.21259701224709524
33369,0,0.17333204451919737,0.21259701224709524
33378,1,0.30700169506257735,0.21259701224709524
33386,1,0.13365250882881627,0.21259701224709524
33406,0,0.24506263056399283,0.21259701224709524
33413,0,0.13112757510463072,0.21259701224709524
33416,0,0.21916644927727202,0.21259701224709524
33431,0,0.16552797686643073,0.21259701224709524
33434,0,0.2980250336964305,0.21259701224709524
33442,1,0.1336529422012432,0.21259701224709524
33443,0,0.245560007286123,0.21259701224709524
33444,1,0.2346660761685862,0.21259701224709524
33445,0,0.2750250180491196,0.21259701224709524
33447,0,0.13448127672219748,0.21259701224709524
33451,0,0.16691143172914294,0.21259701224709524
33453,0,0.19484648197430648,0.21259701224709524
33456,0,0.20041991108774113,0.21259701224709524
33457,0,0.20974541751894946,0.21259701224709524
33464,0,0.3979530729745943,0.21259701224709524
33474,0,0.16996873766271087,0.21259701224709524
33477,0,0.22743529423008071,0.21259701224709524
33483,1,0.1462096626212305,0.21259701224709524
33494,1,0.3207893840349491,0.21259701224709524
33497,0,0.3398107924136814,0.21259701224709524
33499,0,0.3093289201007234,0.21259701224709524
33507,0,0.2641960245801915,0.21259701224709524
33514,0,0.2455286619783064,0.21259701224709524
33515,0,0.19460648717763174,0.21259701224709524
33516,1,0.23701768506287016,0.21259701224709524
33519,0,0.20889130544121065,0.21259701224709524
33521,1,0.17221972615420272,0.21259701224709524
33524,0,0.19630246401404633,0.21259701224709524
33534,0,0.2583535468919057,0.21259701224709524
33536,0,0.16494614296750215,0.21259701224709524
33539,1,0.16988345257595028,0.21259701224709524
33544,1,0.29873767711512594,0.21259701224709524
33553,1,0.17608902314051803,0.21259701224709524
33554,0,0.23841241451474302,0.21259701224709524
33559,0,0.30600020528171407,0.21259701224709524
33571,0,0.19339766312820855,0.21259701224709524
33572,0,0.2892515584494046,0.21259701224709524
33574,0,0.25717424508946124,0.21259701224709524
33576,0,0.24581945421694357,0.21259701224709524
33585,0,0.26980841415299117,0.21259701224709524
33586,0,0.18387890745755128,0.21259701224709524
33593,1,0.170029007474811,0.21259701224709524
33594,0,0.39209576188838297,0.21259701224709524
33595,0,0.1776763913224585,0.21259701224709524
33600,1,0.25263598878837334,0.21259701224709524
33609,0,0.16229510485131332,0.21259701224709524
33613,0,0.2706168216295189,0.21259701224709524
33617,0,0.16470330559989277,0.21259701224709524
33621,1,0.3171358412048052,0.21259701224709524
33625,0,0.08938316291495427,0.21259701224709524
33628,0,0.32975116110521796,0.21259701224709524
33630,0,0.22355055089790057,0.21259701224709524
33631,0,0.2703808634828559,0.21259701224709524
33651,0,0.2342029870848278,0.21259701224709524
33656,1,0.23255003264956076,0.21259701224709524
33662,1,0.3310400443631425,0.21259701224709524
33663,1,0.2645410860639616,0.21259701224709524
33666,0,0.23777195817072472,0.21259701224709524
33672,0,0.17240390772012135,0.21259701224709524
33676,1,0.21379665124076772,0.21259701224709524
33680,0,0.27550836046452915,0.21259701224709524
33689,0,0.20391611382660196,0.21259701224709524
33692,0,0.3751381647781016,0.21259701224709524
33698,0,0.15383060443887214,0.21259701224709524
33700,0,0.19487393078118273,0.21259701224709524
33705,0,0.17524621140833788,0.21259701224709524
33717,0,0.15622439590643838,0.21259701224709524
33733,0,0.2000786610586271,0.21259701224709524
33735,0,0.17440118905158133,0.21259701224709524
33736,0,0.14514204600019145,0.21259701224709524
33740,0,0.17126346457730143,0.21259701224709524
33744,0,0.24369013880446314,0.21259701224709524
33747,0,0.1740178053067667,0.21259701224709524
33752,0,0.20462539489846202,0.21259701224709524
33757,0,0.19299319547886531,0.21259701224709524
33759,1,0.18749949562381724,0.21259701224709524
33772,1,0.3247418956741962,0.21259701224709524
33774,1,0.223222804684421,0.21259701224709524
33779,0,0.14108075026770947,0.21259701224709524
33782,0,0.18291688814604878,0.21259701224709524
33786,0,0.22334372106400313,0.21259701224709524
33794,0,0.26098279658988743,0.21259701224709524
33803,0,0.17885118996138208,0.21259701224709524
33805,1,0.41925281060346437,0.21259701224709524
33810,0,0.22452228938073068,0.21259701224709524
33821,0,0.21878297950626097,0.21259701224709524
33823,0,0.19054739405811635,0.21259701224709524
33824,0,0.32206346930158847,0.21259701224709524
33837,1,0.2667088572096943,0.21259701224709524
33854,1,0.24937646844085548,0.21259701224709524
33855,0,0.17454171206417937,0.21259701224709524
33857,0,0.14941210759329143,0.21259701224709524
33859,0,0.23842749459623663,0.21259701224709524
33871,0,0.12224827307612289,0.21259701224709524
33872,0,0.22689154356275898,0.21259701224709524
33873,0,0.3112816096704016,0.21259701224709524
33874,0,0.21860440047699609,0.21259701224709524
33876,0,0.16472336391132192,0.21259701224709524
33884,1,0.22697321766544598,0.21259701224709524
33886,0,0.13925431053892207,0.21259701224709524
33891,1,0.29193622163042005,0.21259701224709524
33895,0,0.23748931897999853,0.21259701224709524
33897,1,0.13964001028800882,0.21259701224709524
33898,1,0.29744978144861206,0.21259701224709524
33901,0,0.4227070022613867,0.21259701224709524
33902,0,0.21558199973300676,0.21259701224709524
33906,0,0.26699914059800384,0.21259701224709524
33910,0,0.32685068855516836,0.21259701224709524
33913,0,0.144090653810486,0.21259701224709524
33914,0,0.19670774916084174,0.21259701224709524
33918,0,0.19126074651460098,0.21259701224709524
33924,0,0.17951907021571398,0.21259701224709524
33925,0,0.24375194265890548,0.21259701224709524
33934,0,0.15088689721209653,0.21259701224709524
33940,0,0.15776207348466387,0.21259701224709524
33951,0,0.18166071359212113,0.21259701224709524
33956,0,0.2137377668408158,0.21259701224709524
33963,0,0.1826468000447838,0.21259701224709524
33971,0,0.1922566983951545,0.21259701224709524
33976,0,0.22977440975913446,0.21259701224709524
33985,0,0.3178669817623926,0.21259701224709524
33986,0,0.13305872837104568,0.21259701224709524
33989,0,0.22830318459670404,0.21259701224709524
33995,0,0.1461527346955355,0.21259701224709524
33997,0,0.14671832593331322,0.21259701224709524
33999,0,0.18027892903583548,0.21259701224709524
34000,1,0.27903715678290486,0.21259701224709524
34001,0,0.2542195864251972,0.21259701224709524
34012,0,0.19439037589228567,0.21259701224709524
34019,0,0.3131103587952535,0.21259701224709524
34033,0,0.17065759918297904,0.21259701224709524
34042,0,0.16424156002799112,0.21259701224709524
34049,1,0.20561738467340096,0.21259701224709524
34052,1,0.1465554339933909,0.21259701224709524
34053,0,0.13222145800446858,0.21259701224709524
34057,0,0.20320297166280457,0.21259701224709524
34065,0,0.14546347024777662,0.21259701224709524
34067,0,0.18086588701368964,0.21259701224709524
34077,1,0.13285139210816543,0.21259701224709524
34086,0,0.24063400443825728,0.21259701224709524
34102,1,0.3283394553122931,0.21259701224709524
34104,0,0.19097447812132384,0.21259701224709524
34114,0,0.20706114143569143,0.21259701224709524
34117,0,0.11920719278485808,0.21259701224709524
34123,0,0.1680822587105961,0.21259701224709524
34133,0,0.1377833710214883,0.21259701224709524
34143,0,0.23967683045374835,0.21259701224709524
34144,0,0.3064097231472648,0.21259701224709524
34169,0,0.34048101003434456,0.21259701224709524
34177,1,0.15105803107361593,0.21259701224709524
34178,0,0.17902215935018337,0.21259701224709524
34186,0,0.31986724251396426,0.21259701224709524
34187,0,0.22696094165078046,0.21259701224709524
34194,1,0.18154659334820303,0.21259701224709524
34196,0,0.2551074150861416,0.21259701224709524
34197,0,0.3356386705455144,0.21259701224709524
34207,1,0.19059584570639684,0.21259701224709524
34208,0,0.2651994484410379,0.21259701224709524
34211,0,0.1688819283037539,0.21259701224709524
34212,0,0.14411243525692707,0.21259701224709524
34217,0,0.16737734838229265,0.21259701224709524
34218,1,0.12012320097565876,0.21259701224709524
34219,0,0.2154299664970536,0.21259701224709524
34220,0,0.31695992466647155,0.21259701224709524
34232,0,0.19389039340040806,0.21259701224709524
34239,1,0.21219924908933083,0.21259701224709524
34240,0,0.1941515814130798,0.21259701224709524
34248,0,0.19201341409698386,0.21259701224709524
34252,0,0.20600320689275475,0.21259701224709524
34256,0,0.15314231172656997,0.21259701224709524
34261,0,0.2426838344007089,0.21259701224709524
34262,0,0.33260140294694773,0.21259701224709524
34263,0,0.14294497999549405,0.21259701224709524
34264,0,0.14948706089548833,0.21259701224709524
34265,1,0.2606923486204211,0.21259701224709524
34266,0,0.13919781362772554,0.21259701224709524
34271,0,0.20651612351698817,0.21259701224709524
34275,0,0.21583591293114424,0.21259701224709524
34279,0,0.15262168193402098,0.21259701224709524
34281,1,0.2278837943865416,0.21259701224709524
34297,0,0.18904955399628795,0.21259701224709524
34299,0,0.27926678102970176,0.21259701224709524
34301,0,0.25750213629418844,0.21259701224709524
34308,1,0.1668389363388289,0.21259701224709524
34309,0,0.23411780427883666,0.21259701224709524
34318,0,0.16363916965885272,0.21259701224709524
34320,1,0.2745050379603149,0.21259701224709524
34325,1,0.3775135176562501,0.21259701224709524
34328,0,0.15411577381754077,0.21259701224709524
34331,1,0.28897721937816667,0.21259701224709524
34335,0,0.2565876050249987,0.21259701224709524
34365,1,0.36310954870258616,0.21259701224709524
34369,0,0.21881984975521332,0.21259701224709524
34372,0,0.14870466639117955,0.21259701224709524
34376,0,0.21018806221451944,0.21259701224709524
34378,0,0.11645991313820557,0.21259701224709524
34379,0,0.30171145754839485,0.21259701224709524
34383,1,0.18098966658189208,0.21259701224709524
34385,0,0.20413484077277774,0.21259701224709524
34388,0,0.20846049833553212,0.21259701224709524
34389,0,0.17007294844510493,0.21259701224709524
34390,0,0.21843911117612855,0.21259701224709524
34393,0,0.2298189896590254,0.21259701224709524
34402,0,0.14052508126379612,0.21259701224709524
34409,0,0.25119500754353485,0.21259701224709524
34418,0,0.18055632350243062,0.21259701224709524
34419,0,0.17800804171536797,0.21259701224709524
34424,0,0.21606003312316702,0.21259701224709524
34425,0,0.19132052530864854,0.21259701224709524
34426,0,0.18526062665392481,0.21259701224709524
34427,0,0.15188339446901136,0.21259701224709524
34446,1,0.1461230221067244,0.21259701224709524
34452,0,0.25262579019097764,0.21259701224709524
34453,0,0.10307954169110965,0.21259701224709524
34470,0,0.1359661858498109,0.21259701224709524
34476,0,0.17919561275845744,0.21259701224709524
34481,0,0.14072268523904918,0.21259701224709524
34485,0,0.2495340899297248,0.21259701224709524
34486,0,0.24630887878772112,0.21259701224709524
34487,0,0.16524440452758005,0.21259701224709524
34492,0,0.1974822979101773,0.21259701224709524
34498,0,0.23026633285298753,0.21259701224709524
34513,0,0.10056210823303346,0.21259701224709524
34537,0,0.3002126560386742,0.21259701224709524
34540,0,0.2731601560912282,0.21259701224709524
34554,1,0.24577251135700529,0.21259701224709524
34562,1,0.2433422485462566,0.21259701224709524
34565,0,0.1645601826055859,0.21259701224709524
34572,0,0.21887222699753514,0.21259701224709524
34573,0,0.281769613993443,0.21259701224709524
34578,0,0.30334434562512913,0.21259701224709524
34585,0,0.2467464582491493,0.21259701224709524
34587,1,0.15449287086064503,0.21259701224709524
34590,0,0.14459316989795892,0.21259701224709524
34592,0,0.2007293988298138,0.21259701224709524
34595,0,0.25074977913672136,0.21259701224709524
34597,1,0.30572200514081704,0.21259701224709524
34606,0,0.29927265246551615,0.21259701224709524
34608,1,0.1557509765776794,0.21259701224709524
34609,1,0.2102181907527637,0.21259701224709524
34610,0,0.2548297639431803,0.21259701224709524
34613,0,0.28110898476942686,0.21259701224709524
34615,0,0.2209670222813869,0.21259701224709524
34619,0,0.22191228087620057,0.21259701224709524
34622,1,0.29293048160424295,0.21259701224709524
34624,0,0.27919617661151575,0.21259701224709524
34626,0,0.2667650599758632,0.21259701224709524
34629,0,0.18576770221787278,0.21259701224709524
34631,0,0.17648013655441402,0.21259701224709524
34636,0,0.17937599019796305,0.21259701224709524
34640,0,0.240737824310602,0.21259701224709524
34642,0,0.2513810281112627,0.21259701224709524
34653,0,0.13007363027196192,0.21259701224709524
34657,0,0.1432101736338121,0.21259701224709524
34660,1,0.2764415678859441,0.21259701224709524
34675,1,0.2180431260569271,0.21259701224709524
34679,0,0.15629140991624765,0.21259701224709524
34683,0,0.264210986371577,0.21259701224709524
34685,0,0.22235407037866897,0.21259701224709524
34691,0,0.17779983498825053,0.21259701224709524
34703,0,0.1806567750164266,0.21259701224709524
34712,0,0.25351640334215836,0.21259701224709524
34715,0,0.18657728618154865,0.21259701224709524
34735,0,0.28890686193270787,0.21259701224709524
34737,0,0.16602226845198276,0.21259701224709524
34746,0,0.12430467000420777,0.21259701224709524
34757,0,0.22463489097931844,0.21259701224709524
34762,0,0.16275272448010816,0.21259701224709524
34769,0,0.13258420981491298,0.21259701224709524
34771,1,0.19207329073365853,0.21259701224709524
34776,0,0.17029517501900346,0.21259701224709524
34777,0,0.17582283724446113,0.21259701224709524
34783,0,0.25553247432854237,0.21259701224709524
34784,1,0.24881314511357974,0.21259701224709524
34788,0,0.18018517220091537,0.21259701224709524
34798,0,0.11806622899192122,0.21259701224709524
34799,0,0.34367864926661706,0.21259701224709524
34800,0,0.25677953113593033,0.21259701224709524
34801,0,0.13637737975398218,0.21259701224709524
34808,0,0.24758178846654108,0.21259701224709524
34810,0,0.32392156935740785,0.21259701224709524
34812,1,0.17470176596984205,0.21259701224709524
34815,0,0.10769444311426052,0.21259701224709524
34837,0,0.1922881628154122,0.21259701224709524
34845,0,0.1976827715911629,0.21259701224709524
34853,0,0.2685985471057627,0.21259701224709524
34858,0,0.342220047655285,0.21259701224709524
34859,0,0.16737085697400966,0.21259701224709524
34863,0,0.19789308811323525,0.21259701224709524
34864,1,0.21375335626651484,0.21259701224709524
34869,0,0.1529062695707064,0.21259701224709524
34872,0,0.3672918225181363,0.21259701224709524
34884,0,0.1909447871721934,0.21259701224709524
34905,0,0.24702042104447838,0.21259701224709524
34916,0,0.29291327882344714,0.21259701224709524
34917,1,0.2996165520163776,0.21259701224709524
34926,0,0.30439173472255904,0.21259701224709524
34931,1,0.20883001702186016,0.21259701224709524
34939,0,0.19521564815980025,0.21259701224709524
34940,0,0.1463179085827537,0.21259701224709524
34953,0,0.3470828912849919,0.21259701224709524
34954,0,0.18662262330354856,0.21259701224709524
34956,1,0.1610856957926255,0.21259701224709524
34960,0,0.18387144489305374,0.21259701224709524
34967,0,0.16233717748281842,0.21259701224709524
34968,0,0.2335801357531641,0.21259701224709524
34970,1,0.3087079587400905,0.21259701224709524
34971,1,0.2508653956225619,0.21259701224709524
34973,0,0.21698403000149155,0.21259701224709524
34976,0,0.15630886880995515,0.21259701224709524
34978,0,0.2162215253102208,0.21259701224709524
34986,0,0.2707980579344847,0.21259701224709524
34989,0,0.21371022654125268,0.21259701224709524
34990,0,0.2050810115418752,0.21259701224709524
34991,0,0.19325525270317523,0.21259701224709524
34993,0,0.15638939200374935,0.21259701224709524
34996,0,0.26600111612235217,0.21259701224709524
34999,0,0.14227858993756282,0.21259701224709524
35006,1,0.2176753734402449,0.21259701224709524
35008,0,0.23289643851455724,0.21259701224709524
35010,0,0.15740745900387626,0.21259701224709524
35011,0,0.10636875075926043,0.21259701224709524
35013,0,0.2823318338394699,0.21259701224709524
35015,0,0.18961783601399687,0.21259701224709524
35021,0,0.17842212453657266,0.21259701224709524
35028,0,0.34086025580805546,0.21259701224709524
35033,0,0.1858572308415904,0.21259701224709524
35036,1,0.2277341025582491,0.21259701224709524
35040,0,0.1862945267553033,0.21259701224709524
35041,0,0.11518217829460456,0.21259701224709524
35044,1,0.21001667501949348,0.21259701224709524
35055,0,0.22707737720173007,0.21259701224709524
35061,0,0.13485986554343976,0.21259701224709524
35064,1,0.35662117202145227,0.21259701224709524
35077,0,0.13925519540077802,0.21259701224709524
35086,0,0.182131084081716,0.21259701224709524
35088,1,0.18604215659317783,0.21259701224709524
35090,0,0.24128170562060533,0.21259701224709524
35092,0,0.2971167588224024,0.21259701224709524
35098,0,0.25783231666496587,0.21259701224709524
35107,1,0.10793091589280177,0.21259701224709524
35111,0,0.16134349897533698,0.21259701224709524
35124,0,0.19625254522026614,0.21259701224709524
35137,0,0.22061173255284408,0.21259701224709524
35138,0,0.1326302600931939,0.21259701224709524
35145,0,0.12455130918938193,0.21259701224709524
35160,0,0.1873323865139723,0.21259701224709524
35161,0,0.12538299818615284,0.21259701224709524
35163,1,0.20310488775377997,0.21259701224709524
35171,1,0.17795029271545235,0.21259701224709524
35174,0,0.32113478387636124,0.21259701224709524
35178,1,0.2228237479657725,0.21259701224709524
35188,1,0.25400766893460075,0.21259701224709524
35202,0,0.2793676752923616,0.21259701224709524
35205,0,0.14468987392626112,0.21259701224709524
35209,0,0.24320587945601796,0.21259701224709524
35229,0,0.198591485765014,0.21259701224709524
35231,1,0.27956297760371784,0.21259701224709524
35234,0,0.16557898891773093,0.21259701224709524
35245,0,0.16020029111704814,0.21259701224709524
35251,0,0.255643871511752,0.21259701224709524
35257,0,0.17775842713243695,0.21259701224709524
35259,0,0.2695915446092803,0.21259701224709524
35278,1,0.2580585435633749,0.21259701224709524
35279,1,0.3555720646634505,0.21259701224709524
35280,0,0.1510529878583212,0.21259701224709524
35282,0,0.1629052244761477,0.21259701224709524
35284,0,0.2347567368367049,0.21259701224709524
35289,0,0.2052572314325047,0.21259701224709524
35291,0,0.1762422638962074,0.21259701224709524
35299,0,0.23179082407330737,0.21259701224709524
35303,0,0.31845137013404345,0.21259701224709524
35305,1,0.10636807667481754,0.21259701224709524
35307,0,0.2561616975717064,0.21259701224709524
35312,0,0.12241526046083845,0.21259701224709524
35315,0,0.2625245512437901,0.21259701224709524
35318,1,0.35030788505297683,0.21259701224709524
35321,0,0.11145328628920599,0.21259701224709524
35323,1,0.22863073636923642,0.21259701224709524
35325,0,0.19294027824565554,0.21259701224709524
35329,1,0.325836129739842,0.21259701224709524
35336,1,0.2102377998882457,0.21259701224709524
35337,0,0.21887866687455046,0.21259701224709524
35338,0,0.18882297877797866,0.21259701224709524
35340,0,0.1635615241070694,0.21259701224709524
35347,0,0.3928485638090467,0.21259701224709524
35349,0,0.18522300618155108,0.21259701224709524
35352,1,0.13464320730451398,0.21259701224709524
35353,0,0.2304510413341474,0.21259701224709524
35366,0,0.30135425581954906,0.21259701224709524
35369,0,0.21421135625545432,0.21259701224709524
35372,0,0.12819094243145954,0.21259701224709524
35386,1,0.18697420859743585,0.21259701224709524
35388,0,0.14033431092115284,0.21259701224709524
35395,0,0.25088352843552847,0.21259701224709524
35406,0,0.3382057896248515,0.21259701224709524
35410,0,0.16104508693551034,0.21259701224709524
35411,0,0.1897792762407294,0.21259701224709524
35415,0,0.16789996964164225,0.21259701224709524
35417,0,0.28558811352958624,0.21259701224709524
35420,0,0.22322919687634651,0.21259701224709524
35422,1,0.23091453520578614,0.21259701224709524
35427,0,0.11688854774496858,0.21259701224709524
35428,1,0.14741910875834244,0.21259701224709524
35434,0,0.19880202452348072,0.21259701224709524
35439,0,0.18063031379248076,0.21259701224709524
35443,0,0.2902075522243423,0.21259701224709524
35455,0,0.24850503766282014,0.21259701224709524
35459,1,0.2094862414857216,0.21259701224709524
35463,0,0.14759579772924195,0.21259701224709524
35465,0,0.22350188987790603,0.21259701224709524
35466,1,0.33707793461594693,0.21259701224709524
35468,0,0.2449210731375611,0.21259701224709524
35474,0,0.39116381354779745,0.21259701224709524
35484,0,0.2738808118748075,0.21259701224709524
35511,0,0.1292475007462095,0.21259701224709524
35517,0,0.23024133255119217,0.21259701224709524
35528,0,0.14579063181229668,0.21259701224709524
35533,0,0.21891473165744163,0.21259701224709524
35539,0,0.1741800546888428,0.21259701224709524
35541,0,0.2710074703851495,0.21259701224709524
35543,0,0.27323082173069874,0.21259701224709524
35544,1,0.11893856806349512,0.21259701224709524
35546,1,0.16490571646954338,0.21259701224709524
35551,0,0.23333567528478316,0.21259701224709524
35559,0,0.16076601930212173,0.21259701224709524
35568,0,0.1337015539423558,0.21259701224709524
35569,0,0.2649766512927651,0.21259701224709524
35570,0,0.20120543825379966,0.21259701224709524
35572,0,0.2395687508600716,0.21259701224709524
35573,0,0.1882991576044035,0.21259701224709524
35574,0,0.16562089329781804,0.21259701224709524
35579,0,0.27639883017446787,0.21259701224709524
35580,1,0.40406890735153617,0.21259701224709524
35586,0,0.1986696580765138,0.21259701224709524
35594,0,0.18483862374555118,0.21259701224709524
35608,1,0.2740785528542276,0.21259701224709524
35610,0,0.19304972781839091,0.21259701224709524
35618,0,0.31018124708585454,0.21259701224709524
35620,0,0.115698227917555,0.21259701224709524
35627,0,0.3115754488082244,0.21259701224709524
35633,0,0.16462408858433833,0.21259701224709524
35634,1,0.2873724458829719,0.21259701224709524
35635,0,0.2953048284506922,0.21259701224709524
35640,0,0.30401203762429785,0.21259701224709524
35646,0,0.3288311252397347,0.21259701224709524
35649,0,0.1521099669589089,0.21259701224709524
35653,0,0.24781966458775959,0.21259701224709524
35654,0,0.20302710860996012,0.21259701224709524
35656,1,0.3820007439599466,0.21259701224709524
35657,0,0.20343319263542306,0.21259701224709524
35674,0,0.17086886784359165,0.21259701224709524
35680,0,0.19205065464166085,0.21259701224709524
35684,1,0.34534149484848264,0.21259701224709524
35685,1,0.2758407037471968,0.21259701224709524
35686,0,0.2474324774336634,0.21259701224709524
35687,0,0.15560777640447943,0.21259701224709524
35690,0,0.13344797608783643,0.21259701224709524
35694,0,0.36044968153590723,0.21259701224709524
35696,0,0.2783891040824765,0.21259701224709524
35699,1,0.3246160020886937,0.21259701224709524
35703,0,0.265828892407478,0.21259701224709524
35705,0,0.21002818456546163,0.21259701224709524
35712,0,0.18164314321784916,0.21259701224709524
35713,0,0.13832341432450393,0.21259701224709524
35716,0,0.28927135127480225,0.21259701224709524
35724,1,0.30043550185157386,0.21259701224709524
35725,1,0.2737091039187737,0.21259701224709524
35726,0,0.09233059699054726,0.21259701224709524
35732,0,0.12420009397936771,0.21259701224709524
35736,0,0.14842059674268737,0.21259701224709524
35737,1,0.13819534303188846,0.21259701224709524
35744,1,0.2469178400827524,0.21259701224709524
35751,0,0.18823998535846959,0.21259701224709524
35770,0,0.1777500662690134,0.21259701224709524
35791,0,0.16640271733019463,0.21259701224709524
35792,0,0.28472721514593496,0.21259701224709524
35798,0,0.21864105397109276,0.21259701224709524
35802,0,0.3208648851629727,0.21259701224709524
35805,0,0.19041065517221034,0.21259701224709524
35809,1,0.34787300913127683,0.21259701224709524
35810,0,0.13789431344608397,0.21259701224709524
35812,0,0.14874110016755523,0.21259701224709524
35822,1,0.2842426367924302,0.21259701224709524
35824,0,0.1506405392914712,0.21259701224709524
35825,0,0.14545188369782344,0.21259701224709524
35834,1,0.18453268357240454,0.21259701224709524
35839,1,0.3584530714621004,0.21259701224709524
35840,0,0.17078368549498238,0.21259701224709524
35841,0,0.1965869407824552,0.21259701224709524
35843,1,0.33821157460501144,0.21259701224709524
35845,0,0.1742258146559335,0.21259701224709524
35851,0,0.1406985010566555,0.21259701224709524
35852,0,0.26371872807860425,0.21259701224709524
35857,0,0.28787262664795776,0.21259701224709524
35860,0,0.14064404549670878,0.21259701224709524
35861,0,0.16098733640812313,0.21259701224709524
35862,0,0.1853313050915207,0.21259701224709524
35866,0,0.2115534095610806,0.21259701224709524
35876,0,0.26389898562684166,0.21259701224709524
35882,0,0.2383820979460383,0.21259701224709524
35890,0,0.2611889581036381,0.21259701224709524
35894,0,0.27759518349854484,0.21259701224709524
35897,0,0.2370664773775589,0.21259701224709524
35903,0,0.152984205605413,0.21259701224709524
35909,1,0.20990895665072384,0.21259701224709524
35916,0,0.18428959308783432,0.21259701224709524
35923,0,0.16771114891567634,0.21259701224709524
35924,1,0.2336660214199202,0.21259701224709524
35926,0,0.13975233052761876,0.21259701224709524
35928,0,0.21203519516409686,0.21259701224709524
35936,1,0.23376805742520368,0.21259701224709524
35945,1,0.2938807765471828,0.21259701224709524
35947,1,0.12212713735137931,0.21259701224709524
35950,0,0.22390683202358258,0.21259701224709524
35952,0,0.1230289956348513,0.21259701224709524
35958,1,0.15312331098172896,0.21259701224709524
35959,0,0.30916710509876183,0.21259701224709524
35963,0,0.16011729283802736,0.21259701224709524
35980,0,0.26031313248234283,0.21259701224709524
35984,0,0.27921943746374667,0.21259701224709524
35986,0,0.25576243560693884,0.21259701224709524
35987,0,0.12866069777730912,0.21259701224709524
35991,0,0.1740302795076646,0.21259701224709524
35993,0,0.14532956426195237,0.21259701224709524
35996,1,0.22664274038886437,0.21259701224709524
35997,0,0.17133765493177747,0.21259701224709524
36012,1,0.26306468181950515,0.21259701224709524
36016,0,0.4063246595734239,0.21259701224709524
36023,0,0.24398122539810196,0.21259701224709524
36028,0,0.18284321144214016,0.21259701224709524
36029,0,0.2357360392153663,0.21259701224709524
36030,0,0.12097518105049071,0.21259701224709524
36031,0,0.1569079609353353,0.21259701224709524
36033,0,0.21250850395612741,0.21259701224709524
36034,0,0.24629428707235593,0.21259701224709524
36055,1,0.09047774613402455,0.21259701224709524
36057,1,0.3576396822480521,0.21259701224709524
36059,0,0.16977275287793991,0.21259701224709524
36061,0,0.2360234767750675,0.21259701224709524
36076,1,0.3203598988011125,0.21259701224709524
36083,0,0.19955183636395646,0.21259701224709524
36084,0,0.26114938953829087,0.21259701224709524
36106,0,0.14865218539515435,0.21259701224709524
36110,1,0.28071985934825805,0.21259701224709524
36111,0,0.17107407520299964,0.21259701224709524
36113,1,0.3192691547459581,0.21259701224709524
36115,0,0.1775785335308409,0.21259701224709524
36123,0,0.230066849332168,0.21259701224709524
36124,0,0.1671176507429636,0.21259701224709524
36125,0,0.16420474393063839,0.21259701224709524
36136,0,0.37659924455917704,0.21259701224709524
36142,0,0.22812478527802085,0.21259701224709524
36145,0,0.17564909743880344,0.21259701224709524
36146,0,0.33725840120311884,0.21259701224709524
36147,0,0.20148368489251242,0.21259701224709524
36148,0,0.23817355400867266,0.21259701224709524
36155,0,0.1906608335691079,0.21259701224709524
36159,1,0.2167323774380076,0.21259701224709524
36163,0,0.14789660449382155,0.21259701224709524
36165,0,0.22132226187326132,0.21259701224709524
36180,0,0.156681480632003,0.21259701224709524
36185,0,0.2752756741835744,0.21259701224709524
36187,1,0.20375050762310112,0.21259701224709524
36191,0,0.14233441108747008,0.21259701224709524
36200,0,0.16564009577360303,0.21259701224709524
36203,0,0.12670920970299643,0.21259701224709524
36207,0,0.22101619345964715,0.21259701224709524
36210,1,0.1987716667651983,0.21259701224709524
36211,1,0.11783803798729917,0.21259701224709524
36217,0,0.2882859173939084,0.21259701224709524
36218,0,0.1396736858481746,0.21259701224709524
36235,0,0.24320905627151046,0.21259701224709524
36237,0,0.14068166741140736,0.21259701224709524
36251,0,0.16036348228180852,0.21259701224709524
36252,0,0.18901667721364795,0.21259701224709524
36261,0,0.1869213531703747,0.21259701224709524
36264,0,0.1574787232195674,0.21259701224709524
36272,0,0.21015700707106344,0.21259701224709524
36291,1,0.2949633521675171,0.21259701224709524
36310,0,0.16159962625531596,0.21259701224709524
36311,0,0.16450348402691048,0.21259701224709524
36313,1,0.2162908903427602,0.21259701224709524
36316,0,0.1315042644745345,0.21259701224709524
36318,0,0.21602718214307795,0.21259701224709524
36322,0,0.25432461256908684,0.21259701224709524
36327,0,0.3425704818950884,0.21259701224709524
36341,0,0.29355443498240985,0.21259701224709524
36342,0,0.15075722120025997,0.21259701224709524
36344,0,0.25372924068981306,0.21259701224709524
36348,0,0.15001860244673892,0.21259701224709524
36359,0,0.12935652623301222,0.21259701224709524
36360,1,0.15781315384388211,0.21259701224709524
36365,1,0.16092598987513354,0.21259701224709524
36367,0,0.20076880886882784,0.21259701224709524
36370,1,0.1644240076167163,0.21259701224709524
36379,0,0.22939223455142257,0.21259701224709524
36381,0,0.2563154027807338,0.21259701224709524
36383,1,0.24103583831635936,0.21259701224709524
36388,0,0.1299280372822649,0.21259701224709524
36396,0,0.12431754871332276,0.21259701224709524
36406,0,0.2704519383947494,0.21259701224709524
36417,0,0.12283717165864483,0.21259701224709524
36423,1,0.3596364673042743,0.21259701224709524
36427,0,0.2746226560841544,0.21259701224709524
36429,0,0.12702995107049436,0.21259701224709524
36430,0,0.25027310311588796,0.21259701224709524
36435,1,0.1602618173071376,0.21259701224709524
36436,0,0.3637291736149493,0.21259701224709524
36439,0,0.09100292335423356,0.21259701224709524
36445,0,0.17083945444832874,0.21259701224709524
36447,0,0.170486707306084,0.21259701224709524
36455,0,0.20604676571882427,0.21259701224709524
36457,0,0.1724386810211933,0.21259701224709524
36468,1,0.21039086290418427,0.21259701224709524
36474,1,0.35760867921037864,0.21259701224709524
36486,0,0.10722567877725758,0.21259701224709524
36487,0,0.27638751220283364,0.21259701224709524
36489,0,0.13556497625222605,0.21259701224709524
36490,0,0.3237743829737424,0.21259701224709524
36492,0,0.14002304711544852,0.21259701224709524
36497,0,0.16052389377583254,0.21259701224709524
36505,0,0.2956142636643185,0.21259701224709524
36508,0,0.15330219338340037,0.21259701224709524
36515,0,0.17151738137432743,0.21259701224709524
36516,0,0.25595416146070354,0.21259701224709524
36522,0,0.22231373304430332,0.21259701224709524
36526,0,0.25041228718990954,0.21259701224709524
36531,0,0.18483805346931753,0.21259701224709524
36537,0,0.15036280212923267,0.21259701224709524
36544,0,0.3104498008167232,0.21259701224709524
36551,1,0.2266688306125875,0.21259701224709524
36553,0,0.259770203246598,0.21259701224709524
36562,0,0.2402576621231441,0.21259701224709524
36563,0,0.12421954008107144,0.21259701224709524
36565,0,0.16527199843819357,0.21259701224709524
36576,0,0.2656642580424437,0.21259701224709524
36578,0,0.17959528019557072,0.21259701224709524
36581,0,0.12131213085332043,0.21259701224709524
36582,0,0.2737170427809995,0.21259701224709524
36585,0,0.1646378170069573,0.21259701224709524
36590,0,0.31243080219063385,0.21259701224709524
36596,0,0.1366398072834996,0.21259701224709524
36603,0,0.24511977326894385,0.21259701224709524
36606,0,0.19238516873313738,0.21259701224709524
36612,0,0.2008482175788971,0.21259701224709524
36616,1,0.2481779315233799,0.21259701224709524
36627,0,0.15308283264156278,0.21259701224709524
36645,1,0.25090902843368196,0.21259701224709524
36646,0,0.17475135877926312,0.21259701224709524
36648,0,0.21433196070192473,0.21259701224709524
36651,0,0.1309283106608659,0.21259701224709524
36655,0,0.17834369507405157,0.21259701224709524
36660,0,0.2918636058588446,0.21259701224709524
36661,0,0.2762213165509715,0.21259701224709524
36664,0,0.1420939658141641,0.21259701224709524
36671,0,0.22494298052514422,0.21259701224709524
36675,0,0.22451571206048132,0.21259701224709524
36676,0,0.26844212938757556,0.21259701224709524
36688,0,0.15420687568870567,0.21259701224709524
36690,1,0.21817189479864862,0.21259701224709524
36693,0,0.19615905773851072,0.21259701224709524
36694,0,0.13962178642018389,0.21259701224709524
36700,0,0.16712499322227375,0.21259701224709524
36701,0,0.3728772364271365,0.21259701224709524
36713,0,0.18104267465431864,0.21259701224709524
36717,0,0.14681598473333066,0.21259701224709524
36727,0,0.27543661393402313,0.21259701224709524
36731,0,0.19265163204226693,0.21259701224709524
36741,1,0.32231661351405094,0.21259701224709524
36757,1,0.2600856653640684,0.21259701224709524
36761,0,0.12043970560776493,0.21259701224709524
36764,1,0.160376412728065,0.21259701224709524
36771,0,0.14242259046952171,0.21259701224709524
36777,0,0.13048742786622794,0.21259701224709524
36780,0,0.11838668030393451,0.21259701224709524
36784,0,0.1195317898696717,0.21259701224709524
36786,0,0.17336833270329355,0.21259701224709524
36792,0,0.27392194725946756,0.21259701224709524
36804,0,0.15297579349991566,0.21259701224709524
36808,0,0.25815272017917107,0.21259701224709524
36809,0,0.26022646418429607,0.21259701224709524
36812,0,0.2180346517255415,0.21259701224709524
36816,0,0.15738907320511633,0.21259701224709524
36822,0,0.24852470562049514,0.21259701224709524
36826,0,0.28601293927110794,0.21259701224709524
36828,0,0.1833281547067044,0.21259701224709524
36829,0,0.22971904679860164,0.21259701224709524
36830,0,0.21021992844502466,0.21259701224709524
36833,0,0.17917215865015212,0.21259701224709524
36836,0,0.13796604080557162,0.21259701224709524
36840,0,0.14788191376511395,0.21259701224709524
36875,0,0.28634754265174106,0.21259701224709524
36877,1,0.39253120503898176,0.21259701224709524
36884,0,0.2722135656337802,0.21259701224709524
36890,0,0.3027984195459717,0.21259701224709524
36897,0,0.1855069297839743,0.21259701224709524
36902,1,0.28319117647641967,0.21259701224709524
36917,0,0.24498999507308478,0.21259701224709524
36919,0,0.1982687354329486,0.21259701224709524
36922,0,0.2692556923430672,0.21259701224709524
36949,0,0.21681368985859664,0.21259701224709524
36952,0,0.2668729261625657,0.21259701224709524
36959,0,0.19170389993732978,0.21259701224709524
36962,0,0.2009849232044595,0.21259701224709524
36966,0,0.16012466623099514,0.21259701224709524
36979,0,0.19012991371997623,0.21259701224709524
36982,1,0.1596412759841284,0.21259701224709524
36987,0,0.1660367938642707,0.21259701224709524
36991,1,0.19529597451928415,0.21259701224709524
36995,0,0.30102273939351065,0.21259701224709524
36999,0,0.1957172210954223,0.21259701224709524
37010,1,0.2429068956207912,0.21259701224709524
37015,0,0.18012948623768038,0.21259701224709524
37016,0,0.17044832732452342,0.21259701224709524
37017,1,0.3174760339528796,0.21259701224709524
37018,0,0.24964193845776927,0.21259701224709524
37019,0,0.24088610004097613,0.21259701224709524
37027,0,0.29520188197882985,0.21259701224709524
37030,1,0.16693089391364832,0.21259701224709524
37037,0,0.1805593938028419,0.21259701224709524
37043,0,0.13213247118254573,0.21259701224709524
37048,0,0.30667477314131236,0.21259701224709524
37053,1,0.26089551574339126,0.21259701224709524
37071,0,0.20331844725834033,0.21259701224709524
37077,0,0.15984237297818044,0.21259701224709524
37079,0,0.18376836626941076,0.21259701224709524
37080,0,0.2345902659109831,0.21259701224709524
37082,0,0.30937807875022233,0.21259701224709524
37087,0,0.15858691009514664,0.21259701224709524
37091,0,0.18856175941472458,0.21259701224709524
37096,0,0.1301295284467296,0.21259701224709524
37112,0,0.2623416064430855,0.21259701224709524
37113,0,0.16514311894291206,0.21259701224709524
37127,1,0.1994656479992016,0.21259701224709524
37128,0,0.20431204271225165,0.21259701224709524
37129,0,0.134304644141546,0.21259701224709524
37131,0,0.26780506264680504,0.21259701224709524
37140,0,0.21482333190665154,0.21259701224709524
37144,0,0.13862518386794526,0.21259701224709524
37154,0,0.24928007717358958,0.21259701224709524
37157,0,0.16168672367075207,0.21259701224709524
37161,0,0.16387929131050105,0.21259701224709524
37170,0,0.11777913149728376,0.21259701224709524
37187,0,0.19653740474287373,0.21259701224709524
37192,0,0.2508073400246373,0.21259701224709524
37193,1,0.10782627998969374,0.21259701224709524
37197,0,0.2977524801455292,0.21259701224709524
37204,0,0.21837238720223137,0.21259701224709524
37206,0,0.2261237658774917,0.21259701224709524
37208,0,0.1961399355982398,0.21259701224709524
37218,0,0.19162863804295444,0.21259701224709524
37219,0,0.19998593072313625,0.21259701224709524
37230,0,0.24532611362084097,0.21259701224709524
37231,0,0.1662666786677215,0.21259701224709524
37237,1,0.18722201188130322,0.21259701224709524
37238,0,0.12554435729486801,0.21259701224709524
37240,0,0.33494435341977175,0.21259701224709524
37241,1,0.15096440752418064,0.21259701224709524
37247,0,0.12574800494835295,0.21259701224709524
37251,0,0.2149659560862401,0.21259701224709524
37253,0,0.25044428887556697,0.21259701224709524
37263,0,0.23890358850192625,0.21259701224709524
37264,0,0.13807647194334366,0.21259701224709524
37278,0,0.1520231833030669,0.21259701224709524
37280,1,0.29122619225463325,0.21259701224709524
37282,0,0.3244171147564529,0.21259701224709524
37285,0,0.3501513691961629,0.21259701224709524
37287,1,0.17368237320422236,0.21259701224709524
37291,1,0.19597107600858554,0.21259701224709524
37294,0,0.15939700110218089,0.21259701224709524
37296,0,0.19122814014716374,0.21259701224709524
37298,0,0.19369395592080976,0.21259701224709524
37299,1,0.3767605721490341,0.21259701224709524
37302,0,0.16441071850947214,0.21259701224709524
37303,0,0.12279192570622109,0.21259701224709524
37307,1,0.13056764519042718,0.21259701224709524
37308,1,0.3236094548910621,0.21259701224709524
37310,0,0.20592881390118206,0.21259701224709524
37313,0,0.35012777984078747,0.21259701224709524
37316,0,0.2205890718027378,0.21259701224709524
37323,0,0.2545014645217412,0.21259701224709524
37325,0,0.16319202369809124,0.21259701224709524
37330,0,0.2031678149234247,0.21259701224709524
37332,0,0.12046156457008633,0.21259701224709524
37339,0,0.4136726261287825,0.21259701224709524
37342,0,0.1560617932637341,0.21259701224709524
37345,0,0.2823195043484481,0.21259701224709524
37349,0,0.11775490676860832,0.21259701224709524
37353,0,0.2792771189888929,0.21259701224709524
37356,0,0.17047331533193308,0.21259701224709524
37364,0,0.2845962830156743,0.21259701224709524
37369,1,0.12314920532081111,0.21259701224709524
37371,1,0.22228956422549312,0.21259701224709524
37372,0,0.20729412116303178,0.21259701224709524
37392,0,0.11538696401122249,0.21259701224709524
37395,0,0.25354301882235436,0.21259701224709524
37397,0,0.1439246498085621,0.21259701224709524
37400,0,0.16108978189034637,0.21259701224709524
37402,1,0.2693437800494679,0.21259701224709524
37405,1,0.2665884289431731,0.21259701224709524
37407,0,0.166139833928346,0.21259701224709524
37410,0,0.24309483603457255,0.21259701224709524
37411,0,0.1192344777925199,0.21259701224709524
37413,0,0.17216207766668318,0.21259701224709524
37423,0,0.17839921534091807,0.21259701224709524
37427,0,0.26601952018284386,0.21259701224709524
37433,0,0.13502298243106053,0.21259701224709524
37437,0,0.2020096491454831,0.21259701224709524
37444,1,0.32070781822922045,0.21259701224709524
37454,0,0.14996062556881054,0.21259701224709524
37457,0,0.12301088906327785,0.21259701224709524
37458,0,0.19308199186027122,0.21259701224709524
37462,0,0.21866390578204875,0.21259701224709524
37464,0,0.20187972688446107,0.21259701224709524
37465,0,0.27323851724553805,0.21259701224709524
37466,0,0.18349052787191494,0.21259701224709524
37469,0,0.20727740470825162,0.21259701224709524
37472,1,0.2754972266853725,0.21259701224709524
37483,0,0.24471958369213667,0.21259701224709524
37487,0,0.13310493913631244,0.21259701224709524
37508,0,0.16666162333183546,0.21259701224709524
37525,0,0.20138495938396328,0.21259701224709524
37530,0,0.14571905393969298,0.21259701224709524
37533,0,0.17580974576676456,0.21259701224709524
37536,0,0.25387826324284746,0.21259701224709524
37537,0,0.27460939360586506,0.21259701224709524
37538,0,0.17847061791211993,0.21259701224709524
37553,0,0.1444099720147114,0.21259701224709524
37559,1,0.1970991307626051,0.21259701224709524
37562,0,0.14395332898831478,0.21259701224709524
37567,1,0.1395318653204324,0.21259701224709524
37569,0,0.3057048100426091,0.21259701224709524
37577,0,0.20900354027306414,0.21259701224709524
37581,1,0.37870837562539034,0.21259701224709524
37586,1,0.19091136077660756,0.21259701224709524
37594,0,0.17056416604022417,0.21259701224709524
37597,0,0.3220860616521192,0.21259701224709524
37602,1,0.21020028288245762,0.21259701224709524
37603,0,0.21573811044259378,0.21259701224709524
37605,0,0.2703833797438662,0.21259701224709524
37606,0,0.17109837461813585,0.21259701224709524
37608,0,0.19046670739563215,0.21259701224709524
37615,1,0.29624441303135557,0.21259701224709524
37616,0,0.21659252249693525,0.21259701224709524
37626,0,0.16745761661857403,0.21259701224709524
37634,0,0.25724609005979004,0.21259701224709524
37635,0,0.1498424853065522,0.21259701224709524
37637,1,0.2661204882098458,0.21259701224709524
37638,0,0.18662197064030012,0.21259701224709524
37649,0,0.19073607179338398,0.21259701224709524
37662,1,0.20837884020009795,0.21259701224709524
37667,0,0.1478092564668338,0.21259701224709524
37675,1,0.19473062986595963,0.21259701224709524
37680,0,0.2842064026951346,0.21259701224709524
37681,1,0.1409035597042054,0.21259701224709524
37684,1,0.18026341003368804,0.21259701224709524
37692,0,0.20625363738724486,0.21259701224709524
37695,0,0.24976412029912645,0.21259701224709524
37698,0,0.2317665276592768,0.21259701224709524
37702,0,0.2704694754414101,0.21259701224709524
37704,1,0.30754144299840375,0.21259701224709524
37707,0,0.21312940002441433,0.21259701224709524
37712,1,0.21136934563543866,0.21259701224709524
37715,0,0.22059378639098007,0.21259701224709524
37717,1,0.19709513246239313,0.21259701224709524
37718,1,0.23964363267342884,0.21259701224709524
37720,0,0.19703652712064612,0.21259701224709524
37723,0,0.31889517544227475,0.21259701224709524
37729,0,0.15667132732562186,0.21259701224709524
37731,0,0.20542805307887713,0.21259701224709524
37738,0,0.14852096544487317,0.21259701224709524
37742,1,0.23335340404560276,0.21259701224709524
37754,1,0.2554181636586372,0.21259701224709524
37761,1,0.11116322735761301,0.21259701224709524
37764,0,0.13418749575822933,0.21259701224709524
37772,0,0.12889655258748542,0.21259701224709524
37774,0,0.2240115012148389,0.21259701224709524
37775,0,0.1917824160592023,0.21259701224709524
37791,0,0.1903543136247349,0.21259701224709524
37792,0,0.3084800314091591,0.21259701224709524
37796,1,0.2212892631162551,0.21259701224709524
37803,0,0.15127317419268477,0.21259701224709524
37808,0,0.19763651283718744,0.21259701224709524
37820,0,0.15284213433659555,0.21259701224709524
37835,0,0.38480573328661455,0.21259701224709524
37836,0,0.26085436687877006,0.21259701224709524
37837,0,0.18612904669307404,0.21259701224709524
37838,0,0.22012901543625946,0.21259701224709524
37839,0,0.19987142453340792,0.21259701224709524
37849,0,0.19746071286645203,0.21259701224709524
37850,0,0.2279720535486311,0.21259701224709524
37851,1,0.22565298438398823,0.21259701224709524
37856,0,0.30024413277547646,0.21259701224709524
37864,1,0.24872157840813977,0.21259701224709524
37867,0,0.17171376123790064,0.21259701224709524
37868,0,0.3027872218698795,0.21259701224709524
37872,0,0.15153641101394,0.21259701224709524
37875,0,0.23570360855632116,0.21259701224709524
37878,0,0.22768742228515912,0.21259701224709524
37880,0,0.1745779439069634,0.21259701224709524
37882,0,0.18952021726931828,0.21259701224709524
37888,0,0.18529621408723876,0.21259701224709524
37900,1,0.1147351580183459,0.21259701224709524
37905,0,0.22922981940750278,0.21259701224709524
37907,0,0.16126776993126177,0.21259701224709524
37920,0,0.16311643133871903,0.21259701224709524
37924,0,0.2359581781097379,0.21259701224709524
37938,0,0.22373989145567533,0.21259701224709524
37941,0,0.18045623972859465,0.21259701224709524
37947,0,0.20595319862726774,0.21259701224709524
37953,1,0.16351756358462063,0.21259701224709524
37959,0,0.15794898518787623,0.21259701224709524
37963,0,0.23098723308310998,0.21259701224709524
37968,0,0.21275815359557035,0.21259701224709524
37978,1,0.20196574726788397,0.21259701224709524
37981,1,0.2521750869681089,0.21259701224709524
38002,0,0.24260664686100322,0.21259701224709524
38003,0,0.20079107997652565,0.21259701224709524
38016,0,0.3380712586386996,0.21259701224709524
38023,1,0.239201133448253,0.21259701224709524
38025,0,0.13437509584578158,0.21259701224709524
38026,0,0.2103821887193379,0.21259701224709524
38029,1,0.2371355906164854,0.21259701224709524
38030,0,0.3255028877977213,0.21259701224709524
38031,0,0.2299898808401816,0.21259701224709524
38038,0,0.16483678771818389,0.21259701224709524
38039,0,0.22514392895454272,0.21259701224709524
38044,1,0.21893414248800855,0.21259701224709524
38052,0,0.22851543335196858,0.21259701224709524
38054,0,0.15150652607456846,0.21259701224709524
38055,1,0.307820511146181,0.21259701224709524
38058,0,0.3137865029410295,0.21259701224709524
38060,0,0.2733622108530756,0.21259701224709524
38065,0,0.188352677972731,0.21259701224709524
38076,1,0.1784242782762929,0.21259701224709524
38079,0,0.17201655702630805,0.21259701224709524
38080,0,0.1635248427020437,0.21259701224709524
38091,0,0.22562535403037587,0.21259701224709524
38096,0,0.21882819991512586,0.21259701224709524
38102,1,0.1387855892021199,0.21259701224709524
38105,0,0.2589546955936336,0.21259701224709524
38114,0,0.17205302467097056,0.21259701224709524
38120,1,0.26144924201324177,0.21259701224709524
38123,0,0.1873970061918016,0.21259701224709524
38139,0,0.10205908798556546,0.21259701224709524
38145,0,0.19679936616300558,0.21259701224709524
38147,0,0.36765112318682525,0.21259701224709524
38156,1,0.2600192709571994,0.21259701224709524
38157,0,0.1731707275718905,0.21259701224709524
38165,0,0.2022469997373802,0.21259701224709524
38168,1,0.21698936725177,0.21259701224709524
38173,1,0.19429837800025757,0.21259701224709524
38182,0,0.12563568786508486,0.21259701224709524
38202,0,0.19923517565190976,0.21259701224709524
38208,0,0.13598723199230298,0.21259701224709524
38213,0,0.2456150131699016,0.21259701224709524
38214,0,0.2486218947924298,0.21259701224709524
38216,1,0.23984989579804783,0.21259701224709524
38218,0,0.21022825548346552,0.21259701224709524
38220,0,0.19391669273974996,0.21259701224709524
38226,0,0.16068501033181007,0.21259701224709524
38228,0,0.1446106355416723,0.21259701224709524
38235,0,0.268363481624118,0.21259701224709524
38236,1,0.371212412534433,0.21259701224709524
38258,0,0.2270679699775465,0.21259701224709524
38262,0,0.37517308865393023,0.21259701224709524
38264,1,0.33144368587852574,0.21259701224709524
38270,0,0.20658505703533137,0.21259701224709524
38281,0,0.2798255272927279,0.21259701224709524
38289,0,0.16610289126107342,0.21259701224709524
38292,1,0.1737687202506752,0.21259701224709524
38293,0,0.1581639796195305,0.21259701224709524
38299,0,0.2876333565124344,0.21259701224709524
38300,0,0.2295240610289152,0.21259701224709524
38301,0,0.26348319559105043,0.21259701224709524
38304,0,0.3716271703583237,0.21259701224709524
38305,0,0.3558814110547647,0.21259701224709524
38307,0,0.1310033301009072,0.21259701224709524
38310,0,0.32073445998395167,0.21259701224709524
38316,0,0.15496666628929545,0.21259701224709524
38322,0,0.23786352428073537,0.21259701224709524
38323,0,0.16291882935228894,0.21259701224709524
38327,0,0.1508187994016259,0.21259701224709524
38328,0,0.276443598687909,0.21259701224709524
38329,0,0.18954641222960017,0.21259701224709524
38330,0,0.2818551026672678,0.21259701224709524
38332,0,0.2757447033835753,0.21259701224709524
38333,1,0.2674848642689172,0.21259701224709524
38334,0,0.21664830442767585,0.21259701224709524
38335,0,0.2616984468408873,0.21259701224709524
38336,0,0.15338988301742987,0.21259701224709524
38341,0,0.17084674388294802,0.21259701224709524
38345,0,0.15104082797360396,0.21259701224709524
38346,0,0.33015213942715343,0.21259701224709524
38358,0,0.18262610962342515,0.21259701224709524
38360,0,0.13135778811953622,0.21259701224709524
38363,0,0.23346496695647015,0.21259701224709524
38369,0,0.11827094889435688,0.21259701224709524
38370,0,0.25019916291191935,0.21259701224709524
38373,0,0.1376506024316053,0.21259701224709524
38376,0,0.12588498745540377,0.21259701224709524
38383,0,0.19104793753387023,0.21259701224709524
38385,0,0.15885340703241743,0.21259701224709524
38387,0,0.12429729096643023,0.21259701224709524
38392,0,0.1984546828489856,0.21259701224709524
38397,0,0.2685913526521364,0.21259701224709524
38411,0,0.2409621877671147,0.21259701224709524
38427,0,0.2879668441850065,0.21259701224709524
38434,0,0.2931906635430656,0.21259701224709524
38435,0,0.22687638638975247,0.21259701224709524
38446,0,0.21509022720282103,0.21259701224709524
38461,1,0.3806816112096645,0.21259701224709524
38462,0,0.19764463308056648,0.21259701224709524
38481,1,0.2744104342713747,0.21259701224709524
38491,1,0.24711496972523683,0.21259701224709524
38496,1,0.2018614521431264,0.21259701224709524
38497,0,0.11783754326828479,0.21259701224709524
38498,0,0.17635706216853797,0.21259701224709524
38500,1,0.13446443020163834,0.21259701224709524
38502,0,0.23087104341581424,0.21259701224709524
38503,0,0.14312102405076274,0.21259701224709524
38504,1,0.28027700394858457,0.21259701224709524
38507,0,0.17612166838187948,0.21259701224709524
38509,0,0.20544734848031204,0.21259701224709524
38520,0,0.1590848840783377,0.21259701224709524
38521,1,0.4207694207101106,0.21259701224709524
38529,0,0.2657970824662274,0.21259701224709524
38536,0,0.14360485880875826,0.21259701224709524
38550,0,0.1243910272411142,0.21259701224709524
38556,0,0.2160724406184286,0.21259701224709524
38561,0,0.15403621545439902,0.21259701224709524
38564,0,0.162479037353754,0.21259701224709524
38566,0,0.1406293089704871,0.21259701224709524
38567,0,0.19955013399329913,0.21259701224709524
38570,1,0.25390272209194437,0.21259701224709524
38576,0,0.15344200094882188,0.21259701224709524
38584,1,0.257665224527756,0.21259701224709524
38590,0,0.1703532910093636,0.21259701224709524
38593,0,0.3236321168872478,0.21259701224709524
38612,0,0.12677119039664683,0.21259701224709524
38614,0,0.2691727714683321,0.21259701224709524
38615,0,0.15673016472200593,0.21259701224709524
38617,0,0.23947503432280065,0.21259701224709524
38623,0,0.12380957934402348,0.21259701224709524
38624,0,0.2475026481547106,0.21259701224709524
38625,0,0.24053229163034942,0.21259701224709524
38630,0,0.16877591735994354,0.21259701224709524
38634,0,0.21503502159373847,0.21259701224709524
38635,1,0.323186921412742,0.21259701224709524
38638,0,0.19429663351947288,0.21259701224709524
38645,1,0.37044594804342146,0.21259701224709524
38648,0,0.1314313453665724,0.21259701224709524
38654,0,0.30273240250355626,0.21259701224709524
38663,0,0.2238801965081778,0.21259701224709524
38671,0,0.15778491382883533,0.21259701224709524
38677,1,0.20985251836491628,0.21259701224709524
38682,0,0.18366632383878267,0.21259701224709524
38694,1,0.17969835757861666,0.21259701224709524
38700,0,0.2292943735186734,0.21259701224709524
38703,0,0.24440155668962746,0.21259701224709524
38712,0,0.1294727120424337,0.21259701224709524
38729,0,0.17054596210396505,0.21259701224709524
38730,0,0.2816099592564577,0.21259701224709524
38733,0,0.1369185086629471,0.21259701224709524
38734,0,0.21138258821070036,0.21259701224709524
38735,0,0.16957103586357233,0.21259701224709524
38747,0,0.14164673312743395,0.21259701224709524
38753,0,0.24168751438808697,0.21259701224709524
38755,0,0.22257456762995664,0.21259701224709524
38758,0,0.2752107325025511,0.21259701224709524
38759,1,0.26012442794582974,0.21259701224709524
38761,1,0.17650633822339068,0.21259701224709524
38765,0,0.1285266490376463,0.21259701224709524
38766,0,0.19067517245322424,0.21259701224709524
38782,0,0.182510726314376,0.21259701224709524
38784,1,0.2695575204529291,0.21259701224709524
38789,0,0.13911952147751125,0.21259701224709524
38795,0,0.18817369349742402,0.21259701224709524
38800,0,0.26353074464277154,0.21259701224709524
38803,0,0.17384361173372803,0.21259701224709524
38810,0,0.15342728773438805,0.21259701224709524
38813,0,0.35975552705192415,0.21259701224709524
38816,0,0.1814499480942387,0.21259701224709524
38820,0,0.18713103403443013,0.21259701224709524
38827,0,0.09429746101499997,0.21259701224709524
38834,0,0.2365524469637537,0.21259701224709524
38838,0,0.17396075874897704,0.21259701224709524
38839,0,0.1888575508538611,0.21259701224709524
38840,1,0.17898511654828467,0.21259701224709524
38855,0,0.13467082056773827,0.21259701224709524
38857,0,0.14077819510387168,0.21259701224709524
38867,0,0.21570860228549307,0.21259701224709524
38871,1,0.16597859425041656,0.21259701224709524
38881,0,0.2652164522347872,0.21259701224709524
38883,1,0.2761193470201699,0.21259701224709524
38884,0,0.2058437913061843,0.21259701224709524
38887,0,0.21756426962127123,0.21259701224709524
38889,0,0.3284113509365258,0.21259701224709524
38890,1,0.17616955078459623,0.21259701224709524
38893,0,0.2092172204686481,0.21259701224709524
38898,1,0.3936372133286406,0.21259701224709524
38900,0,0.27095499645791216,0.21259701224709524
38902,0,0.2009909424545803,0.21259701224709524
38903,1,0.12036944524457195,0.21259701224709524
38905,0,0.3264923231453291,0.21259701224709524
38911,0,0.16699236245110338,0.21259701224709524
38916,1,0.18757958512958123,0.21259701224709524
38917,0,0.3019247796736762,0.21259701224709524
38918,0,0.3811210498385265,0.21259701224709524
38924,0,0.33192391874408217,0.21259701224709524
38931,0,0.16306266155879473,0.21259701224709524
38935,0,0.24397898279553945,0.21259701224709524
38961,0,0.16203586867617117,0.21259701224709524
38963,0,0.2418489173171018,0.21259701224709524
38965,0,0.269234024975515,0.21259701224709524
38967,0,0.3088334086361242,0.21259701224709524
38972,0,0.1683980076870128,0.21259701224709524
38974,0,0.26724847974739113,0.21259701224709524
38977,0,0.15906894984168454,0.21259701224709524
38987,0,0.35055950944102743,0.21259701224709524
38996,0,0.2277372468108636,0.21259701224709524
38997,1,0.22395969921557546,0.21259701224709524
39001,0,0.2607565798229714,0.21259701224709524
39006,0,0.3068607889186984,0.21259701224709524
39012,0,0.12333480927647894,0.21259701224709524
39015,1,0.27634632145816623,0.21259701224709524
39027,1,0.24403570477217704,0.21259701224709524
39031,0,0.2316334061586991,0.21259701224709524
39033,0,0.13656442660149654,0.21259701224709524
39037,0,0.27520861440898553,0.21259701224709524
39039,1,0.1820923200870979,0.21259701224709524
39043,0,0.2586948777110693,0.21259701224709524
39067,0,0.22239694087788117,0.21259701224709524
39069,0,0.09241510586120265,0.21259701224709524
39076,0,0.1374224985598796,0.21259701224709524
39085,0,0.14649315261218607,0.21259701224709524
39088,0,0.18180298662172792,0.21259701224709524
39092,1,0.18361724997221465,0.21259701224709524
39099,1,0.1892422177344525,0.21259701224709524
39108,0,0.1489972086499995,0.21259701224709524
39109,1,0.2515058362091585,0.21259701224709524
39118,0,0.16590266959292058,0.21259701224709524
39119,1,0.17091390088733194,0.21259701224709524
39120,1,0.22061157202841458,0.21259701224709524
39125,0,0.3303004032405951,0.21259701224709524
39129,0,0.27037615916030167,0.21259701224709524
39131,0,0.1682199256288436,0.21259701224709524
39132,0,0.15916423796208018,0.21259701224709524
39137,0,0.11110419111057016,0.21259701224709524
39140,0,0.17963026123386996,0.21259701224709524
39156,0,0.1605916529259211,0.21259701224709524
39157,1,0.2787619447797248,0.21259701224709524
39163,1,0.15111695593531846,0.21259701224709524
39164,0,0.27530757102767445,0.21259701224709524
39166,0,0.2011000883207204,0.21259701224709524
39175,1,0.3704932477101273,0.21259701224709524
39179,0,0.14011913703953585,0.21259701224709524
39182,0,0.23507758339557364,0.21259701224709524
39186,1,0.20058174243036278,0.21259701224709524
39187,1,0.14145033244065228,0.21259701224709524
39201,0,0.36982556831585744,0.21259701224709524
39209,0,0.31844946469425167,0.21259701224709524
39210,0,0.1675779727542308,0.21259701224709524
39211,0,0.356584858171094,0.21259701224709524
39215,1,0.25699712622112275,0.21259701224709524
39241,0,0.1649053832201442,0.21259701224709524
39242,0,0.13608195461022585,0.21259701224709524
39245,0,0.26699494057624257,0.21259701224709524
39263,0,0.1934793324634409,0.21259701224709524
39265,1,0.19494170325226357,0.21259701224709524
39266,0,0.17326795440777099,0.21259701224709524
39281,0,0.14584734986221157,0.21259701224709524
39283,0,0.23062883889927444,0.21259701224709524
39290,0,0.3007846011218613,0.21259701224709524
39302,0,0.2688771948007594,0.21259701224709524
39306,1,0.17413820930580046,0.21259701224709524
39317,0,0.2616809005892978,0.21259701224709524
39322,0,0.2754144916370846,0.21259701224709524
39323,0,0.20589182856144717,0.21259701224709524
39324,0,0.2489720711680268,0.21259701224709524
39327,0,0.20129740040278413,0.21259701224709524
39343,0,0.23937659240485903,0.21259701224709524
39347,1,0.17643546776807048,0.21259701224709524
39353,0,0.19205092109906408,0.21259701224709524
39355,0,0.2173110373707268,0.21259701224709524
39357,0,0.14309330267614714,0.21259701224709524
39358,0,0.2389864636101328,0.21259701224709524
39369,1,0.18225320801895234,0.21259701224709524
39372,1,0.1329083162131576,0.21259701224709524
39375,0,0.14777169978741855,0.21259701224709524
39377,0,0.13455440479976222,0.21259701224709524
39382,0,0.16902492981657039,0.21259701224709524
39403,0,0.2358375639497013,0.21259701224709524
39410,0,0.26067594225073304,0.21259701224709524
39415,0,0.15974498968799525,0.21259701224709524
39423,0,0.2442365950203942,0.21259701224709524
39426,0,0.27438592250394284,0.21259701224709524
39428,0,0.324342061537589,0.21259701224709524
39429,0,0.2726837471703009,0.21259701224709524
39430,0,0.1439957610835489,0.21259701224709524
39431,0,0.1396167533801216,0.21259701224709524
39444,1,0.19985686737897457,0.21259701224709524
39448,0,0.22868229029591258,0.21259701224709524
39452,0,0.3808409157844411,0.21259701224709524
39461,0,0.25738105412158363,0.21259701224709524
39463,0,0.24464755478731,0.21259701224709524
39469,0,0.29718717848385007,0.21259701224709524
39473,1,0.2574899503495611,0.21259701224709524
39476,0,0.15496619709357337,0.21259701224709524
39478,1,0.3163180317922191,0.21259701224709524
39480,0,0.21871016266922183,0.21259701224709524
39482,0,0.1494677588832098,0.21259701224709524
39485,0,0.2518871957683549,0.21259701224709524
39487,0,0.1755190751571811,0.21259701224709524
39488,0,0.16008238908859607,0.21259701224709524
39489,0,0.16312016359500747,0.21259701224709524
39491,0,0.2121760029903416,0.21259701224709524
39494,0,0.14514823072343444,0.21259701224709524
39499,1,0.14516027239014875,0.21259701224709524
39506,0,0.35324517865507066,0.21259701224709524
39509,1,0.37190143607285214,0.21259701224709524
39512,0,0.29644663241754665,0.21259701224709524
39519,0,0.19004508663312572,0.21259701224709524
39526,0,0.3164456653950149,0.21259701224709524
39533,0,0.1817974576597442,0.21259701224709524
39540,0,0.25057946506271567,0.21259701224709524
39562,0,0.36624132351795247,0.21259701224709524
39572,0,0.30442131139451034,0.21259701224709524
39575,1,0.19512389966349775,0.21259701224709524
39581,0,0.1709380259084889,0.21259701224709524
39588,0,0.2165113486196789,0.21259701224709524
39597,0,0.201693669190758,0.21259701224709524
39600,0,0.14422947219451598,0.21259701224709524
39618,0,0.2507602191015574,0.21259701224709524
39622,0,0.19114485196798345,0.21259701224709524
39623,1,0.1839680861746011,0.21259701224709524
39624,0,0.26755766566375017,0.21259701224709524
39628,0,0.2857531674932904,0.21259701224709524
39634,1,0.243871470060925,0.21259701224709524
39635,0,0.30256722052167706,0.21259701224709524
39643,0,0.11312495884304234,0.21259701224709524
39649,0,0.26157044113422734,0.21259701224709524
39653,0,0.23359679978739184,0.21259701224709524
39661,0,0.13812912311518358,0.21259701224709524
39664,0,0.14321742905516438,0.21259701224709524
39665,0,0.1720837474394879,0.21259701224709524
39674,0,0.285622690365061,0.21259701224709524
39688,0,0.15481443923844873,0.21259701224709524
39700,0,0.1298765488799761,0.21259701224709524
39703,0,0.19673088759419213,0.21259701224709524
39712,0,0.16684993355172906,0.21259701224709524
39713,0,0.19246684076150272,0.21259701224709524
39727,0,0.17623460018976175,0.21259701224709524
39728,0,0.16720099825998036,0.21259701224709524
39733,0,0.1733766397380772,0.21259701224709524
39746,0,0.2827395007937653,0.21259701224709524
39747,0,0.27737924978494805,0.21259701224709524
39755,0,0.17826755899975943,0.21259701224709524
39758,1,0.18429811954857267,0.21259701224709524
39776,0,0.19895127427596804,0.21259701224709524
39781,0,0.3771386866131043,0.21259701224709524
39782,0,0.28150008512939284,0.21259701224709524
39783,1,0.2292724705128331,0.21259701224709524
39784,0,0.1483235362954801,0.21259701224709524
39789,0,0.2598162286204671,0.21259701224709524
39790,0,0.17707107732494995,0.21259701224709524
39793,0,0.28694916613905047,0.21259701224709524
39794,0,0.23899601307864402,0.21259701224709524
39798,0,0.17795892751549253,0.21259701224709524
39803,1,0.21833130254596644,0.21259701224709524
39807,1,0.35751683694301256,0.21259701224709524
39812,1,0.35124511037806444,0.21259701224709524
39829,0,0.1511606711980152,0.21259701224709524
39834,1,0.17306180754834136,0.21259701224709524
39841,0,0.14327810042128494,0.21259701224709524
39844,0,0.1700038405462839,0.21259701224709524
39853,0,0.25426530164895816,0.21259701224709524
39860,1,0.4196948328183314,0.21259701224709524
39862,0,0.28457989895860697,0.21259701224709524
39867,0,0.19447956483203033,0.21259701224709524
39873,0,0.17748535602074084,0.21259701224709524
39877,0,0.12092215790880022,0.21259701224709524
39881,0,0.16079922610273703,0.21259701224709524
39882,0,0.17300969157588728,0.21259701224709524
39885,0,0.2871088423484777,0.21259701224709524
39892,0,0.1371470366959464,0.21259701224709524
39895,0,0.188941902521731,0.21259701224709524
39899,0,0.2665186001743774,0.21259701224709524
39903,0,0.25801082542718734,0.21259701224709524
39906,0,0.15597032564908353,0.21259701224709524
39914,1,0.21471308173791728,0.21259701224709524
39920,1,0.2970495388996654,0.21259701224709524
39932,1,0.1971539829582439,0.21259701224709524
39939,1,0.25299077470759146,0.21259701224709524
39944,0,0.24062340307622304,0.21259701224709524
39951,0,0.2016880797623067,0.21259701224709524
39952,0,0.17267000056505655,0.21259701224709524
39954,0,0.18609468413161914,0.21259701224709524
39959,1,0.2687377820901787,0.21259701224709524
39963,0,0.28080198484857044,0.21259701224709524
39964,1,0.21193858760887693,0.21259701224709524
39966,0,0.3308545130670422,0.21259701224709524
39976,0,0.1901019888574925,0.21259701224709524
39991,0,0.26341756762371177,0.21259701224709524
39992,0,0.12328391242551266,0.21259701224709524
39998,0,0.1922825691025984,0.21259701224709524
40002,1,0.18650021306362752,0.21259701224709524
40013,1,0.1994150462811103,0.21259701224709524
40015,1,0.14838289865851437,0.21259701224709524
40022,0,0.19062159544905383,0.21259701224709524
40025,0,0.2091287213585869,0.21259701224709524
40031,0,0.2717995065904731,0.21259701224709524
40043,0,0.1773134306879853,0.21259701224709524
40048,0,0.2522508316148428,0.21259701224709524
40055,0,0.26585582798441,0.21259701224709524
40060,0,0.11038326358907412,0.21259701224709524
40079,0,0.13246367392671793,0.21259701224709524
40085,0,0.18138398222832977,0.21259701224709524
40089,0,0.13756095242853356,0.21259701224709524
40093,0,0.22055147204255643,0.21259701224709524
40099,0,0.23547456189142818,0.21259701224709524
40104,1,0.2715965877234055,0.21259701224709524
40111,0,0.18038869999806603,0.21259701224709524
40112,0,0.3184904028148223,0.21259701224709524
40131,0,0.19160061993572955,0.21259701224709524
40139,1,0.22927407998709495,0.21259701224709524
40147,0,0.19159048142346088,0.21259701224709524
40148,0,0.23611911856186354,0.21259701224709524
40157,0,0.12838631068369236,0.21259701224709524
40163,0,0.1868258099971626,0.21259701224709524
40165,0,0.22699280908831224,0.21259701224709524
40175,0,0.2599018703833413,0.21259701224709524
40181,0,0.13670240621348637,0.21259701224709524
40182,0,0.2615450656411723,0.21259701224709524
40188,0,0.2980978267860284,0.21259701224709524
40191,1,0.3149969752157377,0.21259701224709524
40199,0,0.17720896576493386,0.21259701224709524
40203,0,0.20447154308998927,0.21259701224709524
40206,0,0.15182874422439954,0.21259701224709524
40211,0,0.1804122103026335,0.21259701224709524
40222,0,0.3122880783792125,0.21259701224709524
40224,0,0.18515392098968964,0.21259701224709524
40231,0,0.1693970491169106,0.21259701224709524
40232,0,0.31079147096837095,0.21259701224709524
40235,1,0.2326349845283064,0.21259701224709524
40239,0,0.19794983387667767,0.21259701224709524
40240,0,0.19153596907389903,0.21259701224709524
40242,1,0.25428333386113333,0.21259701224709524
40246,1,0.2840192105032525,0.21259701224709524
40248,0,0.1280033484264314,0.21259701224709524
40252,1,0.34772260138394323,0.21259701224709524
40258,1,0.18545771586791626,0.21259701224709524
40266,1,0.2710523417947985,0.21259701224709524
40268,0,0.19702407340940437,0.21259701224709524
40269,0,0.28425601337089523,0.21259701224709524
40270,0,0.3693591127511113,0.21259701224709524
40271,0,0.16494284834266693,0.21259701224709524
40275,0,0.2339370484247256,0.21259701224709524
40278,0,0.20853052115684945,0.21259701224709524
40279,0,0.25782090439351546,0.21259701224709524
40284,0,0.2419660869311156,0.21259701224709524
40289,1,0.265295208956852,0.21259701224709524
40303,1,0.3290789557683383,0.21259701224709524
40318,1,0.1627744913029049,0.21259701224709524
40319,0,0.2919671351701283,0.21259701224709524
40322,0,0.15439573411417473,0.21259701224709524
40323,0,0.26684341009583207,0.21259701224709524
40324,1,0.2729615066839064,0.21259701224709524
40326,0,0.11863994825714592,0.21259701224709524
40330,0,0.22411809984067108,0.21259701224709524
40332,0,0.1846619335285616,0.21259701224709524
40335,0,0.39376120437680806,0.21259701224709524
40346,0,0.16352235605870546,0.21259701224709524
40351,1,0.18838486993779788,0.21259701224709524
40354,0,0.19001070161657274,0.21259701224709524
40372,0,0.23226560175594352,0.21259701224709524
40377,0,0.2638829191296391,0.21259701224709524
40382,0,0.12325697099930287,0.21259701224709524
40384,0,0.26041419673937743,0.21259701224709524
40388,0,0.1628457433720026,0.21259701224709524
40404,0,0.10766794166832794,0.21259701224709524
40405,1,0.16102767999635081,0.21259701224709524
40406,0,0.2043276696451229,0.21259701224709524
40412,1,0.1699568505003498,0.21259701224709524
40413,0,0.254918913139605,0.21259701224709524
40421,0,0.2816517854316311,0.21259701224709524
40438,1,0.2833161507270485,0.21259701224709524
40441,1,0.22727914662595694,0.21259701224709524
40456,0,0.18270993625749987,0.21259701224709524
40460,0,0.18563266981285223,0.21259701224709524
40472,0,0.16087409452431053,0.21259701224709524
40473,0,0.3241864424983245,0.21259701224709524
40474,0,0.34978237368870957,0.21259701224709524
40478,0,0.26827033767580677,0.21259701224709524
40482,1,0.11771759610739671,0.21259701224709524
40497,0,0.196704645607732,0.21259701224709524
40499,0,0.2846551053031221,0.21259701224709524
40503,1,0.2520252975928787,0.21259701224709524
40513,0,0.15459525847570385,0.21259701224709524
40515,1,0.15714805251286798,0.21259701224709524
40524,0,0.16333986927950842,0.21259701224709524
40535,0,0.14589513987133104,0.21259701224709524
40537,0,0.2357637346308158,0.21259701224709524
40539,0,0.15389490763572988,0.21259701224709524
40547,0,0.13303586958150562,0.21259701224709524
40550,0,0.17577852770070898,0.21259701224709524
40553,1,0.2964364150889769,0.21259701224709524
40555,1,0.32281304837401553,0.21259701224709524
40558,0,0.19819040628170395,0.21259701224709524
40559,0,0.23361868512594403,0.21259701224709524
40560,0,0.21629824735351388,0.21259701224709524
40561,1,0.17141060246070386,0.21259701224709524
40565,0,0.31203106659138713,0.21259701224709524
40569,0,0.30150375771621823,0.21259701224709524
40570,1,0.2962462905094253,0.21259701224709524
40571,0,0.19620316302200244,0.21259701224709524
40572,0,0.16125570288025284,0.21259701224709524
40574,0,0.3012793334818698,0.21259701224709524
40575,0,0.13448414258200303,0.21259701224709524
40581,1,0.13934393471631684,0.21259701224709524
40584,0,0.2889574598130899,0.21259701224709524
40589,0,0.1496251068165777,0.21259701224709524
40590,0,0.14054423644189787,0.21259701224709524
40592,0,0.10541231400435261,0.21259701224709524
40593,0,0.1968591218498006,0.21259701224709524
40597,0,0.025687271073054234,0.21259701224709524
40602,0,0.2588752667344494,0.21259701224709524
40614,0,0.20063331486890323,0.21259701224709524
40615,0,0.22598258582759043,0.21259701224709524
40625,0,0.1845820723816237,0.21259701224709524
40626,0,0.16897210652716588,0.21259701224709524
40630,1,0.19177182919865243,0.21259701224709524
40631,0,0.3454046786098785,0.21259701224709524
40636,0,0.2791709788960603,0.21259701224709524
40637,0,0.264881085996366,0.21259701224709524
40640,0,0.23308151077665284,0.21259701224709524
40644,1,0.1730498952001211,0.21259701224709524
40656,0,0.3371312082494425,0.21259701224709524
40658,0,0.14814254471834123,0.21259701224709524
40659,0,0.3193925381716017,0.21259701224709524
40661,0,0.2827661328848016,0.21259701224709524
40667,1,0.20723289705948622,0.21259701224709524
40670,0,0.11824732475299032,0.21259701224709524
40672,0,0.16217851001163558,0.21259701224709524
40681,0,0.21905948479880286,0.21259701224709524
40683,1,0.2671942904990868,0.21259701224709524
40689,0,0.25860080613596215,0.21259701224709524
40699,0,0.10171961515429899,0.21259701224709524
40703,0,0.18989285888806479,0.21259701224709524
40706,0,0.16948257146874365,0.21259701224709524
40709,1,0.1806045533915819,0.21259701224709524
40712,0,0.2675639691751659,0.21259701224709524
40720,0,0.29426445945523266,0.21259701224709524
40722,1,0.19262362332314736,0.21259701224709524
40734,1,0.24283792884029584,0.21259701224709524
40736,1,0.20077944862486372,0.21259701224709524
40747,1,0.26901877449126155,0.21259701224709524
40749,1,0.1792331972429409,0.21259701224709524
40752,1,0.24938368186453438,0.21259701224709524
40753,0,0.19312322653127847,0.21259701224709524
40756,0,0.17652296515469054,0.21259701224709524
40768,0,0.22331999733907906,0.21259701224709524
40772,0,0.18046763134809515,0.21259701224709524
40779,0,0.28702788400208584,0.21259701224709524
40780,1,0.28139784451526983,0.21259701224709524
40789,0,0.20923629016250297,0.21259701224709524
40800,0,0.1620665262028218,0.21259701224709524
40802,1,0.33427159442797316,0.21259701224709524
40806,0,0.12678239351696646,0.21259701224709524
40808,0,0.2731372927158025,0.21259701224709524
40811,1,0.3680644659097043,0.21259701224709524
40813,0,0.15110783524692362,0.21259701224709524
40823,0,0.1790523266521642,0.21259701224709524
40831,1,0.1955856248392414,0.21259701224709524
40833,0,0.14332194083756117,0.21259701224709524
40841,0,0.27910318804599576,0.21259701224709524
40845,0,0.330806874158604,0.21259701224709524
40848,1,0.18511259579674874,0.21259701224709524
40856,0,0.14891200337120067,0.21259701224709524
40858,0,0.33923185856185795,0.21259701224709524
40864,0,0.051748352497674684,0.21259701224709524
40870,0,0.27525244930676845,0.21259701224709524
40872,1,0.282656649867712,0.21259701224709524
40878,0,0.27611242843341394,0.21259701224709524
40879,0,0.35098617507817303,0.21259701224709524
40882,0,0.15236758005099957,0.21259701224709524
40883,1,0.15486529675729843,0.21259701224709524
40893,0,0.31644002438479824,0.21259701224709524
40894,0,0.22468235336449652,0.21259701224709524
40899,0,0.20664682665991585,0.21259701224709524
40911,0,0.1556758850445794,0.21259701224709524
40915,0,0.23567534711555035,0.21259701224709524
40925,0,0.2626153488990925,0.21259701224709524
40938,0,0.183936027092133,0.21259701224709524
40941,0,0.25006806771077905,0.21259701224709524
40950,0,0.2633374241067647,0.21259701224709524
40960,0,0.3522788508803449,0.21259701224709524
40965,0,0.2721575701431552,0.21259701224709524
40966,0,0.16781069356412184,0.21259701224709524
40970,0,0.17887996961048933,0.21259701224709524
40973,0,0.14945891842866726,0.21259701224709524
40981,0,0.24368965045298682,0.21259701224709524
40985,0,0.14896170424045668,0.21259701224709524
40988,0,0.1781314779565764,0.21259701224709524
40991,0,0.2814030472897781,0.21259701224709524
41005,0,0.15099004445396477,0.21259701224709524
41009,0,0.2580762642297322,0.21259701224709524
41013,0,0.18797944215823867,0.21259701224709524
41018,0,0.14077711137352797,0.21259701224709524
41024,0,0.14801487925355383,0.21259701224709524
41035,0,0.3272375317400621,0.21259701224709524
41036,0,0.12051788103078583,0.21259701224709524
41043,0,0.21607770002730367,0.21259701224709524
41046,0,0.2772707328946969,0.21259701224709524
41047,0,0.22533075975985262,0.21259701224709524
41050,1,0.3474314904392906,0.21259701224709524
41056,0,0.17038202689002457,0.21259701224709524
41067,0,0.36926611347353827,0.21259701224709524
41069,0,0.18203455619640702,0.21259701224709524
41070,0,0.1935719636846139,0.21259701224709524
41078,0,0.22597329624701376,0.21259701224709524
41079,1,0.2070011484413881,0.21259701224709524
41081,1,0.24368740793314053,0.21259701224709524
41082,1,0.1996125489018033,0.21259701224709524
41083,1,0.12853404992454098,0.21259701224709524
41086,1,0.2313845829728509,0.21259701224709524
41087,0,0.2649144233486641,0.21259701224709524
41088,0,0.28503309144477434,0.21259701224709524
41091,0,0.1733487049993535,0.21259701224709524
41100,0,0.23895796048464543,0.21259701224709524
41103,0,0.18836019548394606,0.21259701224709524
41105,0,0.19721517831102028,0.21259701224709524
41108,0,0.2822365352514913,0.21259701224709524
41112,0,0.2524912549058162,0.21259701224709524
41114,1,0.27562083487844974,0.21259701224709524
41116,0,0.14773181023168064,0.21259701224709524
41117,0,0.23297264587133334,0.21259701224709524
41118,0,0.2486377635583053,0.21259701224709524
41121,0,0.26609169780306396,0.21259701224709524
41123,0,0.24019100542756003,0.21259701224709524
41126,0,0.19840445291569667,0.21259701224709524
41147,0,0.30556250698713977,0.21259701224709524
41150,0,0.2954603183677406,0.21259701224709524
41151,0,0.13062417219975841,0.21259701224709524
41152,1,0.1576282836937894,0.21259701224709524
41153,0,0.15163404085330243,0.21259701224709524
41157,0,0.21518109198921356,0.21259701224709524
41171,0,0.2757788008373858,0.21259701224709524
41172,0,0.16842053477299668,0.21259701224709524
41179,0,0.18584803140835018,0.21259701224709524
41180,1,0.3246664055180542,0.21259701224709524
41183,0,0.27653526720624155,0.21259701224709524
41187,0,0.19439204583250633,0.21259701224709524
41188,1,0.18457926969727095,0.21259701224709524
41197,0,0.2705760174708003,0.21259701224709524
41198,0,0.13425159508692924,0.21259701224709524
41200,0,0.13753723982917038,0.21259701224709524
41205,0,0.38153202596850366,0.21259701224709524
41208,1,0.25409227758011843,0.21259701224709524
41215,0,0.13619574725075473,0.21259701224709524
41219,0,0.14747897539790178,0.21259701224709524
41220,0,0.15079305631593748,0.21259701224709524
41229,0,0.17898613576752867,0.21259701224709524
41233,1,0.16334680718691547,0.21259701224709524
41234,0,0.17358866077684312,0.21259701224709524
41239,1,0.12326335546464288,0.21259701224709524
41241,0,0.18928048242692883,0.21259701224709524
41244,1,0.36418171594389837,0.21259701224709524
41246,0,0.17228739894434572,0.21259701224709524
41254,0,0.29473755678171476,0.21259701224709524
41261,0,0.17631324243338037,0.21259701224709524
41264,0,0.15486910881417698,0.21259701224709524
41277,0,0.2219500173636244,0.21259701224709524
41278,1,0.18921692458263278,0.21259701224709524
41280,0,0.19713089374303913,0.21259701224709524
41286,1,0.2518498984227135,0.21259701224709524
41287,0,0.10985664047006694,0.21259701224709524
41288,0,0.17926945790742416,0.21259701224709524
41291,1,0.15186585025221783,0.21259701224709524
41292,0,0.2297251294951944,0.21259701224709524
41295,1,0.24415803211318796,0.21259701224709524
41299,0,0.20034667371133114,0.21259701224709524
41303,1,0.27699783450783494,0.21259701224709524
41311,0,0.19494224712009545,0.21259701224709524
41313,0,0.11954757285619616,0.21259701224709524
41315,0,0.3984071849647474,0.21259701224709524
41321,0,0.03317329198630551,0.21259701224709524
41323,0,0.2385722781689869,0.21259701224709524
41324,0,0.19826312587376416,0.21259701224709524
41325,0,0.33949908094731385,0.21259701224709524
41336,0,0.17634249613557548,0.21259701224709524
41337,1,0.1792773568504977,0.21259701224709524
41338,0,0.18868964069869676,0.21259701224709524
41354,1,0.28357417741767416,0.21259701224709524
41369,1,0.15532868897110907,0.21259701224709524
41380,0,0.18997698573710087,0.21259701224709524
41385,0,0.33175245033808626,0.21259701224709524
41392,1,0.149426372074346,0.21259701224709524
41395,1,0.15944125953423746,0.21259701224709524
41398,0,0.11690445341771184,0.21259701224709524
41400,0,0.1755793275087315,0.21259701224709524
41401,0,0.29904530186039047,0.21259701224709524
41409,1,0.19491356903238213,0.21259701224709524
41419,0,0.2237583235291417,0.21259701224709524
41425,0,0.1693244408846279,0.21259701224709524
41447,0,0.1892890831952162,0.21259701224709524
41448,0,0.15448577903733976,0.21259701224709524
41449,1,0.25436950777654843,0.21259701224709524
41452,0,0.1359156975792492,0.21259701224709524
41457,0,0.32234192584715704,0.21259701224709524
41460,0,0.1928929019396826,0.21259701224709524
41463,0,0.25768265149977143,0.21259701224709524
41465,0,0.13582932355078628,0.21259701224709524
41468,0,0.1555121585500257,0.21259701224709524
41471,0,0.10628950858621485,0.21259701224709524
41472,1,0.2907968176070002,0.21259701224709524
41473,0,0.14159002094505174,0.21259701224709524
41476,0,0.17300753559302026,0.21259701224709524
41498,0,0.17349569396165793,0.21259701224709524
41503,0,0.03442142255619475,0.21259701224709524
41505,0,0.2324272421637256,0.21259701224709524
41511,0,0.14468427777340626,0.21259701224709524
41518,0,0.19336066248350103,0.21259701224709524
41524,0,0.2849650418905029,0.21259701224709524
41526,1,0.23672764777102445,0.21259701224709524
41528,0,0.12324386543708056,0.21259701224709524
41531,0,0.14900539704508992,0.21259701224709524
41534,0,0.34945652903899926,0.21259701224709524
41539,0,0.17434113764240614,0.21259701224709524
41541,0,0.15839339249112558,0.21259701224709524
41543,0,0.29887187898205747,0.21259701224709524
41545,0,0.21253688760800293,0.21259701224709524
41549,1,0.2785418719809639,0.21259701224709524
41551,0,0.1308171817828695,0.21259701224709524
41562,1,0.1810516886190421,0.21259701224709524
41569,0,0.18608174964366794,0.21259701224709524
41584,0,0.132031618393003,0.21259701224709524
41591,0,0.17968483949062933,0.21259701224709524
41593,0,0.121716122900925,0.21259701224709524
41594,1,0.30180881764841216,0.21259701224709524
41599,0,0.17025060408518317,0.21259701224709524
41607,0,0.1768877488511127,0.21259701224709524
41610,1,0.2378248656393979,0.21259701224709524
41612,0,0.11858465132675501,0.21259701224709524
41620,0,0.1425618128361696,0.21259701224709524
41623,1,0.18894376011788783,0.21259701224709524
41636,0,0.24224740466733163,0.21259701224709524
41639,0,0.16586128631792843,0.21259701224709524
41646,0,0.32042394805589186,0.21259701224709524
41648,1,0.20040108806156662,0.21259701224709524
41650,0,0.25402896458787216,0.21259701224709524
41657,0,0.29706736739074835,0.21259701224709524
41664,0,0.11350433238726282,0.21259701224709524
41666,0,0.21283403110968607,0.21259701224709524
41675,0,0.36525555355692135,0.21259701224709524
41683,0,0.17214335407286174,0.21259701224709524
41690,0,0.1918019282611408,0.21259701224709524
41691,1,0.2992783531728745,0.21259701224709524
41694,0,0.16485890902372646,0.21259701224709524
41696,0,0.2231335562174706,0.21259701224709524
41698,0,0.2979295655777673,0.21259701224709524
41699,0,0.27819695663885025,0.21259701224709524
41705,0,0.27699181481096546,0.21259701224709524
41712,0,0.16572716500087728,0.21259701224709524
41720,0,0.19540893610886953,0.21259701224709524
41732,1,0.24076507651621307,0.21259701224709524
41733,0,0.2015734758089579,0.21259701224709524
41735,0,0.2562246430458039,0.21259701224709524
41742,0,0.25754923984620604,0.21259701224709524
41747,0,0.30432189008551486,0.21259701224709524
41753,0,0.22110581133386573,0.21259701224709524
41757,0,0.2982219429912733,0.21259701224709524
41761,1,0.13912108753590496,0.21259701224709524
41775,0,0.2356213876468078,0.21259701224709524
41776,1,0.2505259244439673,0.21259701224709524
41777,0,0.3011997128032027,0.21259701224709524
41784,0,0.14614848480541337,0.21259701224709524
41786,0,0.21978023424275558,0.21259701224709524
41794,0,0.17882076407680397,0.21259701224709524
41798,1,0.16604994190825775,0.21259701224709524
41799,0,0.2262095173121866,0.21259701224709524
41803,0,0.20722757136636097,0.21259701224709524
41810,0,0.11390588792659859,0.21259701224709524
41813,0,0.1868483337881462,0.21259701224709524
41819,0,0.29734684773267916,0.21259701224709524
41829,0,0.26738969190733564,0.21259701224709524
41834,1,0.376445460136719,0.21259701224709524
41836,0,0.12733822945609843,0.21259701224709524
41837,1,0.2671045034957746,0.21259701224709524
41848,0,0.3480866386999263,0.21259701224709524
41851,0,0.18518504584592704,0.21259701224709524
41854,0,0.12468361748500552,0.21259701224709524
41856,1,0.2855888920793414,0.21259701224709524
41857,0,0.22004528741183688,0.21259701224709524
41861,0,0.15912035090629786,0.21259701224709524
41864,1,0.3328484325682419,0.21259701224709524
41867,0,0.1976005236525673,0.21259701224709524
41873,0,0.11723079761419376,0.21259701224709524
41890,1,0.17841672812044293,0.21259701224709524
41901,1,0.12980466708975408,0.21259701224709524
41911,0,0.29302251153050346,0.21259701224709524
41915,0,0.18473893939719407,0.21259701224709524
41918,0,0.17488105483191307,0.21259701224709524
41921,0,0.19639998310124543,0.21259701224709524
41935,0,0.21260066945851355,0.21259701224709524
41937,0,0.20133511365703416,0.21259701224709524
41940,0,0.18786322779736156,0.21259701224709524
41946,0,0.205305549942214,0.21259701224709524
41948,0,0.2998248365793247,0.21259701224709524
41955,0,0.2921546830306064,0.21259701224709524
41956,0,0.15154962550920723,0.21259701224709524
41960,1,0.17029977615215808,0.21259701224709524
41966,1,0.20820555793483295,0.21259701224709524
41977,0,0.2504809300167229,0.21259701224709524
41979,1,0.2547969368105264,0.21259701224709524
41980,0,0.1762635513658649,0.21259701224709524
41983,1,0.15882867994416044,0.21259701224709524
42004,0,0.2948952226025265,0.21259701224709524
42021,0,0.15811016371509956,0.21259701224709524
42022,0,0.24626382643650457,0.21259701224709524
42024,0,0.2049525326231933,0.21259701224709524
42043,0,0.2942010471114612,0.21259701224709524
42045,0,0.1838735253564346,0.21259701224709524
42051,1,0.271785084145044,0.21259701224709524
42055,0,0.24068429156408397,0.21259701224709524
42056,0,0.1428178456158332,0.21259701224709524
42077,0,0.23105876553742952,0.21259701224709524
42079,0,0.23636404433344754,0.21259701224709524
42084,0,0.17867883916313623,0.21259701224709524
42085,0,0.12493138736061378,0.21259701224709524
42088,0,0.15546189578961592,0.21259701224709524
42089,1,0.17540408518525646,0.21259701224709524
42105,0,0.16540860153798254,0.21259701224709524
42108,1,0.14325389672278244,0.21259701224709524
42111,1,0.2551654505526999,0.21259701224709524
42114,0,0.2864497278176073,0.21259701224709524
42118,0,0.15060917444307448,0.21259701224709524
42124,0,0.10004163282469028,0.21259701224709524
42126,0,0.15965042172906915,0.21259701224709524
42129,0,0.2528652154690763,0.21259701224709524
42136,0,0.2367281058041645,0.21259701224709524
42139,0,0.3444869249162367,0.21259701224709524
42141,1,0.26702959550044053,0.21259701224709524
42142,0,0.13588407879431022,0.21259701224709524
42143,1,0.1497696863304332,0.21259701224709524
42150,1,0.18408029669646395,0.21259701224709524
42153,0,0.23013994127610823,0.21259701224709524
42154,0,0.247649272913145,0.21259701224709524
42163,0,0.30293963161914594,0.21259701224709524
42164,0,0.23159175648684474,0.21259701224709524
42166,0,0.355302618101003,0.21259701224709524
42169,0,0.26910296414941454,0.21259701224709524
42177,1,0.25728157301908344,0.21259701224709524
42181,0,0.14084884461924113,0.21259701224709524
42184,0,0.17537858215949795,0.21259701224709524
42188,0,0.22048734285073132,0.21259701224709524
42197,0,0.14143458804822634,0.21259701224709524
42198,1,0.16326589216189802,0.21259701224709524
42202,1,0.27426109821489947,0.21259701224709524
42208,0,0.1579230708255417,0.21259701224709524
42214,0,0.3254188155456194,0.21259701224709524
42217,0,0.1267109932524999,0.21259701224709524
42218,0,0.31289409729904166,0.21259701224709524
42219,0,0.21123068347873655,0.21259701224709524
42225,1,0.17458907919987482,0.21259701224709524
42226,0,0.19652636877417923,0.21259701224709524
42233,0,0.15490636868781324,0.21259701224709524
42235,0,0.20209824498413095,0.21259701224709524
42247,0,0.28442269683872273,0.21259701224709524
42255,1,0.20009787696908077,0.21259701224709524
42256,0,0.1570009702538068,0.21259701224709524
42267,0,0.2220892570419935,0.21259701224709524
42269,0,0.21259851370803162,0.21259701224709524
42278,0,0.19241463291692712,0.21259701224709524
42281,0,0.17933848239844175,0.21259701224709524
42291,1,0.3503758813003586,0.21259701224709524
42293,0,0.26367994842689335,0.21259701224709524
42305,0,0.17539414090060038,0.21259701224709524
42306,0,0.15009205676046639,0.21259701224709524
42308,0,0.1369289691976442,0.21259701224709524
42316,0,0.170316363375099,0.21259701224709524
42321,0,0.20258346127379956,0.21259701224709524
42324,0,0.24124099187979414,0.21259701224709524
42325,0,0.23267983559159403,0.21259701224709524
42327,0,0.15634933988055763,0.21259701224709524
42338,0,0.23736282526819616,0.21259701224709524
42342,0,0.23361710502108815,0.21259701224709524
42343,1,0.235537576570575,0.21259701224709524
42351,0,0.25154148095226686,0.21259701224709524
42363,1,0.18824072681479465,0.21259701224709524
42367,1,0.23168617463261146,0.21259701224709524
42371,1,0.274091790073638,0.21259701224709524
42374,0,0.26537664951918766,0.21259701224709524
42390,1,0.22459930022089553,0.21259701224709524
42393,0,0.21509862774927638,0.21259701224709524
42397,0,0.2627065257012974,0.21259701224709524
42399,0,0.19847013468707814,0.21259701224709524
42402,0,0.16021903591863848,0.21259701224709524
42405,1,0.260357515761027,0.21259701224709524
42406,0,0.196613500007801,0.21259701224709524
42407,0,0.1847540390786199,0.21259701224709524
42412,0,0.2859232021331737,0.21259701224709524
42415,0,0.22458143180567583,0.21259701224709524
42419,0,0.18161214876484869,0.21259701224709524
42420,0,0.15044728838125904,0.21259701224709524
42422,0,0.2908269956224003,0.21259701224709524
42429,1,0.14005075632359393,0.21259701224709524
42434,0,0.1672427410102724,0.21259701224709524
42439,0,0.19806080234450332,0.21259701224709524
42441,1,0.13950506562632967,0.21259701224709524
42460,0,0.1827190261991595,0.21259701224709524
42476,0,0.20313638769023307,0.21259701224709524
42477,0,0.13125976413870466,0.21259701224709524
42481,0,0.13589988664939157,0.21259701224709524
42488,1,0.2866372422140052,0.21259701224709524
42491,0,0.2891770537364819,0.21259701224709524
42494,0,0.2934866531361038,0.21259701224709524
42495,0,0.1975624908568336,0.21259701224709524
42504,0,0.185247920178744,0.21259701224709524
42506,0,0.20813447433972224,0.21259701224709524
42507,0,0.2667949352930433,0.21259701224709524
42512,0,0.14896487440297596,0.21259701224709524
42517,0,0.3718267172096868,0.21259701224709524
42518,0,0.23254413879639527,0.21259701224709524
42520,0,0.14803446555106442,0.21259701224709524
42534,0,0.16091226738615735,0.21259701224709524
42544,1,0.17866862087372326,0.21259701224709524
42545,0,0.2654530621882308,0.21259701224709524
42548,1,0.28313650572840526,0.21259701224709524
42552,0,0.13720363386533438,0.21259701224709524
42557,1,0.2248041305242341,0.21259701224709524
42568,0,0.1895126660896881,0.21259701224709524
42572,0,0.24986676489284818,0.21259701224709524
42575,1,0.3011777982287179,0.21259701224709524
42592,0,0.21872076920546854,0.21259701224709524
42593,0,0.20033315308987046,0.21259701224709524
42599,0,0.14649805289368772,0.21259701224709524
42616,0,0.17384714709074253,0.21259701224709524
42618,0,0.1283358962907201,0.21259701224709524
42630,0,0.14998451860525636,0.21259701224709524
42631,0,0.17953432872983974,0.21259701224709524
42632,0,0.1565965902154278,0.21259701224709524
42637,0,0.4174128751076558,0.21259701224709524
42639,0,0.22620623697658954,0.21259701224709524
42652,0,0.25204529047828933,0.21259701224709524
42667,0,0.18558138366773064,0.21259701224709524
42676,0,0.15048191377550554,0.21259701224709524
42677,0,0.3596587978244898,0.21259701224709524
42688,0,0.1981704772579836,0.21259701224709524
42689,1,0.27624254070982907,0.21259701224709524
42692,1,0.3462879098476737,0.21259701224709524
42694,1,0.20082724575233563,0.21259701224709524
42695,0,0.2718646335510908,0.21259701224709524
42700,0,0.1452755926761372,0.21259701224709524
42715,1,0.2723044329134731,0.21259701224709524
42721,0,0.14357758630032988,0.21259701224709524
42726,0,0.26204357776071485,0.21259701224709524
42733,0,0.22241388602530449,0.21259701224709524
42740,0,0.14018377219810757,0.21259701224709524
42757,0,0.27212421813779275,0.21259701224709524
42759,1,0.1906795928421156,0.21259701224709524
42761,1,0.1814545007518067,0.21259701224709524
42762,1,0.1790540591969746,0.21259701224709524
42764,0,0.20498444413201555,0.21259701224709524
42766,1,0.26018251220265975,0.21259701224709524
42771,0,0.16717107038071674,0.21259701224709524
42778,0,0.2246087544444948,0.21259701224709524
42779,0,0.15241752240045559,0.21259701224709524
42782,0,0.1370662829414616,0.21259701224709524
42784,0,0.19380403201159715,0.21259701224709524
42786,0,0.2022307956974173,0.21259701224709524
42787,0,0.292102383594168,0.21259701224709524
42791,1,0.23579693379652494,0.21259701224709524
42794,0,0.25926534820329133,0.21259701224709524
42803,0,0.21766521487279542,0.21259701224709524
42805,0,0.14305859166656398,0.21259701224709524
42806,0,0.15929975755314207,0.21259701224709524
42807,0,0.32194115663250206,0.21259701224709524
42808,0,0.263426107608326,0.21259701224709524
42816,0,0.17953151831850223,0.21259701224709524
42832,0,0.21743762440435496,0.21259701224709524
42842,0,0.17156091379176977,0.21259701224709524
42850,0,0.28884835082563526,0.21259701224709524
42860,0,0.18133272339209855,0.21259701224709524
42861,0,0.15274574382315198,0.21259701224709524
42863,1,0.177110016565377,0.21259701224709524
42877,0,0.18392402600188695,0.21259701224709524
42879,0,0.2726884222457467,0.21259701224709524
42883,0,0.24273548697860975,0.21259701224709524
42888,0,0.18498788540418032,0.21259701224709524
42892,1,0.27720730613362043,0.21259701224709524
42905,0,0.16889508708100123,0.21259701224709524
42907,0,0.21771501296226653,0.21259701224709524
42917,0,0.17148869003421047,0.21259701224709524
42921,0,0.24730245153306196,0.21259701224709524
42924,1,0.262123109977957,0.21259701224709524
42926,0,0.14416685016877545,0.21259701224709524
42930,1,0.17450839695964454,0.21259701224709524
42931,0,0.20575453853578332,0.21259701224709524
42936,0,0.20348389729302702,0.21259701224709524
42963,0,0.1786410076110878,0.21259701224709524
42966,0,0.18163416995622267,0.21259701224709524
42970,0,0.17757378370813956,0.21259701224709524
42971,0,0.18779284089152753,0.21259701224709524
42974,0,0.15363219216092355,0.21259701224709524
42978,1,0.3097638295238938,0.21259701224709524
42979,1,0.1795314077149061,0.21259701224709524
42983,0,0.12298373601893023,0.21259701224709524
42989,0,0.27158103804986267,0.21259701224709524
42997,0,0.1792460479312037,0.21259701224709524
43002,0,0.18267865434994907,0.21259701224709524
43011,1,0.31030651066423126,0.21259701224709524
43014,0,0.27213450305317693,0.21259701224709524
43016,0,0.14899922330551343,0.21259701224709524
43017,1,0.15002711190668297,0.21259701224709524
43018,0,0.20268458116265964,0.21259701224709524
43026,1,0.08712793668674026,0.21259701224709524
43030,1,0.3939950861677626,0.21259701224709524
43037,0,0.25229019194947183,0.21259701224709524
43043,1,0.2271323891679352,0.21259701224709524
43044,1,0.26889012801841217,0.21259701224709524
43056,0,0.17501946086072417,0.21259701224709524
43058,0,0.16391597223370272,0.21259701224709524
43066,1,0.23582844859054292,0.21259701224709524
43069,0,0.21605573401465067,0.21259701224709524
43081,0,0.25676109367874045,0.21259701224709524
43097,0,0.32861489327090554,0.21259701224709524
43104,0,0.22736575172430237,0.21259701224709524
43105,0,0.188178147593299,0.21259701224709524
43106,0,0.18784178625968445,0.21259701224709524
43109,0,0.3278942682129957,0.21259701224709524
43111,0,0.203095575407146,0.21259701224709524
43112,0,0.26055483094163356,0.21259701224709524
43113,0,0.12420637750742475,0.21259701224709524
43129,0,0.2104830052240407,0.21259701224709524
43139,0,0.349451417343807,0.21259701224709524
43180,1,0.2639592609079514,0.21259701224709524
43185,0,0.11364635205106363,0.21259701224709524
43187,0,0.19073471035192147,0.21259701224709524
43190,0,0.1864963069367444,0.21259701224709524
43207,0,0.17862211928536742,0.21259701224709524
43210,0,0.22088095566110938,0.21259701224709524
43213,0,0.22489069408588472,0.21259701224709524
43215,0,0.2849315074987546,0.21259701224709524
43217,0,0.27926586678980936,0.21259701224709524
43219,0,0.22675040449273406,0.21259701224709524
43220,0,0.15044547943076228,0.21259701224709524
43223,0,0.3918479122326994,0.21259701224709524
43225,0,0.25057729412780566,0.21259701224709524
43231,1,0.2501039550941661,0.21259701224709524
43239,0,0.23413692252667734,0.21259701224709524
43241,0,0.23964992964558304,0.21259701224709524
43242,0,0.1385192117608936,0.21259701224709524
43250,0,0.13360216223308655,0.21259701224709524
43251,0,0.28126119172636443,0.21259701224709524
43252,0,0.1718658009475268,0.21259701224709524
43257,1,0.11266422965620969,0.21259701224709524
43260,0,0.2832105276615297,0.21259701224709524
43267,0,0.19462370569955706,0.21259701224709524
43272,0,0.194961030564034,0.21259701224709524
43274,0,0.26654080671349784,0.21259701224709524
43285,0,0.28303168132786416,0.21259701224709524
43289,0,0.24085363212546584,0.21259701224709524
43290,1,0.16333420265178686,0.21259701224709524
43291,0,0.25379777410151194,0.21259701224709524
43293,0,0.2748451038530367,0.21259701224709524
43310,1,0.25242315606840754,0.21259701224709524
43313,0,0.17976862412953257,0.21259701224709524
43317,0,0.17612017131093421,0.21259701224709524
43318,0,0.3021823878877439,0.21259701224709524
43320,0,0.21420126194998043,0.21259701224709524
43322,0,0.310450039747331,0.21259701224709524
43328,0,0.26390928740418634,0.21259701224709524
43329,1,0.191897901318084,0.21259701224709524
43331,0,0.2551474209552917,0.21259701224709524
43357,0,0.19500824349778742,0.21259701224709524
43370,0,0.15798194197982582,0.21259701224709524
43372,0,0.3261484450016979,0.21259701224709524
43375,0,0.17423316517194978,0.21259701224709524
43398,1,0.23241161544033484,0.21259701224709524
43400,0,0.2931466720510308,0.21259701224709524
43407,0,0.18723208009201495,0.21259701224709524
43408,0,0.21300439676308033,0.21259701224709524
43412,0,0.19843609579881663,0.21259701224709524
43413,0,0.1432307466019537,0.21259701224709524
43417,0,0.22339224385670806,0.21259701224709524
43420,0,0.1463030254314162,0.21259701224709524
43421,0,0.2746922703658338,0.21259701224709524
43424,0,0.13515347320157747,0.21259701224709524
43428,1,0.2401171077736731,0.21259701224709524
43429,0,0.2537035254575469,0.21259701224709524
43434,0,0.22556421238741603,0.21259701224709524
43443,0,0.20032836012196575,0.21259701224709524
43444,0,0.18867831950116054,0.21259701224709524
43450,0,0.20582357831365328,0.21259701224709524
43453,1,0.3404738579671625,0.21259701224709524
43456,1,0.27026154486222637,0.21259701224709524
43463,1,0.20347258254786274,0.21259701224709524
43464,0,0.3079118669119141,0.21259701224709524
43471,1,0.18651760713264212,0.21259701224709524
43474,0,0.1600748802538991,0.21259701224709524
43478,0,0.32902836986979217,0.21259701224709524
43484,0,0.18755484607836076,0.21259701224709524
43485,1,0.3511264797230394,0.21259701224709524
43490,0,0.1911342429261612,0.21259701224709524
43495,0,0.19330306731587324,0.21259701224709524
43502,0,0.2713636190503611,0.21259701224709524
43503,0,0.12117540983895564,0.21259701224709524
43507,0,0.22295645456003796,0.21259701224709524
43510,1,0.16564686172292356,0.21259701224709524
43512,0,0.25628889930201804,0.21259701224709524
43513,0,0.3180406407517541,0.21259701224709524
43514,0,0.14254928555766946,0.21259701224709524
43515,0,0.13371510742642137,0.21259701224709524
43516,1,0.2993098910120613,0.21259701224709524
43522,0,0.2454725479277228,0.21259701224709524
43529,0,0.19887172948236803,0.21259701224709524
43531,0,0.11682389736638543,0.21259701224709524
43540,0,0.3669550563733428,0.21259701224709524
43548,1,0.25550637357375744,0.21259701224709524
43554,1,0.36378907112448583,0.21259701224709524
43556,0,0.15316311645748404,0.21259701224709524
43575,0,0.2579959627440104,0.21259701224709524
43576,0,0.34705619915811914,0.21259701224709524
43589,0,0.1680431586324402,0.21259701224709524
43594,0,0.15259126166649048,0.21259701224709524
43595,0,0.2276406437502923,0.21259701224709524
43599,0,0.20441993284449286,0.21259701224709524
43600,1,0.3209805811240122,0.21259701224709524
43601,0,0.16870289926963222,0.21259701224709524
43602,0,0.22307351142053478,0.21259701224709524
43603,0,0.26356003889984436,0.21259701224709524
43610,1,0.18572803037094382,0.21259701224709524
43611,0,0.1615790216958082,0.21259701224709524
43618,0,0.1592643038696845,0.21259701224709524
43619,0,0.3050418792905569,0.21259701224709524
43622,0,0.1268378200658249,0.21259701224709524
43636,0,0.18328902791605714,0.21259701224709524
43639,0,0.2559617554538424,0.21259701224709524
43640,0,0.11442513299965194,0.21259701224709524
43642,0,0.2610531896894082,0.21259701224709524
43644,1,0.27284350156508985,0.21259701224709524
43647,0,0.1918482083450742,0.21259701224709524
43648,0,0.1339552607013322,0.21259701224709524
43649,0,0.300893279350563,0.21259701224709524
43656,1,0.2892833952158876,0.21259701224709524
43661,1,0.25314392898851273,0.21259701224709524
43663,0,0.1493544525970663,0.21259701224709524
43670,0,0.33949521084870604,0.21259701224709524
43671,0,0.26134385159385454,0.21259701224709524
43673,0,0.1882777450412974,0.21259701224709524
43674,0,0.2619583153142268,0.21259701224709524
43685,1,0.3085554950537629,0.21259701224709524
43692,0,0.2844286956942485,0.21259701224709524
43693,0,0.3851936515039044,0.21259701224709524
43694,0,0.272394823327601,0.21259701224709524
43703,0,0.30389360177540736,0.21259701224709524
43704,0,0.2466405225638366,0.21259701224709524
43717,0,0.12105392155489679,0.21259701224709524
43719,1,0.24266277316973323,0.21259701224709524
43729,1,0.3152855379964058,0.21259701224709524
43733,1,0.18263351538834843,0.21259701224709524
43736,0,0.14282143141926698,0.21259701224709524
43740,0,0.22945832363304625,0.21259701224709524
43743,0,0.33496179027821976,0.21259701224709524
43744,1,0.17511964142697584,0.21259701224709524
43748,0,0.3130180469334799,0.21259701224709524
43765,0,0.1763054894673468,0.21259701224709524
43766,0,0.11534418479919448,0.21259701224709524
43773,0,0.16776746362029496,0.21259701224709524
43776,0,0.13443248840257557,0.21259701224709524
43782,1,0.27111676010245633,0.21259701224709524
43786,0,0.12775462701497967,0.21259701224709524
43788,0,0.15956713888177265,0.21259701224709524
43793,0,0.1579354581289749,0.21259701224709524
43797,1,0.2906516062258118,0.21259701224709524
43800,0,0.1343198067770792,0.21259701224709524
43801,0,0.15178191940731908,0.21259701224709524
43802,1,0.2462270378162334,0.21259701224709524
43806,1,0.31459717889565836,0.21259701224709524
43819,0,0.2517489310698297,0.21259701224709524
43826,1,0.23592469571281102,0.21259701224709524
43827,0,0.1442598797334781,0.21259701224709524
43831,1,0.2509470564637286,0.21259701224709524
43837,0,0.2528138532884714,0.21259701224709524
43839,0,0.17742706539740083,0.21259701224709524
43842,0,0.2903615914623689,0.21259701224709524
43844,0,0.25914974131375523,0.21259701224709524
43845,0,0.332478842691358,0.21259701224709524
43853,1,0.16769854164019185,0.21259701224709524
43856,1,0.25848078138608427,0.21259701224709524
43860,0,0.2970652310585129,0.21259701224709524
43862,1,0.2838240486649971,0.21259701224709524
43863,0,0.17279027651964224,0.21259701224709524
43864,0,0.1739811882150869,0.21259701224709524
43870,1,0.267065100875074,0.21259701224709524
43873,0,0.13813735558502976,0.21259701224709524
43874,0,0.17713160249267082,0.21259701224709524
43876,0,0.26397194825169773,0.21259701224709524
43879,0,0.21956412603722378,0.21259701224709524
43885,0,0.15765260116473992,0.21259701224709524
43893,0,0.22993832526903102,0.21259701224709524
43903,0,0.10429891167485439,0.21259701224709524
43904,1,0.22166069725309753,0.21259701224709524
43905,0,0.1699563891694339,0.21259701224709524
43906,0,0.1658173215172123,0.21259701224709524
43910,0,0.1672363717957917,0.21259701224709524
43919,0,0.2406579505016302,0.21259701224709524
43921,0,0.1353386114594968,0.21259701224709524
43940,0,0.18170298905963198,0.21259701224709524
43945,0,0.24309886504008765,0.21259701224709524
43948,0,0.15865403848659296,0.21259701224709524
43952,0,0.1295639390255344,0.21259701224709524
43956,0,0.18938875647921363,0.21259701224709524
43962,0,0.2154470403456219,0.21259701224709524
43967,0,0.1907686341009383,0.21259701224709524
43971,0,0.36698835851064376,0.21259701224709524
43974,0,0.1648100030150796,0.21259701224709524
43979,1,0.17167604192028602,0.21259701224709524
43993,0,0.1817494613364217,0.21259701224709524
43994,0,0.1536609903906917,0.21259701224709524
44007,0,0.29361875947353083,0.21259701224709524
44012,1,0.12554799812112707,0.21259701224709524
44020,0,0.17441269634119855,0.21259701224709524
44031,0,0.3037956188941919,0.21259701224709524
44033,0,0.12617647651898403,0.21259701224709524
44041,0,0.12462613915567253,0.21259701224709524
44042,0,0.24000258622411286,0.21259701224709524
44048,0,0.16018992684569056,0.21259701224709524
44054,1,0.15295900785788716,0.21259701224709524
44059,0,0.260255839731569,0.21259701224709524
44084,0,0.16408044048856335,0.21259701224709524
44098,0,0.17814728001610247,0.21259701224709524
44103,0,0.2889547305466986,0.21259701224709524
44104,0,0.27553297366319296,0.21259701224709524
44107,0,0.20601856033463734,0.21259701224709524
44108,0,0.19535016563938062,0.21259701224709524
44139,0,0.14121159918763962,0.21259701224709524
44150,1,0.20648035219023728,0.21259701224709524
44151,0,0.15609524318015164,0.21259701224709524
44154,0,0.26325393380201834,0.21259701224709524
44155,1,0.32605080867907854,0.21259701224709524
44167,0,0.21120919099430252,0.21259701224709524
44183,0,0.19977835915815148,0.21259701224709524
44184,0,0.2741740892201873,0.21259701224709524
44192,0,0.17341725027344215,0.21259701224709524
44196,0,0.16813563729836056,0.21259701224709524
44201,0,0.1598612309448969,0.21259701224709524
44206,0,0.17673804488525183,0.21259701224709524
44211,1,0.1971896809036039,0.21259701224709524
44223,0,0.22839049304651196,0.21259701224709524
44227,0,0.15282784355202145,0.21259701224709524
44229,0,0.20858586895103975,0.21259701224709524
44231,0,0.201373118798848,0.21259701224709524
44233,0,0.20357071059810922,0.21259701224709524
44241,0,0.22769058703425987,0.21259701224709524
44242,0,0.20149379759574682,0.21259701224709524
44244,0,0.17614900918995888,0.21259701224709524
44246,0,0.1780878975512426,0.21259701224709524
44247,0,0.26122185831064737,0.21259701224709524
44250,1,0.09797664229113623,0.21259701224709524
44254,0,0.14954179339050627,0.21259701224709524
44255,0,0.24654958799840165,0.21259701224709524
44274,1,0.2409611240534055,0.21259701224709524
44285,1,0.37235741111847465,0.21259701224709524
44287,0,0.1630710463691199,0.21259701224709524
44289,0,0.13990141166575373,0.21259701224709524
44291,0,0.26003127649983326,0.21259701224709524
44295,0,0.31417457880173805,0.21259701224709524
44304,0,0.18294719672566234,0.21259701224709524
44313,0,0.13573265119866296,0.21259701224709524
44321,0,0.17808062093783794,0.21259701224709524
44323,1,0.309017575297676,0.21259701224709524
44327,0,0.2934793336610777,0.21259701224709524
44328,0,0.2616110489571853,0.21259701224709524
44330,0,0.18122839125471435,0.21259701224709524
44335,1,0.2521599507476971,0.21259701224709524
44336,1,0.3477084365841151,0.21259701224709524
44337,0,0.2700973609093396,0.21259701224709524
44338,0,0.3613375958759135,0.21259701224709524
44345,0,0.20883001171471546,0.21259701224709524
44352,0,0.18220827059694028,0.21259701224709524
44360,0,0.15076979464271684,0.21259701224709524
44373,1,0.12670438252449662,0.21259701224709524
44376,1,0.15991608865656612,0.21259701224709524
44381,0,0.25006434429471147,0.21259701224709524
44385,0,0.0941687503321532,0.21259701224709524
44386,0,0.13977132778970455,0.21259701224709524
44388,0,0.13419694392484696,0.21259701224709524
44391,0,0.2030455241786919,0.21259701224709524
44394,0,0.3012458831963291,0.21259701224709524
44396,0,0.11806113614157326,0.21259701224709524
44399,0,0.20339233698998718,0.21259701224709524
44403,0,0.25943858399219305,0.21259701224709524
44405,0,0.334622542191508,0.21259701224709524
44408,0,0.3341689621533723,0.21259701224709524
44411,1,0.3277771704861352,0.21259701224709524
44425,0,0.1946448850688042,0.21259701224709524
44432,0,0.3082463309329064,0.21259701224709524
44441,0,0.1641649372734715,0.21259701224709524
44445,0,0.29885938032458914,0.21259701224709524
44447,1,0.16842483600843636,0.21259701224709524
44450,0,0.15060623892222888,0.21259701224709524
44455,0,0.2513734506717675,0.21259701224709524
44461,0,0.14158484013281653,0.21259701224709524
44469,1,0.2757594662194992,0.21259701224709524
44480,0,0.18043195169867532,0.21259701224709524
44482,0,0.19687304177859385,0.21259701224709524
44484,1,0.15280114915687149,0.21259701224709524
44487,0,0.20642776932114026,0.21259701224709524
44490,0,0.30305416512266625,0.21259701224709524
44497,0,0.26508200826271894,0.21259701224709524
44503,1,0.3636612501749446,0.21259701224709524
44504,0,0.2534616907216423,0.21259701224709524
44505,0,0.15550197777831767,0.21259701224709524
44507,1,0.21116586119160932,0.21259701224709524
44510,1,0.22969885074793886,0.21259701224709524
44514,0,0.2038574668662303,0.21259701224709524
44515,0,0.13557293843850013,0.21259701224709524
44532,1,0.17001708989142128,0.21259701224709524
44533,0,0.14170897035158211,0.21259701224709524
44535,1,0.15254626250788758,0.21259701224709524
44537,0,0.19825852383257875,0.21259701224709524
44540,0,0.26100464470324364,0.21259701224709524
44556,0,0.2660634839010301,0.21259701224709524
44566,1,0.2783466947802117,0.21259701224709524
44585,0,0.21991085805692867,0.21259701224709524
44586,0,0.23158636499220142,0.21259701224709524
44590,0,0.33737290625376276,0.21259701224709524
44591,0,0.39209576188838297,0.21259701224709524
44592,0,0.25541560807304603,0.21259701224709524
44594,0,0.16656049352303898,0.21259701224709524
44601,0,0.2016797729414836,0.21259701224709524
44603,0,0.34583696432580624,0.21259701224709524
44604,0,0.13818955797470603,0.21259701224709524
44607,0,0.31785092379368973,0.21259701224709524
44616,1,0.28591850207750547,0.21259701224709524
44618,0,0.13599207540160002,0.21259701224709524
44621,0,0.22851543335196858,0.21259701224709524
44624,0,0.20725377661684793,0.21259701224709524
44626,0,0.2617228204937789,0.21259701224709524
44639,0,0.32322500815367256,0.21259701224709524
44645,0,0.17681297675064364,0.21259701224709524
44648,1,0.18211937501798536,0.21259701224709524
44653,1,0.29426554309596464,0.21259701224709524
44654,1,0.2054963796662073,0.21259701224709524
44659,0,0.1253480190963049,0.21259701224709524
44665,1,0.1502771886974448,0.21259701224709524
44678,0,0.15887501483611075,0.21259701224709524
44694,0,0.1348459443138344,0.21259701224709524
44695,0,0.15496666628929545,0.21259701224709524
44698,0,0.06741237193607029,0.21259701224709524
44706,0,0.20148368489251242,0.21259701224709524
44710,1,0.2337876157060231,0.21259701224709524
44713,0,0.2122228471338953,0.21259701224709524
44714,0,0.18471808347373384,0.21259701224709524
44716,1,0.2551654505526999,0.21259701224709524
44718,1,0.17719260692783712,0.21259701224709524
44723,1,0.19473062986595963,0.21259701224709524
44727,0,0.27392194725946756,0.21259701224709524
44729,0,0.1350694911544088,0.21259701224709524
44734,0,0.22547906777619403,0.21259701224709524
44737,0,0.2146650939269389,0.21259701224709524
44742,1,0.18184365683041134,0.21259701224709524
44744,0,0.3422389898479512,0.21259701224709524
44746,0,0.19520600908491345,0.21259701224709524
44752,0,0.25008886425640653,0.21259701224709524
44755,1,0.27805224421512587,0.21259701224709524
44756,0,0.2009849232044595,0.21259701224709524
44767,1,0.20400648558933748,0.21259701224709524
44768,0,0.25432412480477706,0.21259701224709524
44770,1,0.31033254713955905,0.21259701224709524
44772,1,0.1217199197544035,0.21259701224709524
44775,0,0.16328965148717892,0.21259701224709524
44776,1,0.19337159759158415,0.21259701224709524
44784,0,0.2809342960208921,0.21259701224709524
44788,0,0.1659543095901605,0.21259701224709524
44792,1,0.32286444912487017,0.21259701224709524
44797,0,0.14187248181306508,0.21259701224709524
44798,1,0.17529605077479446,0.21259701224709524
44802,0,0.11863994825714592,0.21259701224709524
44804,1,0.28357417741767416,0.21259701224709524
44805,0,0.14016123744358935,0.21259701224709524
44807,0,0.33309767213532454,0.21259701224709524
44815,0,0.27213450305317693,0.21259701224709524
44817,0,0.280441382295842,0.21259701224709524
44821,0,0.2224305771312508,0.21259701224709524
44823,0,0.2709851073378433,0.21259701224709524
44833,0,0.14084887814719832,0.21259701224709524
44835,0,0.18452002305471318,0.21259701224709524
44836,0,0.2160152288319097,0.21259701224709524
44841,0,0.2446890798425695,0.21259701224709524
44843,0,0.1880696176793415,0.21259701224709524
44845,0,0.2994864854854066,0.21259701224709524
44854,0,0.23402601894339006,0.21259701224709524
44860,1,0.1820923200870979,0.21259701224709524
44863,0,0.2187651062756906,0.21259701224709524
44868,0,0.20359422748643813,0.21259701224709524
44871,0,0.31644002438479824,0.21259701224709524
44874,0,0.1932989960072097,0.21259701224709524
44876,0,0.240737824310602,0.21259701224709524
44878,0,0.14782923966044487,0.21259701224709524
44879,0,0.18641962379562851,0.21259701224709524
44883,0,0.165640206953297,0.21259701224709524
44885,0,0.26055483094163356,0.21259701224709524
44913,0,0.2508073400246373,0.21259701224709524
44915,0,0.19462370569955706,0.21259701224709524
44920,0,0.1359156975792492,0.21259701224709524
44922,0,0.2123201259567205,0.21259701224709524
44925,0,0.2468123877539412,0.21259701224709524
44938,1,0.24872157840813977,0.21259701224709524
44947,0,0.2073397912569566,0.21259701224709524
44952,0,0.20431065713053523,0.21259701224709524
44965,0,0.1685588130595028,0.21259701224709524
44974,0,0.2970652310585129,0.21259701224709524
44977,0,0.2397120258214694,0.21259701224709524
44990,1,0.22555084148011562,0.21259701224709524
44993,0,0.29218682075801455,0.21259701224709524
44996,0,0.258842705994228,0.21259701224709524
45014,0,0.11952635769559639,0.21259701224709524
45021,0,0.14545188369782344,0.21259701224709524
45035,0,0.17963094881032143,0.21259701224709524
45064,1,0.19177182919865243,0.21259701224709524
45068,0,0.1880797771434004,0.21259701224709524
45080,0,0.1679135255511996,0.21259701224709524
45084,0,0.2460338885974975,0.21259701224709524
45085,0,0.10636875075926043,0.21259701224709524
45095,0,0.14725775304884609,0.21259701224709524
45112,0,0.1903040303323107,0.21259701224709524
45114,0,0.12420637750742475,0.21259701224709524
45127,0,0.15420687568870567,0.21259701224709524
45145,0,0.1553228024334843,0.21259701224709524
45149,1,0.14268317562050434,0.21259701224709524
45156,1,0.20694375783933228,0.21259701224709524
45157,0,0.16450782953865434,0.21259701224709524
45158,0,0.30024413277547646,0.21259701224709524
45159,1,0.23183349204468856,0.21259701224709524
45163,0,0.17690819242079822,0.21259701224709524
45174,0,0.3059607518086141,0.21259701224709524
45183,1,0.22697321766544598,0.21259701224709524
45194,0,0.18004565839581824,0.21259701224709524
45200,0,0.2814948643184874,0.21259701224709524
45208,0,0.112075283106546,0.21259701224709524
45210,1,0.14445298540719714,0.21259701224709524
45211,0,0.1797039326892079,0.21259701224709524
45214,0,0.14205457979053615,0.21259701224709524
45221,0,0.14672542497597632,0.21259701224709524
45238,0,0.20222312060437006,0.21259701224709524
45239,0,0.24962096234297684,0.21259701224709524
45243,0,0.2764237961051922,0.21259701224709524
45244,0,0.18952021726931828,0.21259701224709524
45253,0,0.13310493913631244,0.21259701224709524
45254,1,0.33333552049565435,0.21259701224709524
45259,0,0.23346496695647015,0.21259701224709524
45260,0,0.2668729261625657,0.21259701224709524
45267,0,0.23113639104674755,0.21259701224709524
45276,0,0.1190972591203518,0.21259701224709524
45280,1,0.2649160606159203,0.21259701224709524
45281,0,0.1868483337881462,0.21259701224709524
45282,1,0.39837098708507146,0.21259701224709524
45305,0,0.22135857206158005,0.21259701224709524
45308,0,0.1803358970994574,0.21259701224709524
45315,0,0.2518871957683549,0.21259701224709524
45325,1,0.18805597974380675,0.21259701224709524
45329,0,0.24278921446945959,0.21259701224709524
45331,0,0.13649280425943414,0.21259701224709524
45332,0,0.22498982762304318,0.21259701224709524
45339,0,0.16051179842446905,0.21259701224709524
45343,0,0.13113319301842505,0.21259701224709524
45344,0,0.11746458047792663,0.21259701224709524
45354,0,0.25057946506271567,0.21259701224709524
45355,1,0.3162208176808842,0.21259701224709524
45357,0,0.22088095566110938,0.21259701224709524
45365,0,0.26752818727902794,0.21259701224709524
45374,0,0.1900841428720977,0.21259701224709524
45376,0,0.270382955293909,0.21259701224709524
45387,0,0.2020408739386262,0.21259701224709524
45389,0,0.22921932081521093,0.21259701224709524
45400,0,0.1377833710214883,0.21259701224709524
45405,0,0.3223470597989769,0.21259701224709524
45409,0,0.14395332898831478,0.21259701224709524
45419,0,0.12260045847810472,0.21259701224709524
45423,0,0.1804122103026335,0.21259701224709524
45425,1,0.15781315384388211,0.21259701224709524
45426,0,0.25815272017917107,0.21259701224709524
45430,0,0.2999001375404225,0.21259701224709524
45435,0,0.15701758202653496,0.21259701224709524
45441,0,0.17887996961048933,0.21259701224709524
45449,1,0.30365702969204555,0.21259701224709524
45451,0,0.19520375089791583,0.21259701224709524
45464,0,0.34327504467035264,0.21259701224709524
45472,0,0.23819879911160172,0.21259701224709524
45484,0,0.23640312407299952,0.21259701224709524
45488,0,0.2475301175943872,0.21259701224709524
45490,0,0.1569057839416521,0.21259701224709524
45499,0,0.2588752667344494,0.21259701224709524
45507,1,0.15841804114548932,0.21259701224709524
45508,0,0.20974541751894946,0.21259701224709524
45516,0,0.1635516361162477,0.21259701224709524
45520,1,0.2525525654087575,0.21259701224709524
45524,1,0.31872631008338254,0.21259701224709524
45532,0,0.26041419673937743,0.21259701224709524
45546,0,0.1369600199168649,0.21259701224709524
45558,1,0.15162458279930996,0.21259701224709524
45566,1,0.25640336337450337,0.21259701224709524
45567,0,0.16229510485131332,0.21259701224709524
45569,0,0.2697230454289276,0.21259701224709524
45571,0,0.2111169524674378,0.21259701224709524
45572,0,0.18849651428515213,0.21259701224709524
45578,1,0.1652230788555399,0.21259701224709524
45581,0,0.2124519938431072,0.21259701224709524
45582,0,0.16541205094300485,0.21259701224709524
45586,0,0.2545014645217412,0.21259701224709524
45595,1,0.18047550834742077,0.21259701224709524
45600,0,0.23013994127610823,0.21259701224709524
45601,1,0.20985251836491628,0.21259701224709524
45611,0,0.25302124200647336,0.21259701224709524
45616,0,0.28359926522032264,0.21259701224709524
45624,0,0.3115257696841685,0.21259701224709524
45627,0,0.2246087544444948,0.21259701224709524
45640,0,0.249975990789421,0.21259701224709524
45646,1,0.1676241804833913,0.21259701224709524
45649,0,0.2043276696451229,0.21259701224709524
45650,0,0.10769444311426052,0.21259701224709524
45652,0,0.1515673592821928,0.21259701224709524
45669,0,0.276443598687909,0.21259701224709524
45673,1,0.2052585707975927,0.21259701224709524
45675,0,0.1611486825139009,0.21259701224709524
45676,0,0.3304114486873973,0.21259701224709524
45690,0,0.24060803548166368,0.21259701224709524
45700,0,0.18164314321784916,0.21259701224709524
45703,0,0.3037806201083392,0.21259701224709524
45708,1,0.13775883054449806,0.21259701224709524
45714,0,0.317653487636858,0.21259701224709524
45719,0,0.3495860875119276,0.21259701224709524
45722,0,0.1594948319416665,0.21259701224709524
45724,1,0.28313650572840526,0.21259701224709524
45727,0,0.24732633835652348,0.21259701224709524
45737,1,0.202998284303526,0.21259701224709524
45747,1,0.1329083162131576,0.21259701224709524
45752,1,0.18879428006110857,0.21259701224709524
45755,0,0.21438098564486935,0.21259701224709524
45770,1,0.36418171594389837,0.21259701224709524
45771,0,0.19212264677425686,0.21259701224709524
45775,0,0.18062890492514136,0.21259701224709524
45790,1,0.2628995708762313,0.21259701224709524
45794,0,0.1529062695707064,0.21259701224709524
45796,1,0.1864463469989839,0.21259701224709524
45802,1,0.2645410860639616,0.21259701224709524
45811,0,0.13919781362772554,0.21259701224709524
45837,0,0.09111043615102665,0.21259701224709524
45838,0,0.2858438831148686,0.21259701224709524
45841,0,0.2551526949752718,0.21259701224709524
45845,1,0.1899706533519762,0.21259701224709524
45846,0,0.20034667371133114,0.21259701224709524
45852,0,0.12627612640030508,0.21259701224709524
45860,0,0.18063031379248076,0.21259701224709524
45880,1,0.17124428690129653,0.21259701224709524
45887,0,0.2067402251958152,0.21259701224709524
45889,0,0.16527199843819357,0.21259701224709524
45894,0,0.2570415698520826,0.21259701224709524
45901,1,0.26291718684806786,0.21259701224709524
45905,1,0.1906795928421156,0.21259701224709524
45908,0,0.2666070048106334,0.21259701224709524
45928,0,0.21148188874636842,0.21259701224709524
45929,0,0.1325085315542678,0.21259701224709524
45934,0,0.1604952068128731,0.21259701224709524
45939,0,0.2292943735186734,0.21259701224709524
45940,0,0.2608607504153359,0.21259701224709524
45941,0,0.13816632100211448,0.21259701224709524
45946,1,0.17096491032043032,0.21259701224709524
45947,0,0.29927265246551615,0.21259701224709524
45953,0,0.1981221366991095,0.21259701224709524
45954,1,0.30096178105061383,0.21259701224709524
45955,0,0.33260140294694773,0.21259701224709524
45956,0,0.15342728773438805,0.21259701224709524
45970,0,0.18322030982694762,0.21259701224709524
45977,0,0.13133423438811623,0.21259701224709524
45978,1,0.2278837943865416,0.21259701224709524
45985,0,0.11538586385564752,0.21259701224709524
45986,0,0.13062417219975841,0.21259701224709524
45988,0,0.1755190751571811,0.21259701224709524
45994,0,0.1564070111008988,0.21259701224709524
45997,0,0.35700231180266756,0.21259701224709524
46002,0,0.10401436458580472,0.21259701224709524
46003,1,0.25242315606840754,0.21259701224709524
46004,0,0.13580672289662826,0.21259701224709524
46011,1,0.1657808752237315,0.21259701224709524
46018,0,0.19162863804295444,0.21259701224709524
46027,1,0.3328484325682419,0.21259701224709524
46028,0,0.36624132351795247,0.21259701224709524
46037,0,0.2563154027807338,0.21259701224709524
46044,0,0.20852532752184985,0.21259701224709524
46045,0,0.23076389723896573,0.21259701224709524
46048,0,0.2142224670401469,0.21259701224709524
46050,0,0.12786108019708234,0.21259701224709524
46051,0,0.30687316558082056,0.21259701224709524
46053,0,0.16101197575909543,0.21259701224709524
46062,0,0.34367864926661706,0.21259701224709524
46071,0,0.17442865233754853,0.21259701224709524
46079,0,0.17230090529792214,0.21259701224709524
46081,1,0.18026341003368804,0.21259701224709524
46087,0,0.19625254522026614,0.21259701224709524
46093,0,0.22043138929171843,0.21259701224709524
46105,0,0.26609169780306396,0.21259701224709524
46108,0,0.18311650237441784,0.21259701224709524
46113,0,0.170964799313004,0.21259701224709524
46120,0,0.27921943746374667,0.21259701224709524
46135,0,0.3173921502191133,0.21259701224709524
46138,0,0.2675817152814463,0.21259701224709524
46149,1,0.27858856254134506,0.21259701224709524
46150,0,0.36541705147864095,0.21259701224709524
46154,0,0.27029867550394665,0.21259701224709524
46168,0,0.25609075207993354,0.21259701224709524
46170,1,0.18292108957245612,0.21259701224709524
46178,0,0.24025342466895486,0.21259701224709524
46183,0,0.15330815063120018,0.21259701224709524
46187,0,0.17439307124205725,0.21259701224709524
46198,0,0.26718362126271533,0.21259701224709524
46204,0,0.22382693033653014,0.21259701224709524
46205,0,0.25119500754353485,0.21259701224709524
46210,0,0.13758535203050049,0.21259701224709524
46212,1,0.28401351075380643,0.21259701224709524
46220,0,0.1920146346326303,0.21259701224709524
46226,0,0.2231335562174706,0.21259701224709524
46227,0,0.2779474391871974,0.21259701224709524
46229,0,0.21015700707106344,0.21259701224709524
46230,1,0.30277911002159724,0.21259701224709524
46232,0,0.23482851702099844,0.21259701224709524
46238,0,0.15565114333444785,0.21259701224709524
46240,0,0.21507806593283682,0.21259701224709524
46247,0,0.1672363717957917,0.21259701224709524
46248,1,0.26484494210683274,0.21259701224709524
46254,1,0.3283394553122931,0.21259701224709524
46256,0,0.2136618949399673,0.21259701224709524
46259,0,0.14003729796471245,0.21259701224709524
46260,0,0.13437509584578158,0.21259701224709524
46261,0,0.20756753691810512,0.21259701224709524
46263,0,0.29175759583527777,0.21259701224709524
46281,0,0.14803968795197622,0.21259701224709524
46283,0,0.36926611347353827,0.21259701224709524
46291,0,0.24808125764857317,0.21259701224709524
46296,0,0.14626673086569286,0.21259701224709524
46302,0,0.2517229912578957,0.21259701224709524
46305,0,0.31476857109648404,0.21259701224709524
46310,1,0.17525131808417063,0.21259701224709524
46321,0,0.1143378148081243,0.21259701224709524
46322,1,0.35916870586062366,0.21259701224709524
46325,1,0.34049650585990876,0.21259701224709524
46330,0,0.13557293843850013,0.21259701224709524
46341,0,0.2381518299054735,0.21259701224709524
46343,0,0.20306027021675968,0.21259701224709524
46347,0,0.30916710509876183,0.21259701224709524
46353,0,0.24647238693614382,0.21259701224709524
46355,1,0.22948308187861427,0.21259701224709524
46365,0,0.27081435635102186,0.21259701224709524
46372,0,0.3613375958759135,0.21259701224709524
46375,0,0.30287222787779255,0.21259701224709524
46377,0,0.3488627763125863,0.21259701224709524
46387,0,0.1487956612422125,0.21259701224709524
46390,0,0.2217887143571248,0.21259701224709524
46394,0,0.1652636103661666,0.21259701224709524
46395,0,0.2789967829953494,0.21259701224709524
46401,0,0.13222671996305532,0.21259701224709524
46402,0,0.28613022626010187,0.21259701224709524
46414,0,0.09053470594787418,0.21259701224709524
46415,1,0.2574899503495611,0.21259701224709524
46418,0,0.14392571696476866,0.21259701224709524
46419,0,0.11368698732018664,0.21259701224709524
46421,0,0.28053236850638114,0.21259701224709524
46428,0,0.17038202689002457,0.21259701224709524
46429,0,0.18689094510628054,0.21259701224709524
46430,0,0.22468235336449652,0.21259701224709524
46432,1,0.1921068516647144,0.21259701224709524
46435,0,0.13945015271255343,0.21259701224709524
46456,0,0.23673214000893478,0.21259701224709524
46457,1,0.20795482899652235,0.21259701224709524
46460,0,0.27323851724553805,0.21259701224709524
46464,0,0.20788544154022087,0.21259701224709524
46468,0,0.29469199236233845,0.21259701224709524
46470,0,0.17489486189325937,0.21259701224709524
46472,0,0.25293678703057676,0.21259701224709524
46479,1,0.25591599341241694,0.21259701224709524
46496,0,0.2632757358134229,0.21259701224709524
46497,0,0.1236615967658169,0.21259701224709524
46503,0,0.14630439458613304,0.21259701224709524
46504,0,0.23396701270292367,0.21259701224709524
46511,0,0.2324552459445272,0.21259701224709524
46519,0,0.25372924068981306,0.21259701224709524
46521,1,0.22327696727166998,0.21259701224709524
46523,0,0.16426562711350864,0.21259701224709524
46528,0,0.3184904028148223,0.21259701224709524
46529,0,0.2767158533124014,0.21259701224709524
46538,1,0.14430348891115116,0.21259701224709524
46545,0,0.23420025479399104,0.21259701224709524
46550,0,0.25576243560693884,0.21259701224709524
46553,0,0.1366398072834996,0.21259701224709524
46565,0,0.12489154106517292,0.21259701224709524
46577,0,0.22558083991142935,0.21259701224709524
46589,0,0.13698020050010587,0.21259701224709524
46591,0,0.1625427528759037,0.21259701224709524
46594,0,0.14623915358032624,0.21259701224709524
46596,1,0.14827513705725856,0.21259701224709524
46607,0,0.20016651309400788,0.21259701224709524
46620,0,0.1436483820365497,0.21259701224709524
46621,0,0.14468427777340626,0.21259701224709524
46625,0,0.26287650887449193,0.21259701224709524
46633,0,0.18904955399628795,0.21259701224709524
46641,1,0.2849164025595991,0.21259701224709524
46648,0,0.1841546189800397,0.21259701224709524
46649,0,0.13275139957762294,0.21259701224709524
46663,0,0.16020029111704814,0.21259701224709524
46666,0,0.2708938285200393,0.21259701224709524
46679,0,0.18357007584615748,0.21259701224709524
46684,0,0.14143458804822634,0.21259701224709524
46685,0,0.22004528741183688,0.21259701224709524
46691,0,0.14928857943685225,0.21259701224709524
46695,0,0.25643029670073747,0.21259701224709524
46697,0,0.3087998570854191,0.21259701224709524
46701,1,0.3813921201684649,0.21259701224709524
46702,1,0.2566325639746146,0.21259701224709524
46704,0,0.3154537108428691,0.21259701224709524
46707,1,0.13464320730451398,0.21259701224709524
46711,0,0.19058570886177215,0.21259701224709524
46722,0,0.2268658943764282,0.21259701224709524
46733,0,0.12262177039376265,0.21259701224709524
46734,1,0.24601690649449218,0.21259701224709524
46737,1,0.2687377820901787,0.21259701224709524
46738,1,0.2600192709571994,0.21259701224709524
46742,0,0.2459858520217961,0.21259701224709524
46744,1,0.26204640515224265,0.21259701224709524
46747,0,0.17500376580916568,0.21259701224709524
46749,0,0.17450281403183884,0.21259701224709524
46755,0,0.18177786351887154,0.21259701224709524
46761,0,0.14282464235418513,0.21259701224709524
46773,1,0.17841672812044293,0.21259701224709524
46774,0,0.14156320069137118,0.21259701224709524
46813,0,0.23024133255119217,0.21259701224709524
46814,0,0.19487393078118273,0.21259701224709524
46816,0,0.1541745511184702,0.21259701224709524
46824,0,0.24532611362084097,0.21259701224709524
46826,0,0.19807538114917064,0.21259701224709524
46834,0,0.22390683202358258,0.21259701224709524
46835,0,0.12128668148455606,0.21259701224709524
46840,0,0.2798255272927279,0.21259701224709524
46841,0,0.18532280586019897,0.21259701224709524
46847,1,0.2728545963639347,0.21259701224709524
46858,1,0.1814545007518067,0.21259701224709524
46864,1,0.13819534303188846,0.21259701224709524
46870,0,0.17690999209694794,0.21259701224709524
46872,0,0.1407475393638716,0.21259701224709524
46875,0,0.1583081873581379,0.21259701224709524
46876,0,0.25860080613596215,0.21259701224709524
46877,1,0.0954345526515503,0.21259701224709524
46890,1,0.12995192110523554,0.21259701224709524
46894,1,0.2231324943122207,0.21259701224709524
46896,0,0.12670920970299643,0.21259701224709524
46916,1,0.19964919291622932,0.21259701224709524
46917,0,0.35799983350695136,0.21259701224709524
46918,0,0.16559469913832695,0.21259701224709524
46920,0,0.20968739456344018,0.21259701224709524
46921,0,0.18220827059694028,0.21259701224709524
46923,0,0.19237306116560515,0.21259701224709524
46935,0,0.14272800571134264,0.21259701224709524
46939,0,0.2542195864251972,0.21259701224709524
46948,0,0.11875287457885639,0.21259701224709524
46953,0,0.2599137177304505,0.21259701224709524
46957,1,0.29380695502593773,0.21259701224709524
46960,0,0.21756426962127123,0.21259701224709524
46964,1,0.10793091589280177,0.21259701224709524
46972,0,0.11899940815395627,0.21259701224709524
46983,0,0.22812478527802085,0.21259701224709524
46985,0,0.1537572325317477,0.21259701224709524
46991,0,0.17349569396165793,0.21259701224709524
46994,0,0.2898695132670912,0.21259701224709524
46995,0,0.19170817878541216,0.21259701224709524
47000,1,0.25751849125228643,0.21259701224709524
47010,0,0.1976005236525673,0.21259701224709524
47012,1,0.23367642138044048,0.21259701224709524
47021,0,0.18669573987397403,0.21259701224709524
47022,0,0.12879375235225302,0.21259701224709524
47031,1,0.29271080724037873,0.21259701224709524
47037,0,0.24558822481732903,0.21259701224709524
47042,0,0.2221417808439207,0.21259701224709524
47044,0,0.20133531483021783,0.21259701224709524
47049,0,0.15622439590643838,0.21259701224709524
47050,0,0.17630135136984448,0.21259701224709524
47054,0,0.17409376787780512,0.21259701224709524
47059,0,0.1675435773765123,0.21259701224709524
47067,0,0.14404624362898913,0.21259701224709524
47069,1,0.1831726313781947,0.21259701224709524
47083,0,0.19679936616300558,0.21259701224709524
47090,0,0.15998891736989398,0.21259701224709524
47093,1,0.26658165535272227,0.21259701224709524
47099,0,0.26827033767580677,0.21259701224709524
47115,0,0.17700659859431173,0.21259701224709524
47120,0,0.18918158499468926,0.21259701224709524
47123,0,0.12371799549208286,0.21259701224709524
47126,0,0.3223837236152394,0.21259701224709524
47127,1,0.19395626380363754,0.21259701224709524
47130,0,0.15916423796208018,0.21259701224709524
47143,0,0.23771513337381792,0.21259701224709524
47153,0,0.18262610962342515,0.21259701224709524
47158,1,0.16988856143297343,0.21259701224709524
47159,0,0.13213247118254573,0.21259701224709524
47160,0,0.1339191884521577,0.21259701224709524
47167,0,0.3524981190213082,0.21259701224709524
47170,1,0.28034493196741805,0.21259701224709524
47171,0,0.21083859448024592,0.21259701224709524
47174,0,0.2832105276615297,0.21259701224709524
47175,0,0.2954171889203946,0.21259701224709524
47181,0,0.16291882935228894,0.21259701224709524
47186,0,0.34379306981022284,0.21259701224709524
47187,0,0.26883896422174813,0.21259701224709524
47191,0,0.2548286410065771,0.21259701224709524
47192,0,0.2586836537636289,0.21259701224709524
47197,1,0.2715965877234055,0.21259701224709524
47199,0,0.13395465331493084,0.21259701224709524
47204,0,0.26756555690896133,0.21259701224709524
47207,0,0.1740178053067667,0.21259701224709524
47217,1,0.24703000676572312,0.21259701224709524
47223,0,0.14325177492290847,0.21259701224709524
47227,0,0.28444060045576974,0.21259701224709524
47229,0,0.22664730548619488,0.21259701224709524
47238,0,0.24791755106632712,0.21259701224709524
47251,1,0.29163158654746596,0.21259701224709524
47261,0,0.15744456097622234,0.21259701224709524
47262,0,0.13230230485695516,0.21259701224709524
47266,0,0.1775665082405835,0.21259701224709524
47268,0,0.22240361941514641,0.21259701224709524
47274,0,0.266615248531926,0.21259701224709524
47281,0,0.19044695067589415,0.21259701224709524
47282,0,0.1381972869823855,0.21259701224709524
47286,0,0.17155285906202045,0.21259701224709524
47287,0,0.22059809094573668,0.21259701224709524
47288,0,0.21111105294097327,0.21259701224709524
47290,0,0.16017111988864907,0.21259701224709524
47299,0,0.17950873826194727,0.21259701224709524
47300,0,0.13303586958150562,0.21259701224709524
47313,1,0.37044594804342146,0.21259701224709524
47320,0,0.18518504584592704,0.21259701224709524
47321,0,0.3215152326843281,0.21259701224709524
47323,1,0.1804464823011218,0.21259701224709524
47329,0,0.19203311517314925,0.21259701224709524
47334,0,0.31109010996046205,0.21259701224709524
47339,0,0.1768877488511127,0.21259701224709524
47343,1,0.25227158005748035,0.21259701224709524
47344,0,0.19049089289060986,0.21259701224709524
47354,0,0.12161072312630247,0.21259701224709524
47357,0,0.25379777410151194,0.21259701224709524
47361,0,0.30937807875022233,0.21259701224709524
47365,0,0.27438592250394284,0.21259701224709524
47370,0,0.18018517220091537,0.21259701224709524
47371,0,0.3221294556472,0.21259701224709524
47374,0,0.17010165753934656,0.21259701224709524
47377,0,0.4088313645045007,0.21259701224709524
47398,0,0.21732056332881206,0.21259701224709524
47400,0,0.26144929245764786,0.21259701224709524
47406,0,0.21167916360299902,0.21259701224709524
47407,0,0.24842658187284253,0.21259701224709524
47413,0,0.21503502159373847,0.21259701224709524
47417,0,0.12078222751183716,0.21259701224709524
47423,0,0.14926312888194815,0.21259701224709524
47429,0,0.24019100542756003,0.21259701224709524
47432,0,0.2625245512437901,0.21259701224709524
47438,0,0.20757670108452436,0.21259701224709524
47456,0,0.26737871510926176,0.21259701224709524
47459,0,0.13043277853896984,0.21259701224709524
47462,0,0.1834051236827402,0.21259701224709524
47469,0,0.3501513691961629,0.21259701224709524
47470,1,0.26144924201324177,0.21259701224709524
47482,0,0.19916776542186582,0.21259701224709524
47488,0,0.1478736139971757,0.21259701224709524
47494,1,0.11116322735761301,0.21259701224709524
47496,0,0.3693591127511113,0.21259701224709524
47503,0,0.1971049456210881,0.21259701224709524
47505,0,0.15149558627285076,0.21259701224709524
47506,0,0.1465729948286034,0.21259701224709524
47510,0,0.17904339761987167,0.21259701224709524
47526,0,0.3522788508803449,0.21259701224709524
47531,0,0.10625466300422083,0.21259701224709524
47548,1,0.144554057523555,0.21259701224709524
47549,0,0.19812655098245957,0.21259701224709524
47551,0,0.20446264082797044,0.21259701224709524
47562,1,0.2671045034957746,0.21259701224709524
47567,0,0.2627864384739623,0.21259701224709524
47568,0,0.1441903937259268,0.21259701224709524
47569,0,0.26817524048879665,0.21259701224709524
47575,1,0.18408029669646395,0.21259701224709524
47577,0,0.1740349201618499,0.21259701224709524
47581,1,0.14665621343633123,0.21259701224709524
47583,0,0.26442376008061486,0.21259701224709524
47588,0,0.19369395592080976,0.21259701224709524
47599,1,0.09822524769079798,0.21259701224709524
47611,0,0.13301711302533256,0.21259701224709524
47619,0,0.2692556923430672,0.21259701224709524
47624,1,0.2962403996608623,0.21259701224709524
47637,1,0.3097638295238938,0.21259701224709524
47640,1,0.3192691547459581,0.21259701224709524
47643,0,0.2136202154688241,0.21259701224709524
47648,1,0.3005263517442471,0.21259701224709524
47650,0,0.14671832593331322,0.21259701224709524
47655,0,0.30150375771621823,0.21259701224709524
47665,0,0.2718646335510908,0.21259701224709524
47668,1,0.37870837562539034,0.21259701224709524
47675,0,0.12588498745540377,0.21259701224709524
47682,0,0.2547109796266736,0.21259701224709524
47685,1,0.19764283535017027,0.21259701224709524
47686,0,0.22939223455142257,0.21259701224709524
47689,0,0.1817272757712993,0.21259701224709524
47691,0,0.16205374619223098,0.21259701224709524
47693,0,0.17486504251676618,0.21259701224709524
47694,1,0.23331359311484162,0.21259701224709524
47698,0,0.20363662133888577,0.21259701224709524
47700,1,0.18651805958110654,0.21259701224709524
47701,0,0.3398107924136814,0.21259701224709524
47708,0,0.18133272339209855,0.21259701224709524
47724,0,0.1283358962907201,0.21259701224709524
47728,1,0.20077944862486372,0.21259701224709524
47730,0,0.25212038014851357,0.21259701224709524
47732,1,0.2789384981464774,0.21259701224709524
47740,0,0.24240459561160818,0.21259701224709524
47752,0,0.1894741873240736,0.21259701224709524
47764,1,0.20440979985903351,0.21259701224709524
47768,1,0.2891536242516354,0.21259701224709524
47769,0,0.19002355600239426,0.21259701224709524
47772,0,0.3015357394681929,0.21259701224709524
47777,0,0.16653066657625418,0.21259701224709524
47780,0,0.17268577424240888,0.21259701224709524
47781,1,0.17306180754834136,0.21259701224709524
47786,0,0.2616110489571853,0.21259701224709524
47793,0,0.20328760800288867,0.21259701224709524
47795,0,0.12033512093068059,0.21259701224709524
47800,0,0.10867229815912618,0.21259701224709524
47801,0,0.3211242100950642,0.21259701224709524
47802,0,0.24260664686100322,0.21259701224709524
47803,0,0.3137865029410295,0.21259701224709524
47806,0,0.16760200712211648,0.21259701224709524
47814,0,0.2986111211512616,0.21259701224709524
47815,1,0.31380586126363974,0.21259701224709524
47820,0,0.1922923718599129,0.21259701224709524
47822,0,0.15976891729408382,0.21259701224709524
47833,1,0.13285210284380153,0.21259701224709524
47835,0,0.23842749459623663,0.21259701224709524
47837,1,0.23102182383457126,0.21259701224709524
47842,0,0.14896170424045668,0.21259701224709524
47845,0,0.2997883735744838,0.21259701224709524
47855,1,0.37479285187501754,0.21259701224709524
47861,0,0.35324517865507066,0.21259701224709524
47868,0,0.18878505446432517,0.21259701224709524
47871,0,0.34846091263579576,0.21259701224709524
47878,0,0.30667477314131236,0.21259701224709524
47879,0,0.15644852494863765,0.21259701224709524
47887,1,0.26089551574339126,0.21259701224709524
47888,0,0.1386064177463063,0.21259701224709524
47890,1,0.24242291094468887,0.21259701224709524
47891,0,0.2649144233486641,0.21259701224709524
47892,1,0.1905049924093292,0.21259701224709524
47898,0,0.3194145306079352,0.21259701224709524
47901,0,0.2201951486607891,0.21259701224709524
47905,0,0.3803901346833212,0.21259701224709524
47908,0,0.1538107514968088,0.21259701224709524
47917,1,0.28078843301754025,0.21259701224709524
47918,0,0.11312495884304234,0.21259701224709524
47921,1,0.336808646003941,0.21259701224709524
47947,0,0.19284321775367386,0.21259701224709524
47953,0,0.16516130394961126,0.21259701224709524
47954,0,0.3189434679120914,0.21259701224709524
47955,0,0.21036218881833213,0.21259701224709524
47962,0,0.2667148593493243,0.21259701224709524
47970,1,0.28548840240515594,0.21259701224709524
47974,0,0.3192959040542599,0.21259701224709524
47988,0,0.3269798421614879,0.21259701224709524
47992,0,0.16021996379390074,0.21259701224709524
47996,0,0.17014975126545578,0.21259701224709524
48001,0,0.2790297570130126,0.21259701224709524
48006,0,0.24006043304695296,0.21259701224709524
48010,0,0.1611895209287767,0.21259701224709524
48011,1,0.29977132539736756,0.21259701224709524
48013,0,0.19613966740801603,0.21259701224709524
48016,0,0.38315694524801613,0.21259701224709524
48017,1,0.2854820873253271,0.21259701224709524
48018,0,0.1437110027302806,0.21259701224709524
48031,1,0.300808508604973,0.21259701224709524
48034,0,0.13991005209179136,0.21259701224709524
48036,0,0.26400351555224066,0.21259701224709524
48041,0,0.2615450656411723,0.21259701224709524
48047,0,0.2648764077331788,0.21259701224709524
48050,0,0.15342175644892828,0.21259701224709524
48051,0,0.16915318677335198,0.21259701224709524
48060,1,0.3116627450303295,0.21259701224709524
48067,1,0.24801936911811004,0.21259701224709524
48077,0,0.19986126972306945,0.21259701224709524
48079,0,0.14691356974577863,0.21259701224709524
48098,0,0.25302698031229626,0.21259701224709524
48119,1,0.21219924908933083,0.21259701224709524
48128,0,0.16964102915616686,0.21259701224709524
48131,0,0.3376811997998452,0.21259701224709524
48133,0,0.17668975058092953,0.21259701224709524
48140,1,0.2552623703854256,0.21259701224709524
48146,0,0.28689196112534027,0.21259701224709524
48150,0,0.1692882594146789,0.21259701224709524
48151,0,0.10656036346333085,0.21259701224709524
48154,0,0.17991062744882108,0.21259701224709524
48155,0,0.21582952489633325,0.21259701224709524
48157,0,0.31001485530549533,0.21259701224709524
48164,0,0.26100464470324364,0.21259701224709524
48168,0,0.2783891040824765,0.21259701224709524
48175,0,0.22552211472846156,0.21259701224709524
48179,1,0.12124262057107589,0.21259701224709524
48181,0,0.2455286619783064,0.21259701224709524
48187,1,0.11975624716723479,0.21259701224709524
48192,0,0.1681491390232252,0.21259701224709524
48194,1,0.2495974458862272,0.21259701224709524
48198,0,0.20560499848965583,0.21259701224709524
48202,1,0.2278520041829947,0.21259701224709524
48206,1,0.27732600842473193,0.21259701224709524
48219,0,0.23226560175594352,0.21259701224709524
48221,0,0.1907686341009383,0.21259701224709524
48226,1,0.3145873079309658,0.21259701224709524
48228,0,0.15619694676550294,0.21259701224709524
48231,0,0.11745736239393248,0.21259701224709524
48236,0,0.23909069879757877,0.21259701224709524
48246,0,0.35975978186057467,0.21259701224709524
48249,0,0.11690445341771184,0.21259701224709524
48255,1,0.18429811954857267,0.21259701224709524
48257,1,0.33327495565769394,0.21259701224709524
48263,0,0.255643871511752,0.21259701224709524
48266,0,0.227629365248142,0.21259701224709524
48274,0,0.3319661262017531,0.21259701224709524
48278,0,0.2565347596300668,0.21259701224709524
48284,0,0.18609468413161914,0.21259701224709524
48288,0,0.30552087798471383,0.21259701224709524
48310,0,0.2974295693022116,0.21259701224709524
48314,0,0.23289643851455724,0.21259701224709524
48318,0,0.13098121362168233,0.21259701224709524
48328,0,0.16148932846095876,0.21259701224709524
48344,0,0.17170626258929625,0.21259701224709524
48355,0,0.1352594470967326,0.21259701224709524
48363,0,0.16266681867386978,0.21259701224709524
48371,1,0.2606923486204211,0.21259701224709524
48375,0,0.13789431344608397,0.21259701224709524
48378,0,0.2581306415738355,0.21259701224709524
48379,0,0.13246367392671793,0.21259701224709524
48387,1,0.22873247914875902,0.21259701224709524
48390,0,0.3376430401139438,0.21259701224709524
48393,0,0.22836315218392755,0.21259701224709524
48394,0,0.2251962706039426,0.21259701224709524
48401,0,0.1906923370903133,0.21259701224709524
48402,1,0.14431727162772906,0.21259701224709524
48405,1,0.3750491072724632,0.21259701224709524
48424,1,0.30492226015154594,0.21259701224709524
48436,0,0.2276406437502923,0.21259701224709524
48447,0,0.32389817697466317,0.21259701224709524
48461,0,0.19262701890960604,0.21259701224709524
48463,0,0.26204357776071485,0.21259701224709524
48468,1,0.2745050379603149,0.21259701224709524
48471,0,0.1577866092469435,0.21259701224709524
48475,0,0.1359661858498109,0.21259701224709524
48478,0,0.18439066352100075,0.21259701224709524
48487,0,0.16929692404925545,0.21259701224709524
48492,0,0.21306156495557355,0.21259701224709524
48498,0,0.19615214097343353,0.21259701224709524
48499,1,0.12438350789843394,0.21259701224709524
48507,0,0.12380668554209999,0.21259701224709524
48510,0,0.11518217829460456,0.21259701224709524
48513,0,0.16314896379998256,0.21259701224709524
48516,1,0.22155791454182297,0.21259701224709524
48519,0,0.16777792370751585,0.21259701224709524
48523,0,0.26585582798441,0.21259701224709524
48527,0,0.21839325832439943,0.21259701224709524
48529,0,0.16922256349813727,0.21259701224709524
48530,0,0.12781278460587714,0.21259701224709524
48531,0,0.27478096110047534,0.21259701224709524
48534,0,0.28674022171970337,0.21259701224709524
48537,0,0.12617647651898403,0.21259701224709524
48544,1,0.24812523462184943,0.21259701224709524
48548,0,0.23429812103190747,0.21259701224709524
48549,0,0.3419124574460459,0.21259701224709524
48551,0,0.35358003897874407,0.21259701224709524
48555,0,0.1691852550631616,0.21259701224709524
48558,1,0.26651139431940085,0.21259701224709524
48559,0,0.25301058445733016,0.21259701224709524
48571,1,0.22101636197083052,0.21259701224709524
48574,0,0.21501414539411398,0.21259701224709524
48577,0,0.26164798641283954,0.21259701224709524
48591,0,0.2954603183677406,0.21259701224709524
48592,1,0.18651760713264212,0.21259701224709524
48594,0,0.2513597374706601,0.21259701224709524
48595,1,0.17490555784724277,0.21259701224709524
48602,0,0.2548496036888368,0.21259701224709524
48603,0,0.23654941325588386,0.21259701224709524
48607,0,0.2133110512344458,0.21259701224709524
48616,1,0.19597107600858554,0.21259701224709524
48618,0,0.22173753197378568,0.21259701224709524
48637,0,0.26461521032072627,0.21259701224709524
48644,0,0.15404097919431803,0.21259701224709524
48648,0,0.2153125155465786,0.21259701224709524
48660,0,0.09879004431402225,0.21259701224709524
48661,1,0.1387855892021199,0.21259701224709524
48664,0,0.17471016587715713,0.21259701224709524
48671,1,0.16332208644533053,0.21259701224709524
48674,0,0.1574787232195674,0.21259701224709524
48675,0,0.23748931897999853,0.21259701224709524
48686,0,0.23781880210070466,0.21259701224709524
48689,0,0.384488852489848,0.21259701224709524
48700,0,0.17968483949062933,0.21259701224709524
48701,0,0.17387883914281285,0.21259701224709524
48707,0,0.16044167043848914,0.21259701224709524
48708,1,0.28778624027661565,0.21259701224709524
48717,0,0.12621514804093312,0.21259701224709524
48721,0,0.1615413200618417,0.21259701224709524
48722,0,0.2896408101917136,0.21259701224709524
48723,1,0.2321154542832117,0.21259701224709524
48726,0,0.2162215253102208,0.21259701224709524
48729,1,0.2085469780935228,0.21259701224709524
48730,0,0.3382057896248515,0.21259701224709524
48732,0,0.17393167370439924,0.21259701224709524
48733,0,0.1295356740351789,0.21259701224709524
48734,0,0.26734259252342996,0.21259701224709524
48737,0,0.19376458595314555,0.21259701224709524
48738,0,0.1912765969621575,0.21259701224709524
48743,1,0.3511264797230394,0.21259701224709524
48748,0,0.14633001010433624,0.21259701224709524
48751,1,0.1455410992438045,0.21259701224709524
48753,0,0.2344757232358161,0.21259701224709524
48758,1,0.2508653956225619,0.21259701224709524
48759,0,0.16012466623099514,0.21259701224709524
48763,1,0.21731146489468975,0.21259701224709524
48765,0,0.20339233698998718,0.21259701224709524
48782,1,0.22973027274822486,0.21259701224709524
48784,0,0.3178669817623926,0.21259701224709524
48789,0,0.11194144944771446,0.21259701224709524
48790,1,0.2272150628396436,0.21259701224709524
48793,0,0.25486657088243586,0.21259701224709524
48808,0,0.19918346947349586,0.21259701224709524
48810,0,0.17065759918297904,0.21259701224709524
48817,0,0.1933969385556538,0.21259701224709524
48837,1,0.2364619906731914,0.21259701224709524
48854,0,0.18487237324612973,0.21259701224709524
48861,0,0.2506170977014419,0.21259701224709524
48865,0,0.23742034351374258,0.21259701224709524
48866,0,0.16996873766271087,0.21259701224709524
48883,0,0.20920473233179468,0.21259701224709524
48887,0,0.1741800546888428,0.21259701224709524
48888,0,0.12455130918938193,0.21259701224709524
48890,0,0.22973622648585046,0.21259701224709524
48893,0,0.16828870933020965,0.21259701224709524
48909,0,0.2355355155143484,0.21259701224709524
48911,0,0.1343198067770792,0.21259701224709524
48925,1,0.1788659811471092,0.21259701224709524
48929,1,0.32089397439638356,0.21259701224709524
48949,0,0.2601110014506404,0.21259701224709524
48964,0,0.1265886819987228,0.21259701224709524
48968,0,0.34101643819646044,0.21259701224709524
48990,1,0.2658767901202243,0.21259701224709524
48992,0,0.1947577986771134,0.21259701224709524
48996,1,0.1737408862180325,0.21259701224709524
49001,0,0.2871088423484777,0.21259701224709524
49005,1,0.18767777052855217,0.21259701224709524
49015,0,0.23711906311161937,0.21259701224709524
49020,0,0.3348273860698074,0.21259701224709524
49022,0,0.1849593534017844,0.21259701224709524
49024,0,0.15798194197982582,0.21259701224709524
49033,1,0.2693437800494679,0.21259701224709524
49040,1,0.16693089391364832,0.21259701224709524
49042,0,0.1965869407824552,0.21259701224709524
49043,0,0.1614879374381879,0.21259701224709524
49046,0,0.23413175678253784,0.21259701224709524
49049,0,0.16052389377583254,0.21259701224709524
49054,0,0.34043993432890607,0.21259701224709524
49055,0,0.2489083342879967,0.21259701224709524
49061,0,0.2917998951946191,0.21259701224709524
49062,1,0.2254260390050898,0.21259701224709524
49067,1,0.16351756358462063,0.21259701224709524
49070,1,0.29458500350277395,0.21259701224709524
49071,0,0.21089753739572117,0.21259701224709524
49073,1,0.15803505084037753,0.21259701224709524
49074,0,0.26771975410616433,0.21259701224709524
49079,0,0.1693735451528464,0.21259701224709524
49082,1,0.17001708989142128,0.21259701224709524
49083,0,0.17795892751549253,0.21259701224709524
49086,0,0.18868964069869676,0.21259701224709524
49098,0,0.20107739757501789,0.21259701224709524
49108,0,0.23856136812712234,0.21259701224709524
49110,1,0.19110401233133328,0.21259701224709524
49111,1,0.1933459563148331,0.21259701224709524
49112,0,0.23567534711555035,0.21259701224709524
49113,0,0.11542909484921614,0.21259701224709524
49115,1,0.3068968341829581,0.21259701224709524
49119,0,0.22800567090905713,0.21259701224709524
49122,0,0.30115266734279184,0.21259701224709524
49123,0,0.30135425581954906,0.21259701224709524
49124,0,0.2703833797438662,0.21259701224709524
49126,0,0.19523410492352158,0.21259701224709524
49130,0,0.17139717119950423,0.21259701224709524
49137,0,0.1766554593246352,0.21259701224709524
49144,0,0.26493017570648647,0.21259701224709524
49147,0,0.22206302133069,0.21259701224709524
49150,0,0.21528048312398076,0.21259701224709524
49155,0,0.1609774075142871,0.21259701224709524
49160,1,0.2212892631162551,0.21259701224709524
49176,0,0.179114835999919,0.21259701224709524
49192,0,0.17467188784910606,0.21259701224709524
49195,0,0.18216387451343324,0.21259701224709524
49200,0,0.17769135739782113,0.21259701224709524
49205,0,0.1469423548050281,0.21259701224709524
49216,0,0.3169624045844071,0.21259701224709524
49219,0,0.20302710860996012,0.21259701224709524
49224,0,0.19114485196798345,0.21259701224709524
49227,0,0.20073655394516174,0.21259701224709524
49228,0,0.2573903644838624,0.21259701224709524
49234,0,0.19126074651460098,0.21259701224709524
49239,0,0.22518176277563173,0.21259701224709524
49241,1,0.2681838027174509,0.21259701224709524
49245,0,0.16999139965354107,0.21259701224709524
49265,0,0.13055462995342698,0.21259701224709524
49272,0,0.17152453191207087,0.21259701224709524
49273,1,0.18711705816385826,0.21259701224709524
49283,0,0.38077544260310797,0.21259701224709524
49285,0,0.23897856153700692,0.21259701224709524
49286,0,0.21994355490095968,0.21259701224709524
49296,0,0.11233463302268333,0.21259701224709524
49298,0,0.14023343535168867,0.21259701224709524
49300,1,0.23923004874183829,0.21259701224709524
49309,0,0.19977835915815148,0.21259701224709524
49312,0,0.2597936496946886,0.21259701224709524
49313,1,0.24328868535644105,0.21259701224709524
49314,0,0.1393995267067081,0.21259701224709524
49318,1,0.19205682861743295,0.21259701224709524
49323,1,0.17370261881456842,0.21259701224709524
49325,0,0.1794503333135927,0.21259701224709524
49328,0,0.15857869881454165,0.21259701224709524
49333,0,0.21135365936437087,0.21259701224709524
49343,1,0.22987912080834605,0.21259701224709524
49352,0,0.2165113486196789,0.21259701224709524
49353,0,0.15060623892222888,0.21259701224709524
49369,0,0.1405895821157779,0.21259701224709524
49371,0,0.22678002665418573,0.21259701224709524
49375,0,0.14064404549670878,0.21259701224709524
49380,0,0.2240115012148389,0.21259701224709524
49399,0,0.1957172210954223,0.21259701224709524
49408,0,0.26254460869421903,0.21259701224709524
49409,0,0.3280265561804001,0.21259701224709524
49410,0,0.20595319862726774,0.21259701224709524
49412,0,0.23817355400867266,0.21259701224709524
49415,1,0.27699783450783494,0.21259701224709524
49429,0,0.215899109518398,0.21259701224709524
49430,0,0.1620665262028218,0.21259701224709524
49440,0,0.18779284089152753,0.21259701224709524
49441,0,0.18166071359212113,0.21259701224709524
49450,1,0.16056774353962489,0.21259701224709524
49451,0,0.15467354606753164,0.21259701224709524
49454,0,0.1807190602242,0.21259701224709524
49456,0,0.054353167352212704,0.21259701224709524
49467,1,0.22174288686594196,0.21259701224709524
49476,0,0.31994315281910385,0.21259701224709524
49479,1,0.26901877449126155,0.21259701224709524
49482,0,0.3382999922488036,0.21259701224709524
49485,0,0.33104674548287655,0.21259701224709524
49486,0,0.1638439038052049,0.21259701224709524
49488,1,0.1738761248374028,0.21259701224709524
49490,0,0.28623697772643014,0.21259701224709524
49503,1,0.2978728139871945,0.21259701224709524
49512,0,0.21878297950626097,0.21259701224709524
49519,1,0.3587203315715316,0.21259701224709524
49520,0,0.14327810042128494,0.21259701224709524
49534,0,0.033464228586595694,0.21259701224709524
49535,0,0.16053273225887074,0.21259701224709524
49536,0,0.2684894791494794,0.21259701224709524
49544,1,0.17969823751016165,0.21259701224709524
49548,0,0.292102383594168,0.21259701224709524
49555,0,0.2850834005311355,0.21259701224709524
49556,0,0.24127874442301317,0.21259701224709524
49566,0,0.27201319198493146,0.21259701224709524
49570,0,0.15951961657790598,0.21259701224709524
49573,0,0.2583877962217415,0.21259701224709524
49575,1,0.1790540591969746,0.21259701224709524
49577,0,0.16937650599788756,0.21259701224709524
49616,0,0.2573385274264887,0.21259701224709524
49617,0,0.3137974553140669,0.21259701224709524
49624,1,0.19773314673191347,0.21259701224709524
49628,0,0.23507675280171933,0.21259701224709524
49636,1,0.24201687096777866,0.21259701224709524
49637,0,0.23952848843080501,0.21259701224709524
49646,0,0.17982026114216543,0.21259701224709524
49650,0,0.1530372137887185,0.21259701224709524
49653,1,0.13182690941239736,0.21259701224709524
49656,0,0.1958433275706906,0.21259701224709524
49657,1,0.13582938485248783,0.21259701224709524
49658,0,0.1195317898696717,0.21259701224709524
49660,0,0.1478092564668338,0.21259701224709524
49661,0,0.2721575701431552,0.21259701224709524
49670,0,0.25234752975692454,0.21259701224709524
49671,0,0.13467082056773827,0.21259701224709524
49674,0,0.18460780081561523,0.21259701224709524
49680,0,0.17455843984239566,0.21259701224709524
49687,0,0.20545218556957057,0.21259701224709524
49694,0,0.4558046904357944,0.21259701224709524
49701,0,0.28237340889378815,0.21259701224709524
49702,0,0.1330176573059053,0.21259701224709524
49705,0,0.33949908094731385,0.21259701224709524
49706,1,0.12244293091790572,0.21259701224709524
49717,0,0.15681899906186964,0.21259701224709524
49719,0,0.16317091523711186,0.21259701224709524
49730,0,0.21696836248725437,0.21259701224709524
49737,0,0.17151738137432743,0.21259701224709524
49751,0,0.22659857728246408,0.21259701224709524
49752,0,0.21161746207599458,0.21259701224709524
49757,1,0.2266688306125875,0.21259701224709524
49759,1,0.22980530684833733,0.21259701224709524
49760,0,0.14511639806932408,0.21259701224709524
49762,0,0.2892515584494046,0.21259701224709524
49763,1,0.16645712350117334,0.21259701224709524
49765,0,0.26325393380201834,0.21259701224709524
49766,1,0.25428333386113333,0.21259701224709524
49769,0,0.19794983387667767,0.21259701224709524
49770,0,0.25204529047828933,0.21259701224709524
49771,0,0.22762327100866875,0.21259701224709524
49772,0,0.17156380337125504,0.21259701224709524
49777,0,0.13125976413870466,0.21259701224709524
49778,0,0.2747127257315253,0.21259701224709524
49782,1,0.1632180202580217,0.21259701224709524
49784,0,0.16827151650887545,0.21259701224709524
49787,1,0.243871470060925,0.21259701224709524
49790,0,0.1452755926761372,0.21259701224709524
49791,0,0.16648476726417907,0.21259701224709524
49803,0,0.24239496992662762,0.21259701224709524
49808,0,0.12304382892080361,0.21259701224709524
49815,0,0.13025338594477914,0.21259701224709524
49817,0,0.2790969926377538,0.21259701224709524
49822,1,0.18749949562381724,0.21259701224709524
49838,1,0.3149444844602801,0.21259701224709524
49839,0,0.18954641222960017,0.21259701224709524
49843,0,0.17341725027344215,0.21259701224709524
49847,0,0.17713160249267082,0.21259701224709524
49850,0,0.3289293420922837,0.21259701224709524
49853,0,0.17598323251413928,0.21259701224709524
49854,1,0.2761193470201699,0.21259701224709524
49855,0,0.13030166910451688,0.21259701224709524
49856,1,0.18098966658189208,0.21259701224709524
49863,0,0.18753034339808514,0.21259701224709524
49868,0,0.2860927202684144,0.21259701224709524
49872,0,0.14907662241677555,0.21259701224709524
49875,0,0.15182874422439954,0.21259701224709524
49879,1,0.17773267097209636,0.21259701224709524
49880,1,0.19375262799107595,0.21259701224709524
49893,0,0.23307176266677093,0.21259701224709524
49898,1,0.18572803037094382,0.21259701224709524
49906,1,0.2658171474558296,0.21259701224709524
49921,0,0.14468987392626112,0.21259701224709524
49922,0,0.30432189008551486,0.21259701224709524
49926,1,0.15943735039544676,0.21259701224709524
49929,0,0.24458165414685779,0.21259701224709524
49947,1,0.2433422485462566,0.21259701224709524
49950,1,0.20587516050020097,0.21259701224709524
49952,0,0.15673616038624544,0.21259701224709524
49962,0,0.1309552749328523,0.21259701224709524
49968,0,0.2931466720510308,0.21259701224709524
49970,0,0.23788112356409757,0.21259701224709524
49973,1,0.2346660761685862,0.21259701224709524
49975,0,0.21269872282383712,0.21259701224709524
49977,0,0.15960528772628219,0.21259701224709524
49980,1,0.12389387004223848,0.21259701224709524
49981,0,0.15906894984168454,0.21259701224709524
49985,0,0.34452226024720506,0.21259701224709524
49991,0,0.2052572314325047,0.21259701224709524
49993,1,0.2249607252722383,0.21259701224709524
49994,0,0.1782877140501502,0.21259701224709524
49995,0,0.23662490533868594,0.21259701224709524
49996,1,0.2815082005541446,0.21259701224709524
50006,0,0.1592643038696845,0.21259701224709524
50007,0,0.14416685016877545,0.21259701224709524
50008,0,0.18608750864464785,0.21259701224709524
50010,0,0.18836019548394606,0.21259701224709524
50013,1,0.27609777621516085,0.21259701224709524
50014,0,0.11638987087681395,0.21259701224709524
50021,0,0.13969590711694618,0.21259701224709524
50022,0,0.24829983490788665,0.21259701224709524
50024,0,0.21406093004456314,0.21259701224709524
50037,0,0.2475026481547106,0.21259701224709524
50040,0,0.19819040628170395,0.21259701224709524
50041,0,0.17146650571649819,0.21259701224709524
50045,0,0.1267109932524999,0.21259701224709524
50048,0,0.12678878936567362,0.21259701224709524
50061,0,0.3078099674467778,0.21259701224709524
50073,0,0.2604064661163554,0.21259701224709524
50087,0,0.25553247432854237,0.21259701224709524
50088,1,0.1851665762859425,0.21259701224709524
50089,0,0.23597393499823732,0.21259701224709524
50101,0,0.03317329198630551,0.21259701224709524
50103,0,0.2922412410435458,0.21259701224709524
50113,0,0.18297125723773486,0.21259701224709524
50118,0,0.23029434043292743,0.21259701224709524
50121,0,0.3863379464760155,0.21259701224709524
50123,0,0.24205780855819778,0.21259701224709524
50133,0,0.15555883226773376,0.21259701224709524
50137,0,0.22254820323947988,0.21259701224709524
50138,0,0.1948581629944681,0.21259701224709524
50144,1,0.20469258020620978,0.21259701224709524
50148,0,0.29342644186452843,0.21259701224709524
50154,0,0.11307531341613929,0.21259701224709524
50155,0,0.34928829484727997,0.21259701224709524
50163,0,0.267193546450641,0.21259701224709524
50167,0,0.10973905476935622,0.21259701224709524
50184,0,0.2196474672030541,0.21259701224709524
50187,1,0.23964363267342884,0.21259701224709524
50188,0,0.19955183636395646,0.21259701224709524
50189,0,0.13582932355078628,0.21259701224709524
50192,0,0.3490711807227122,0.21259701224709524
50197,1,0.2840192105032525,0.21259701224709524
50204,0,0.13718578976414972,0.21259701224709524
50205,0,0.31417457880173805,0.21259701224709524
50208,0,0.1702996516839991,0.21259701224709524
50210,0,0.1784969535091314,0.21259701224709524
50218,0,0.19490472373033793,0.21259701224709524
50219,0,0.19764463308056648,0.21259701224709524
50222,0,0.25925070885062745,0.21259701224709524
50224,0,0.24168751438808697,0.21259701224709524
50228,1,0.15487023176873568,0.21259701224709524
50238,1,0.19002177643195375,0.21259701224709524
50244,0,0.33522979351949844,0.21259701224709524
50247,0,0.12626963728112747,0.21259701224709524
50252,0,0.21655082312904955,0.21259701224709524
50254,0,0.17560663328809434,0.21259701224709524
50255,0,0.16352280875465644,0.21259701224709524
50260,0,0.3468098046571453,0.21259701224709524
50262,0,0.18808416652954044,0.21259701224709524
50265,0,0.25402896458787216,0.21259701224709524
50275,0,0.166139833928346,0.21259701224709524
50278,0,0.20965340202830227,0.21259701224709524
50281,0,0.173409825566594,0.21259701224709524
50285,0,0.27309380028864005,0.21259701224709524
50286,0,0.2865835872055983,0.21259701224709524
50291,0,0.16007243408386782,0.21259701224709524
50292,0,0.20614085531161064,0.21259701224709524
50295,0,0.3299866029224445,0.21259701224709524
50296,0,0.14068166741140736,0.21259701224709524
50299,0,0.2000786610586271,0.21259701224709524
50312,0,0.13018356777212653,0.21259701224709524
50316,0,0.1931864421231737,0.21259701224709524
50323,0,0.20097536692686013,0.21259701224709524
50326,0,0.2511950399680647,0.21259701224709524
50331,0,0.22675647805029078,0.21259701224709524
50346,0,0.20780377220137045,0.21259701224709524
50353,0,0.29187299961407454,0.21259701224709524
50358,0,0.1558105452528657,0.21259701224709524
50363,0,0.3155828925618055,0.21259701224709524
50365,1,0.18080259707146343,0.21259701224709524
50367,0,0.21742103502630067,0.21259701224709524
50372,0,0.18651228005800938,0.21259701224709524
50375,0,0.28787262664795776,0.21259701224709524
50379,0,0.19721517831102028,0.21259701224709524
50383,1,0.2545093036692125,0.21259701224709524
50387,1,0.27485861771712555,0.21259701224709524
50390,0,0.17228739894434572,0.21259701224709524
50397,1,0.1908215281220609,0.21259701224709524
50409,0,0.1199413387653326,0.21259701224709524
50416,1,0.20561738467340096,0.21259701224709524
50417,1,0.19069088764703426,0.21259701224709524
50434,0,0.1700807569519838,0.21259701224709524
50435,0,0.17434697738308855,0.21259701224709524
50441,0,0.16902025749611885,0.21259701224709524
50444,0,0.13267361009946713,0.21259701224709524
50447,0,0.13014844864022698,0.21259701224709524
50448,0,0.21293097238485076,0.21259701224709524
50451,0,0.2449210731375611,0.21259701224709524
50452,0,0.19868184194728547,0.21259701224709524
50458,0,0.13929584646148874,0.21259701224709524
50463,0,0.17470478296623082,0.21259701224709524
50467,0,0.3131103587952535,0.21259701224709524
50472,0,0.18737234591833601,0.21259701224709524
50474,0,0.24053229163034942,0.21259701224709524
50475,0,0.16843644602910884,0.21259701224709524
50476,1,0.3820007439599466,0.21259701224709524
50479,1,0.1293492456421394,0.21259701224709524
50493,0,0.25372669424221067,0.21259701224709524
50494,0,0.13696379004694237,0.21259701224709524
50495,0,0.21688835297617734,0.21259701224709524
50502,0,0.2093170245731954,0.21259701224709524
50508,0,0.16351874749060433,0.21259701224709524
50517,1,0.19070729216102633,0.21259701224709524
50520,1,0.2992783531728745,0.21259701224709524
50523,0,0.3672918225181363,0.21259701224709524
50526,0,0.17066496878358922,0.21259701224709524
50527,0,0.1629052244761477,0.21259701224709524
50528,0,0.1868258099971626,0.21259701224709524
50536,0,0.21646541497427024,0.21259701224709524
50537,0,0.2671848013437435,0.21259701224709524
50549,0,0.1149379788299891,0.21259701224709524
50558,0,0.1651590196343892,0.21259701224709524
50562,1,0.2555487173953213,0.21259701224709524
50565,0,0.15924389525201668,0.21259701224709524
50566,0,0.3084067442018344,0.21259701224709524
50568,0,0.17521220407156032,0.21259701224709524
50569,1,0.2180431260569271,0.21259701224709524
50573,1,0.2616589034246196,0.21259701224709524
50588,0,0.12006069049245947,0.21259701224709524
50590,0,0.3019247796736762,0.21259701224709524
50594,0,0.15609995707600993,0.21259701224709524
50596,0,0.10811830091802661,0.21259701224709524
50601,0,0.1976827715911629,0.21259701224709524
50618,0,0.2284302285028279,0.21259701224709524
50619,0,0.20331991780435685,0.21259701224709524
50622,0,0.15776207348466387,0.21259701224709524
50624,0,0.22993832526903102,0.21259701224709524
50625,1,0.17718277439093147,0.21259701224709524
50626,0,0.16166532235287073,0.21259701224709524
50627,1,0.24028064209588296,0.21259701224709524
50630,0,0.15321940270267376,0.21259701224709524
50632,1,0.14081990670072977,0.21259701224709524
50635,0,0.17279027651964224,0.21259701224709524
50642,1,0.22056708052321888,0.21259701224709524
50648,1,0.12840765660063005,0.21259701224709524
50653,0,0.20856360024250412,0.21259701224709524
50655,0,0.20729412116303178,0.21259701224709524
50656,0,0.19877958000439186,0.21259701224709524
50657,0,0.3241864424983245,0.21259701224709524
50661,0,0.24999343844233118,0.21259701224709524
50664,0,0.22409918424323758,0.21259701224709524
50668,0,0.13472234139123987,0.21259701224709524
50682,0,0.2298189896590254,0.21259701224709524
50685,0,0.15048067940549067,0.21259701224709524
50692,1,0.16474957999825815,0.21259701224709524
50701,0,0.29116512499524955,0.21259701224709524
50708,0,0.1980294196136882,0.21259701224709524
50710,0,0.2122267659500091,0.21259701224709524
50713,0,0.22211793191619164,0.21259701224709524
50727,0,0.2513734506717675,0.21259701224709524
50728,0,0.188134737039721,0.21259701224709524
50743,1,0.2855888920793414,0.21259701224709524
50744,0,0.2912733501038949,0.21259701224709524
50746,1,0.17795029271545235,0.21259701224709524
50751,0,0.1506405392914712,0.21259701224709524
50752,0,0.26267471081757604,0.21259701224709524
50762,0,0.17326795440777099,0.21259701224709524
50764,0,0.26164277927656004,0.21259701224709524
50765,0,0.2355193860648982,0.21259701224709524
50773,0,0.16946461938371174,0.21259701224709524
50777,0,0.13502298243106053,0.21259701224709524
50780,0,0.27919617661151575,0.21259701224709524
50792,1,0.185448581991858,0.21259701224709524
50793,0,0.15262168193402098,0.21259701224709524
50795,1,0.13176222792591,0.21259701224709524
50797,0,0.23944699146498888,0.21259701224709524
50803,1,0.26743200644788895,0.21259701224709524
50825,1,0.30580127030015,0.21259701224709524
50836,0,0.18255905458804186,0.21259701224709524
50843,0,0.18027892903583548,0.21259701224709524
50844,1,0.3397431413515732,0.21259701224709524
50850,0,0.12574800494835295,0.21259701224709524
50857,0,0.2945318931784781,0.21259701224709524
50860,1,0.16461789535742022,0.21259701224709524
50865,0,0.14333279809815733,0.21259701224709524
50866,0,0.2734073912711966,0.21259701224709524
50870,0,0.15965042172906915,0.21259701224709524
50872,1,0.2162908903427602,0.21259701224709524
50873,0,0.3294626631341789,0.21259701224709524
50884,0,0.20651612351698817,0.21259701224709524
50896,1,0.2300288270562152,0.21259701224709524
50898,0,0.17926945790742416,0.21259701224709524
50899,0,0.22322919687634651,0.21259701224709524
50904,0,0.12669113285319614,0.21259701224709524
50906,1,0.2579957995174776,0.21259701224709524
50907,0,0.13652739109732193,0.21259701224709524
50911,1,0.2433350838156894,0.21259701224709524
50915,0,0.298393870377476,0.21259701224709524
50917,1,0.21136934563543866,0.21259701224709524
50921,0,0.2020096491454831,0.21259701224709524
50924,0,0.14650868986935262,0.21259701224709524
50930,0,0.15578083390887124,0.21259701224709524
50935,0,0.1277128812435035,0.21259701224709524
50945,0,0.14272257188818913,0.21259701224709524
50957,0,0.2374098980549546,0.21259701224709524
50976,0,0.16233717748281842,0.21259701224709524
50980,0,0.16514311894291206,0.21259701224709524
50983,0,0.30442131139451034,0.21259701224709524
50984,0,0.21607770002730367,0.21259701224709524
50985,0,0.15434513820027157,0.21259701224709524
50989,0,0.2331450000922397,0.21259701224709524
50997,1,0.23978472112421118,0.21259701224709524
51009,0,0.1869213531703747,0.21259701224709524
51011,0,0.1299280372822649,0.21259701224709524
51012,0,0.23857127776127748,0.21259701224709524
51018,1,0.19709513246239313,0.21259701224709524
51020,0,0.2044922658380649,0.21259701224709524
51022,0,0.1590848840783377,0.21259701224709524
51024,0,0.1568150979141638,0.21259701224709524
51026,0,0.20522504099561314,0.21259701224709524
51028,0,0.17642968688493102,0.21259701224709524
51029,0,0.13631923480491953,0.21259701224709524
51036,0,0.2268616315953687,0.21259701224709524
51037,1,0.325836129739842,0.21259701224709524
51040,0,0.2324272421637256,0.21259701224709524
51041,0,0.16491154526294668,0.21259701224709524
51047,1,0.18697420859743585,0.21259701224709524
51050,0,0.12493138736061378,0.21259701224709524
51051,1,0.16190976774911298,0.21259701224709524
51061,0,0.1742165654695065,0.21259701224709524
51064,0,0.2641685839089372,0.21259701224709524
51065,0,0.28889021713395147,0.21259701224709524
51067,0,0.3139947590236724,0.21259701224709524
51076,0,0.2156904251595745,0.21259701224709524
51078,0,0.09432240748575561,0.21259701224709524
51079,0,0.1635615241070694,0.21259701224709524
51080,0,0.17440118905158133,0.21259701224709524
51086,0,0.2954971894008679,0.21259701224709524
51101,0,0.14309395311336656,0.21259701224709524
51102,1,0.16600939896348382,0.21259701224709524
51103,0,0.28457989895860697,0.21259701224709524
51116,1,0.28939386538863765,0.21259701224709524
51119,0,0.16717107038071674,0.21259701224709524
51123,0,0.19580331675321824,0.21259701224709524
51126,0,0.16789996964164225,0.21259701224709524
51137,0,0.24508580909630018,0.21259701224709524
51145,1,0.20926981100272984,0.21259701224709524
51162,1,0.2646133486605864,0.21259701224709524
51170,0,0.3578060770897234,0.21259701224709524
51174,0,0.19139293197440638,0.21259701224709524
51175,1,0.19439238075083298,0.21259701224709524
51178,0,0.22475183006839844,0.21259701224709524
51190,1,0.2698339279868473,0.21259701224709524
51199,1,0.21451648198739945,0.21259701224709524
51212,0,0.3900457283843498,0.21259701224709524
51216,0,0.22525594984285008,0.21259701224709524
51223,0,0.18091176538127338,0.21259701224709524
51228,0,0.20475806922239562,0.21259701224709524
51231,1,0.29020378285688825,0.21259701224709524
51232,1,0.19876675465963578,0.21259701224709524
51239,0,0.27632957321287877,0.21259701224709524
51240,1,0.2851816150587699,0.21259701224709524
51245,0,0.1380308384919916,0.21259701224709524
51247,0,0.26537664951918766,0.21259701224709524
51259,0,0.1681940668378505,0.21259701224709524
51262,1,0.1523065285071855,0.21259701224709524
51265,0,0.13275775470273937,0.21259701224709524
51274,0,0.1964251348037362,0.21259701224709524
51283,1,0.17579268416087543,0.21259701224709524
51305,0,0.24158274630485146,0.21259701224709524
51307,0,0.3550986130964188,0.21259701224709524
51313,0,0.18613377011042592,0.21259701224709524
51317,0,0.15074769498781335,0.21259701224709524
51319,0,0.16366008487317107,0.21259701224709524
51321,0,0.2548531551471525,0.21259701224709524
51325,0,0.2816517854316311,0.21259701224709524
51330,0,0.20262856891786077,0.21259701224709524
51338,0,0.15654220669793184,0.21259701224709524
51343,0,0.16738420709657156,0.21259701224709524
51344,0,0.25362481503186957,0.21259701224709524
51345,1,0.25728157301908344,0.21259701224709524
51346,0,0.2390326174487848,0.21259701224709524
51355,0,0.16975695558588097,0.21259701224709524
51356,1,0.27625013067706755,0.21259701224709524
51358,0,0.2980978267860284,0.21259701224709524
51360,1,0.2547335534825871,0.21259701224709524
51361,0,0.2975563969043051,0.21259701224709524
51362,0,0.3103248818538914,0.21259701224709524
51366,0,0.25006806771077905,0.21259701224709524
51369,1,0.1332121337267051,0.21259701224709524
51370,0,0.19713663777997556,0.21259701224709524
51379,0,0.3486769246227094,0.21259701224709524
51380,0,0.18144755619330175,0.21259701224709524
51394,0,0.17742706539740083,0.21259701224709524
51395,0,0.23267983559159403,0.21259701224709524
51396,0,0.20357994840836288,0.21259701224709524
51398,0,0.17944208537991815,0.21259701224709524
51399,0,0.1455730946421742,0.21259701224709524
51400,0,0.2385722781689869,0.21259701224709524
51409,1,0.30707204692771134,0.21259701224709524
51412,0,0.20187972688446107,0.21259701224709524
51415,0,0.1733487049993535,0.21259701224709524
51422,0,0.2727766153651944,0.21259701224709524
51424,0,0.17216207766668318,0.21259701224709524
51427,0,0.23359152876079867,0.21259701224709524
51431,1,0.35526506131263086,0.21259701224709524
51449,1,0.2670594039827287,0.21259701224709524
51452,0,0.19334630738519454,0.21259701224709524
51462,1,0.2632195067508766,0.21259701224709524
51476,1,0.23205273410243651,0.21259701224709524
51485,0,0.25006434429471147,0.21259701224709524
51490,0,0.3002340296925872,0.21259701224709524
51496,0,0.21499713491175104,0.21259701224709524
51499,1,0.17616955078459623,0.21259701224709524
51500,1,0.2747819328609376,0.21259701224709524
51511,1,0.3576396822480521,0.21259701224709524
51514,1,0.1995288337602222,0.21259701224709524
51518,1,0.16889640986123264,0.21259701224709524
51524,0,0.12748074542062812,0.21259701224709524
51529,0,0.1814499480942387,0.21259701224709524
51533,0,0.1761130116502219,0.21259701224709524
51534,0,0.19446322527643942,0.21259701224709524
51536,0,0.1456795546058334,0.21259701224709524
51540,0,0.32616496720879257,0.21259701224709524
51550,1,0.21653286229758079,0.21259701224709524
51567,0,0.21301619648471537,0.21259701224709524
51570,0,0.19766386380258957,0.21259701224709524
51573,0,0.2652164522347872,0.21259701224709524
51596,0,0.28123989468352417,0.21259701224709524
51597,0,0.31880442904916073,0.21259701224709524
51599,0,0.1987290279069096,0.21259701224709524
51604,0,0.28941920253026227,0.21259701224709524
51607,1,0.18829439572073428,0.21259701224709524
51610,0,0.1301619032142079,0.21259701224709524
51611,0,0.20632087399123042,0.21259701224709524
51621,0,0.15929975755314207,0.21259701224709524
51626,1,0.23582844859054292,0.21259701224709524
51627,0,0.22598258582759043,0.21259701224709524
51628,0,0.1463170959952541,0.21259701224709524
51635,0,0.1781314779565764,0.21259701224709524
51636,1,0.3422750000500137,0.21259701224709524
51637,0,0.2507602191015574,0.21259701224709524
51639,0,0.25341151309734317,0.21259701224709524
51640,1,0.323186921412742,0.21259701224709524
51645,1,0.19016917528713265,0.21259701224709524
51658,0,0.17347098475418635,0.21259701224709524
51672,0,0.14971641099255548,0.21259701224709524
51691,1,0.16564686172292356,0.21259701224709524
51692,1,0.17922100006112032,0.21259701224709524
51702,0,0.19125684407358645,0.21259701224709524
51703,1,0.3352579162492558,0.21259701224709524
51709,0,0.24025665401923604,0.21259701224709524
51716,0,0.12301088906327785,0.21259701224709524
51717,0,0.15104082797360396,0.21259701224709524
51721,0,0.18240443397358755,0.21259701224709524
51722,1,0.29744313419220925,0.21259701224709524
51738,0,0.19277733212101517,0.21259701224709524
51742,0,0.19826312587376416,0.21259701224709524
51744,0,0.2106667765745613,0.21259701224709524
51751,0,0.17351910038648685,0.21259701224709524
51756,0,0.25783231666496587,0.21259701224709524
51763,0,0.22320689547328706,0.21259701224709524
51766,0,0.27864622527911104,0.21259701224709524
51769,0,0.21482333190665154,0.21259701224709524
51776,0,0.19033984623841027,0.21259701224709524
51777,1,0.24327622460308887,0.21259701224709524
51785,1,0.260357515761027,0.21259701224709524
51795,0,0.201693669190758,0.21259701224709524
51798,0,0.24278398888483796,0.21259701224709524
51804,0,0.12105392155489679,0.21259701224709524
51805,0,0.1703532910093636,0.21259701224709524
51806,0,0.18170298905963198,0.21259701224709524
51808,0,0.18163927086423123,0.21259701224709524
51818,0,0.23062883889927444,0.21259701224709524
51821,0,0.4063246595734239,0.21259701224709524
51825,0,0.15270732500041595,0.21259701224709524
51826,0,0.22489069408588472,0.21259701224709524
51831,0,0.10056210823303346,0.21259701224709524
51836,0,0.1444293081228719,0.21259701224709524
51846,0,0.23098723308310998,0.21259701224709524
51847,1,0.2855377437028826,0.21259701224709524
51850,1,0.26392436574345657,0.21259701224709524
51851,0,0.1664185125155387,0.21259701224709524
51852,0,0.17794276910208595,0.21259701224709524
51857,0,0.19073471035192147,0.21259701224709524
51859,0,0.2688771948007594,0.21259701224709524
51861,0,0.1755793275087315,0.21259701224709524
51864,0,0.16848405250524062,0.21259701224709524
51869,0,0.13338698695585768,0.21259701224709524
51872,0,0.17669294401484678,0.21259701224709524
51876,0,0.2309698372543523,0.21259701224709524
51878,0,0.2685382136680637,0.21259701224709524
51882,0,0.23841241451474302,0.21259701224709524
51888,0,0.22119273658238955,0.21259701224709524
51892,1,0.2729615066839064,0.21259701224709524
51895,1,0.1668389363388289,0.21259701224709524
51902,0,0.1655063811445314,0.21259701224709524
51903,0,0.26330453256075764,0.21259701224709524
51910,0,0.11446744956532001,0.21259701224709524
51919,0,0.16615892167800175,0.21259701224709524
51927,0,0.2514878225590006,0.21259701224709524
51938,0,0.15136806761227,0.21259701224709524
51943,1,0.3439774099045213,0.21259701224709524
51944,0,0.1715705974222723,0.21259701224709524
51949,0,0.20111161568281521,0.21259701224709524
51959,0,0.17337993908837046,0.21259701224709524
51961,0,0.22021859330127272,0.21259701224709524
51971,0,0.14514204600019145,0.21259701224709524
51975,0,0.19097447812132384,0.21259701224709524
51976,0,0.17475135877926312,0.21259701224709524
51977,0,0.28978146803659305,0.21259701224709524
51979,1,0.03430727073304544,0.21259701224709524
51980,0,0.18903353180207205,0.21259701224709524
51986,1,0.15615244839394998,0.21259701224709524
52004,0,0.22943085423103662,0.21259701224709524
52005,0,0.14952240277105389,0.21259701224709524
52024,0,0.34947307074488015,0.21259701224709524
52032,0,0.21664830442767585,0.21259701224709524
52042,0,0.19879648134206931,0.21259701224709524
52046,0,0.1342571647395009,0.21259701224709524
52050,1,0.28136844881452444,0.21259701224709524
52052,0,0.17577852770070898,0.21259701224709524
52053,0,0.20152923539841633,0.21259701224709524
52061,0,0.1615790216958082,0.21259701224709524
52071,0,0.2731601560912282,0.21259701224709524
52072,0,0.1258546467914126,0.21259701224709524
52074,0,0.16073984676110825,0.21259701224709524
52075,0,0.13971978201739982,0.21259701224709524
52080,0,0.2537035254575469,0.21259701224709524
52108,0,0.1403594502741151,0.21259701224709524
52112,0,0.11518778550739218,0.21259701224709524
52113,0,0.22234257273253458,0.21259701224709524
52117,0,0.25193411341475125,0.21259701224709524
52130,0,0.18961783601399687,0.21259701224709524
52133,0,0.14711390999026208,0.21259701224709524
52134,0,0.2549808603241987,0.21259701224709524
52136,0,0.2796326309668847,0.21259701224709524
52140,0,0.3258836177136919,0.21259701224709524
52153,0,0.23962700211378832,0.21259701224709524
52154,1,0.2771208461599411,0.21259701224709524
52165,0,0.20914025467969183,0.21259701224709524
52167,1,0.1644240076167163,0.21259701224709524
52169,0,0.22176810483645884,0.21259701224709524
52178,0,0.1279188663061364,0.21259701224709524
52181,0,0.19306630911495962,0.21259701224709524
52184,0,0.30062839698895033,0.21259701224709524
52187,0,0.2908269956224003,0.21259701224709524
52193,0,0.03442142255619475,0.21259701224709524
52203,0,0.14066609020420998,0.21259701224709524
52207,0,0.13135778811953622,0.21259701224709524
52210,1,0.25090902843368196,0.21259701224709524
52216,1,0.14139514642192583,0.21259701224709524
52222,1,0.17799517362650905,0.21259701224709524
52229,0,0.2361649855710894,0.21259701224709524
52239,0,0.2709062384261749,0.21259701224709524
52242,0,0.19399246851962576,0.21259701224709524
52245,0,0.28668896393791693,0.21259701224709524
52258,0,0.36525555355692135,0.21259701224709524
52259,0,0.1276586637390321,0.21259701224709524
52260,0,0.25027310311588796,0.21259701224709524
52261,1,0.26205902809292464,0.21259701224709524
52263,0,0.13811653658678724,0.21259701224709524
52267,0,0.332478842691358,0.21259701224709524
52268,0,0.16036348228180852,0.21259701224709524
52273,0,0.14170579270310274,0.21259701224709524
52274,0,0.20126798936135995,0.21259701224709524
52285,0,0.349451417343807,0.21259701224709524
52290,0,0.2594900407995825,0.21259701224709524
52294,0,0.2239392904815901,0.21259701224709524
52298,0,0.22842819816752477,0.21259701224709524
52299,0,0.17170885109888845,0.21259701224709524
52308,0,0.17222945840635417,0.21259701224709524
52309,0,0.22768742228515912,0.21259701224709524
52316,0,0.2222788252459089,0.21259701224709524
52322,1,0.1842435900063126,0.21259701224709524
52324,0,0.26575584836052174,0.21259701224709524
52326,1,0.26306468181950515,0.21259701224709524
52327,1,0.23775904084313787,0.21259701224709524
52347,0,0.12673303973152827,0.21259701224709524
52351,0,0.15930823285328854,0.21259701224709524
52352,0,0.1406985010566555,0.21259701224709524
52353,0,0.10448181490103334,0.21259701224709524
52359,1,0.41925281060346437,0.21259701224709524
52363,0,0.1346521273529476,0.21259701224709524
52370,0,0.2057464058314361,0.21259701224709524
52381,0,0.15546189578961592,0.21259701224709524
52385,1,0.22371536417642204,0.21259701224709524
52387,0,0.2619583153142268,0.21259701224709524
52390,0,0.26666099029842943,0.21259701224709524
52395,0,0.17612166838187948,0.21259701224709524
52399,0,0.12328391242551266,0.21259701224709524
52402,0,0.15185295406899707,0.21259701224709524
52405,0,0.33436457032620914,0.21259701224709524
52408,0,0.20178439175237553,0.21259701224709524
52415,0,0.3744286693360538,0.21259701224709524
52422,0,0.179505008837576,0.21259701224709524
52426,0,0.11400465087366453,0.21259701224709524
52431,0,0.2591575154337817,0.21259701224709524
52432,0,0.14230924155664662,0.21259701224709524
52441,0,0.1754585746313243,0.21259701224709524
52442,1,0.1848135433616836,0.21259701224709524
52449,0,0.24715108602185754,0.21259701224709524
52453,0,0.2814030472897781,0.21259701224709524
52455,0,0.254918913139605,0.21259701224709524
52456,0,0.16087409452431053,0.21259701224709524
52458,0,0.1780040895996333,0.21259701224709524
52472,1,0.31444836032740814,0.21259701224709524
52476,0,0.28284505466075704,0.21259701224709524
52484,0,0.15308283264156278,0.21259701224709524
52488,0,0.17283348790550782,0.21259701224709524
52492,0,0.25554543563492005,0.21259701224709524
52493,0,0.35311490858073197,0.21259701224709524
52498,1,0.14325389672278244,0.21259701224709524
52503,0,0.13420262388424653,0.21259701224709524
52508,0,0.2429729690302735,0.21259701224709524
52522,0,0.22620623697658954,0.21259701224709524
52526,1,0.1839680861746011,0.21259701224709524
52529,0,0.15569190377183997,0.21259701224709524
52530,0,0.26815079018976046,0.21259701224709524
52532,1,0.149980923187095,0.21259701224709524
52535,0,0.27926586678980936,0.21259701224709524
52540,1,0.18358050118094787,0.21259701224709524
52544,0,0.1706454465931785,0.21259701224709524
52545,1,0.1386071234798932,0.21259701224709524
52546,0,0.28927135127480225,0.21259701224709524
52551,0,0.14415412668446048,0.21259701224709524
52557,0,0.051748352497674684,0.21259701224709524
52563,0,0.27366391979317717,0.21259701224709524
52566,0,0.21059050112981012,0.21259701224709524
52567,0,0.17847061791211993,0.21259701224709524
52568,0,0.2919671351701283,0.21259701224709524
52569,0,0.2325600846348703,0.21259701224709524
52575,0,0.13495440299045705,0.21259701224709524
52580,0,0.18517141461273112,0.21259701224709524
52587,0,0.16586128631792843,0.21259701224709524
52592,0,0.19857187580984453,0.21259701224709524
52594,0,0.12686820341229615,0.21259701224709524
52600,0,0.1257824717367169,0.21259701224709524
52601,0,0.20974342160795412,0.21259701224709524
52604,0,0.20986175554392753,0.21259701224709524
52607,1,0.31212028376185874,0.21259701224709524
52608,0,0.19207001065118112,0.21259701224709524
52612,0,0.14293351727286074,0.21259701224709524
52619,1,0.24327703875635862,0.21259701224709524
52620,1,0.17029171555820202,0.21259701224709524
52621,0,0.18469614325314282,0.21259701224709524
52632,1,0.16117368553332215,0.21259701224709524
52634,0,0.2575187527220796,0.21259701224709524
52635,0,0.17429841839899232,0.21259701224709524
52641,0,0.19106309934416152,0.21259701224709524
52649,0,0.1427664201914375,0.21259701224709524
52651,1,0.3859287270214809,0.21259701224709524
52652,0,0.3002126560386742,0.21259701224709524
52656,0,0.16486196121211688,0.21259701224709524
52658,0,0.18608174964366794,0.21259701224709524
52659,0,0.2530841127188696,0.21259701224709524
52670,0,0.18498888375862457,0.21259701224709524
52672,0,0.30439173472255904,0.21259701224709524
52673,1,0.40619005174849593,0.21259701224709524
52674,0,0.2316034409838235,0.21259701224709524
52687,0,0.1828711910639744,0.21259701224709524
52689,0,0.31845137013404345,0.21259701224709524
52691,1,0.16597859425041656,0.21259701224709524
52693,0,0.1996461608018835,0.21259701224709524
52696,0,0.18817369349742402,0.21259701224709524
52701,0,0.16330140173709617,0.21259701224709524
52706,0,0.20220310326907204,0.21259701224709524
52708,0,0.29626822658748075,0.21259701224709524
52716,0,0.18299593774619463,0.21259701224709524
52721,0,0.2522508316148428,0.21259701224709524
52737,0,0.2382517857362837,0.21259701224709524
52740,0,0.1552909751184211,0.21259701224709524
52763,1,0.20883001702186016,0.21259701224709524
52778,0,0.2967648541877362,0.21259701224709524
52783,0,0.22206182642483252,0.21259701224709524
52789,0,0.28890686193270787,0.21259701224709524
52792,0,0.24775219917386956,0.21259701224709524
52794,1,0.15087690107059987,0.21259701224709524
52799,1,0.2081680223725261,0.21259701224709524
52802,1,0.2642493125696907,0.21259701224709524
52809,0,0.23412134167484772,0.21259701224709524
52819,0,0.2589546955936336,0.21259701224709524
52825,1,0.4021493830275904,0.21259701224709524
52832,0,0.23967683045374835,0.21259701224709524
52844,0,0.21017451322714398,0.21259701224709524
52845,0,0.34495766752394835,0.21259701224709524
52849,0,0.1186256486655231,0.21259701224709524
52850,0,0.17593164193437116,0.21259701224709524
52851,0,0.2190586096220763,0.21259701224709524
52853,0,0.2818875677111714,0.21259701224709524
52855,1,0.25751625794767896,0.21259701224709524
52860,0,0.18236097396381717,0.21259701224709524
52861,0,0.23374505648129065,0.21259701224709524
52862,0,0.21573811044259378,0.21259701224709524
52864,1,0.29588089664060613,0.21259701224709524
52865,0,0.26672975962331136,0.21259701224709524
52869,0,0.1925577344240025,0.21259701224709524
52873,0,0.3280831961443246,0.21259701224709524
52876,0,0.19661116485749877,0.21259701224709524
52882,0,0.27037615916030167,0.21259701224709524
52883,0,0.19103035364397802,0.21259701224709524
52890,0,0.2509093732695458,0.21259701224709524
52905,0,0.15765260116473992,0.21259701224709524
52906,0,0.12979790011582654,0.21259701224709524
52907,1,0.17368237320422236,0.21259701224709524
52911,0,0.12704772147313503,0.21259701224709524
52925,0,0.29885938032458914,0.21259701224709524
52931,1,0.22927407998709495,0.21259701224709524
52933,0,0.20745748774036962,0.21259701224709524
52936,0,0.19004508663312572,0.21259701224709524
52940,0,0.13527169311900622,0.21259701224709524
52943,0,0.16234950431861836,0.21259701224709524
52946,0,0.24452440262715752,0.21259701224709524
52951,0,0.15189824638520225,0.21259701224709524
52956,0,0.2358375639497013,0.21259701224709524
52960,1,0.12261176973484895,0.21259701224709524
52969,1,0.177983640895517,0.21259701224709524
52971,1,0.2634953409897333,0.21259701224709524
52973,0,0.13267841177540338,0.21259701224709524
52975,0,0.17601803382983577,0.21259701224709524
52978,0,0.08759985849896314,0.21259701224709524
52979,0,0.2313896455531055,0.21259701224709524
52984,0,0.1909447871721934,0.21259701224709524
52985,0,0.17652296515469054,0.21259701224709524
52993,0,0.12173637195352573,0.21259701224709524
52996,0,0.18284321144214016,0.21259701224709524
52997,0,0.17801901588026792,0.21259701224709524
53002,0,0.20335783626938195,0.21259701224709524
53038,1,0.21001667501949348,0.21259701224709524
53045,0,0.30229740440287073,0.21259701224709524
53051,0,0.3027872218698795,0.21259701224709524
53055,0,0.10931437234621258,0.21259701224709524
53057,1,0.19538017197489016,0.21259701224709524
53066,0,0.14636583349948404,0.21259701224709524
53077,0,0.3385921122309652,0.21259701224709524
53078,1,0.17442629930045536,0.21259701224709524
53083,0,0.14610983947317058,0.21259701224709524
53094,1,0.17930500293812654,0.21259701224709524
53097,0,0.1639274184827591,0.21259701224709524
53102,1,0.2521750869681089,0.21259701224709524
53116,1,0.21189765414713732,0.21259701224709524
53119,0,0.15076979464271684,0.21259701224709524
53145,0,0.15320129088338322,0.21259701224709524
53154,0,0.2891324371375605,0.21259701224709524
53157,0,0.16658676592000934,0.21259701224709524
53158,1,0.23106107659711783,0.21259701224709524
53163,0,0.3249516451766283,0.21259701224709524
53168,0,0.28461650467912336,0.21259701224709524
53175,0,0.11933697521567885,0.21259701224709524
53185,0,0.19677599266796264,0.21259701224709524
53186,0,0.13549244700132734,0.21259701224709524
53189,1,0.1970991307626051,0.21259701224709524
53193,0,0.22110745482827554,0.21259701224709524
53214,1,0.33035716231196677,0.21259701224709524
53228,0,0.22718845756829772,0.21259701224709524
53241,0,0.16540860153798254,0.21259701224709524
53247,0,0.1534187220111687,0.21259701224709524
53249,0,0.17549306398871514,0.21259701224709524
53259,1,0.29193622163042005,0.21259701224709524
53260,0,0.25595416146070354,0.21259701224709524
53265,1,0.22331609716146747,0.21259701224709524
53267,1,0.22524002067584512,0.21259701224709524
53268,1,0.17249234157522242,0.21259701224709524
53278,0,0.11132887111644885,0.21259701224709524
53288,0,0.23802778249000356,0.21259701224709524
53296,1,0.21900663473937015,0.21259701224709524
53297,0,0.19219850899282764,0.21259701224709524
53305,0,0.2091511393284248,0.21259701224709524
53307,0,0.17520619704805696,0.21259701224709524
53310,0,0.16356872895024493,0.21259701224709524
53323,0,0.2154863785345481,0.21259701224709524
53324,0,0.12704792926741615,0.21259701224709524
53332,1,0.16507894013070096,0.21259701224709524
53333,0,0.2855947536167171,0.21259701224709524
53335,1,0.18620389474175725,0.21259701224709524
53341,0,0.2025857612876376,0.21259701224709524
53343,0,0.18395959015407595,0.21259701224709524
53359,0,0.11035744516737034,0.21259701224709524
53360,0,0.1310033301009072,0.21259701224709524
53363,0,0.26067594225073304,0.21259701224709524
53369,0,0.12546375065679213,0.21259701224709524
53382,0,0.19237024949807427,0.21259701224709524
53384,0,0.14521496211867382,0.21259701224709524
53391,1,0.19820370662285938,0.21259701224709524
53394,0,0.19465660734451906,0.21259701224709524
53397,0,0.2603490657377998,0.21259701224709524
53399,0,0.1726741375797273,0.21259701224709524
53418,0,0.1453099302414776,0.21259701224709524
53419,0,0.15638939200374935,0.21259701224709524
53421,0,0.34129965112940475,0.21259701224709524
53426,0,0.24665416052983688,0.21259701224709524
53427,0,0.18606821720955602,0.21259701224709524
53447,1,0.2972298415255965,0.21259701224709524
53448,0,0.19291685742767903,0.21259701224709524
53451,0,0.13595034175054935,0.21259701224709524
53452,0,0.17790353350453356,0.21259701224709524
53457,0,0.17896683070892153,0.21259701224709524
53458,0,0.28150600856405344,0.21259701224709524
53459,1,0.1837029982040271,0.21259701224709524
53462,0,0.24472516912481107,0.21259701224709524
53467,1,0.16764627318695585,0.21259701224709524
53471,0,0.2227578315819413,0.21259701224709524
53472,1,0.22528972172390982,0.21259701224709524
53479,0,0.12431754871332276,0.21259701224709524
53489,0,0.1793763583942623,0.21259701224709524
53497,0,0.163806112478824,0.21259701224709524
53507,1,0.21893414248800855,0.21259701224709524
53509,0,0.16492423501677136,0.21259701224709524
53510,0,0.08922748511642938,0.21259701224709524
53516,1,0.41061621149717237,0.21259701224709524
53533,1,0.32477925927195017,0.21259701224709524
53536,0,0.21763574080164932,0.21259701224709524
53543,1,0.33475219923444033,0.21259701224709524
53544,0,0.3203122829449351,0.21259701224709524
53545,0,0.17190657613752666,0.21259701224709524
53550,0,0.3042757902963027,0.21259701224709524
53560,0,0.21674878855152407,0.21259701224709524
53562,0,0.12423064997951855,0.21259701224709524
53600,0,0.23567527430685256,0.21259701224709524
53622,0,0.2616809005892978,0.21259701224709524
53625,1,0.3584530714621004,0.21259701224709524
53630,1,0.19255383228923162,0.21259701224709524
53634,0,0.28634754265174106,0.21259701224709524
53637,0,0.20258346127379956,0.21259701224709524
53643,0,0.2925844283824187,0.21259701224709524
53648,0,0.1952715362837456,0.21259701224709524
53661,0,0.1758863772463318,0.21259701224709524
53664,1,0.28329115762212803,0.21259701224709524
53667,0,0.2853944605708635,0.21259701224709524
53669,0,0.22917205425149803,0.21259701224709524
53672,0,0.3988769677977851,0.21259701224709524
53673,1,0.2665884289431731,0.21259701224709524
53676,0,0.2089639374229354,0.21259701224709524
53677,0,0.26018198943157633,0.21259701224709524
53691,0,0.16948257146874365,0.21259701224709524
53692,0,0.27175814097145495,0.21259701224709524
53707,0,0.18713103403443013,0.21259701224709524
53715,0,0.3317205010978774,0.21259701224709524
53716,0,0.2630044527232237,0.21259701224709524
53717,1,0.3939950861677626,0.21259701224709524
53719,1,0.27598369527224337,0.21259701224709524
53720,0,0.15099902408001012,0.21259701224709524
53721,0,0.1655622225077553,0.21259701224709524
53722,1,0.27743068814532323,0.21259701224709524
53730,0,0.15036280212923267,0.21259701224709524
53731,1,0.18981684853344305,0.21259701224709524
53734,0,0.17434113764240614,0.21259701224709524
53735,1,0.24650882456475748,0.21259701224709524
53737,1,0.33707793461594693,0.21259701224709524
53740,0,0.1826468000447838,0.21259701224709524
53741,0,0.22885001725078313,0.21259701224709524
53742,0,0.1863976770782156,0.21259701224709524
53743,0,0.28563031876735806,0.21259701224709524
53748,0,0.18975407232806418,0.21259701224709524
53766,1,0.3136922524684464,0.21259701224709524
53767,0,0.2004246575473031,0.21259701224709524
53768,0,0.1947637593891953,0.21259701224709524
53769,0,0.10662536832853849,0.21259701224709524
53772,0,0.2269644075920452,0.21259701224709524
53774,1,0.20648889591785527,0.21259701224709524
53779,0,0.15502422315123612,0.21259701224709524
53781,0,0.2005024156339664,0.21259701224709524
53783,0,0.16098733640812313,0.21259701224709524
53784,1,0.32281304837401553,0.21259701224709524
53796,0,0.36651294422010916,0.21259701224709524
53800,1,0.1915687937689584,0.21259701224709524
53805,0,0.23050616608277377,0.21259701224709524
53806,0,0.1468437362572957,0.21259701224709524
53807,1,0.27224853803330784,0.21259701224709524
53814,1,0.16275103176226324,0.21259701224709524
53815,0,0.20140986555080675,0.21259701224709524
53818,0,0.14776057522508734,0.21259701224709524
53819,0,0.1898883851525517,0.21259701224709524
53823,0,0.20623758994920421,0.21259701224709524
53824,0,0.3231038676333435,0.21259701224709524
53842,0,0.13213125476021986,0.21259701224709524
53844,0,0.21353155149293737,0.21259701224709524
53852,0,0.26684341009583207,0.21259701224709524
53853,0,0.15282784355202145,0.21259701224709524
53857,0,0.2743855543881141,0.21259701224709524
53862,1,0.2199008192711478,0.21259701224709524
53864,0,0.10709814554799255,0.21259701224709524
53879,0,0.17922060933735381,0.21259701224709524
53881,0,0.1864195545413109,0.21259701224709524
53886,1,0.11966666051505878,0.21259701224709524
53887,0,0.2606881306516807,0.21259701224709524
53906,0,0.161698827524013,0.21259701224709524
53914,0,0.16363602040782896,0.21259701224709524
53916,1,0.1719725433041019,0.21259701224709524
53917,0,0.09320390227675718,0.21259701224709524
53919,0,0.36980362152236773,0.21259701224709524
53920,0,0.2316334061586991,0.21259701224709524
53928,1,0.2155761031343237,0.21259701224709524
53933,0,0.1396167533801216,0.21259701224709524
53935,1,0.11361929212282931,0.21259701224709524
53956,0,0.13065884101430403,0.21259701224709524
53957,0,0.194334124341331,0.21259701224709524
53960,0,0.2571488828644959,0.21259701224709524
53966,0,0.14961522034156485,0.21259701224709524
53982,1,0.13950506562632967,0.21259701224709524
53987,1,0.27227564083555555,0.21259701224709524
53988,0,0.16881019596692284,0.21259701224709524
53991,0,0.1520886830240589,0.21259701224709524
53996,0,0.19702273328325562,0.21259701224709524
54000,0,0.3124592042134671,0.21259701224709524
54007,0,0.18562219427631374,0.21259701224709524
54021,1,0.28630321499381295,0.21259701224709524
54023,1,0.19731307800624795,0.21259701224709524
54026,0,0.2961500131841465,0.21259701224709524
54032,0,0.17195145588277339,0.21259701224709524
54038,0,0.14803873736337378,0.21259701224709524
54039,0,0.27423116599084063,0.21259701224709524
54041,0,0.1292475007462095,0.21259701224709524
54050,1,0.2177815249172552,0.21259701224709524
54063,0,0.2427269903620443,0.21259701224709524
54066,0,0.13608572994982124,0.21259701224709524
54067,1,0.15312331098172896,0.21259701224709524
54074,0,0.21922805075518334,0.21259701224709524
54080,0,0.12444335540074929,0.21259701224709524
54085,0,0.15387470108540305,0.21259701224709524
54089,0,0.34849616234012754,0.21259701224709524
54091,0,0.18559864582651686,0.21259701224709524
54092,0,0.16645653021951773,0.21259701224709524
54101,0,0.16173001602372866,0.21259701224709524
54105,1,0.26432265789311254,0.21259701224709524
54109,1,0.29873767711512594,0.21259701224709524
54122,0,0.2148632815767073,0.21259701224709524
54128,0,0.21229081020970897,0.21259701224709524
54136,0,0.12092215790880022,0.21259701224709524
54138,0,0.21870296378631277,0.21259701224709524
54140,0,0.16883881871068543,0.21259701224709524
54145,0,0.16137234913500828,0.21259701224709524
54146,0,0.15395159422854973,0.21259701224709524
54148,0,0.1897595591094625,0.21259701224709524
54149,0,0.18526062665392481,0.21259701224709524
54150,0,0.22749240235558665,0.21259701224709524
54152,0,0.22452228938073068,0.21259701224709524
54153,0,0.2721450062774697,0.21259701224709524
54158,1,0.2644831750612921,0.21259701224709524
54160,0,0.18804349416903376,0.21259701224709524
54163,0,0.20459999657145556,0.21259701224709524
54168,0,0.18184177044959557,0.21259701224709524
54177,0,0.24079745692970775,0.21259701224709524
54187,0,0.10650001052432274,0.21259701224709524
54193,0,0.2610531896894082,0.21259701224709524
54204,0,0.233213682979718,0.21259701224709524
54210,0,0.10651849693868237,0.21259701224709524
54216,0,0.26111791380590743,0.21259701224709524
54218,0,0.13753723982917038,0.21259701224709524
54225,0,0.16822628125900269,0.21259701224709524
54228,0,0.3085538848917694,0.21259701224709524
54229,0,0.25713736713165464,0.21259701224709524
54230,0,0.23917401675840114,0.21259701224709524
54231,0,0.2778263441760678,0.21259701224709524
54237,0,0.15037731131406343,0.21259701224709524
54250,1,0.22528700035287644,0.21259701224709524
54264,1,0.2589642363860406,0.21259701224709524
54272,0,0.15597762012409339,0.21259701224709524
54274,0,0.16818637953671017,0.21259701224709524
54292,0,0.271487767680044,0.21259701224709524
54297,1,0.2631055576840056,0.21259701224709524
54303,0,0.16408044048856335,0.21259701224709524
54305,0,0.1943286937087582,0.21259701224709524
54314,1,0.23335340404560276,0.21259701224709524
54318,1,0.1256933889837318,0.21259701224709524
54328,0,0.1983672250232052,0.21259701224709524
54331,1,0.338643641869637,0.21259701224709524
54334,0,0.08746789542038509,0.21259701224709524
54339,0,0.2956142636643185,0.21259701224709524
54346,1,0.3119763033480117,0.21259701224709524
54348,0,0.1350021049416536,0.21259701224709524
54354,0,0.18315122586484114,0.21259701224709524
54356,0,0.17523209737281611,0.21259701224709524
54361,0,0.3397290693050161,0.21259701224709524
54364,1,0.22668252828111235,0.21259701224709524
54368,0,0.2135241956105231,0.21259701224709524
54383,0,0.23825358380260575,0.21259701224709524
54388,0,0.19534094708409716,0.21259701224709524
54390,0,0.18639317843675443,0.21259701224709524
54391,0,0.17479928048697446,0.21259701224709524
54396,1,0.21375335626651484,0.21259701224709524
54405,1,0.15900739860569438,0.21259701224709524
54409,1,0.2626090961718675,0.21259701224709524
54412,0,0.14056365424665263,0.21259701224709524
54419,0,0.14870466639117955,0.21259701224709524
54427,0,0.23611911856186354,0.21259701224709524
54431,0,0.23547456189142818,0.21259701224709524
54433,1,0.2663501481678961,0.21259701224709524
54438,0,0.20883001171471546,0.21259701224709524
54441,0,0.25801851162433015,0.21259701224709524
54444,1,0.1719635177663405,0.21259701224709524
54452,0,0.12325697099930287,0.21259701224709524
54460,0,0.17218574449595564,0.21259701224709524
54461,0,0.20582303559173262,0.21259701224709524
54467,1,0.13221143061292764,0.21259701224709524
54472,0,0.11920719278485808,0.21259701224709524
54474,0,0.1536329139972614,0.21259701224709524
54478,0,0.1670703100707813,0.21259701224709524
54494,1,0.19262362332314736,0.21259701224709524
54496,0,0.15473378562127557,0.21259701224709524
54497,0,0.2426838344007089,0.21259701224709524
54499,1,0.2547969368105264,0.21259701224709524
54500,0,0.20063331486890323,0.21259701224709524
54504,0,0.19046005770402782,0.21259701224709524
54508,0,0.12307839046238497,0.21259701224709524
54509,0,0.14254928555766946,0.21259701224709524
54515,0,0.22232002889901997,0.21259701224709524
54516,0,0.22971904679860164,0.21259701224709524
54524,0,0.1882777450412974,0.21259701224709524
54526,0,0.18755484607836076,0.21259701224709524
54529,0,0.14226656068713847,0.21259701224709524
54530,0,0.22687638638975247,0.21259701224709524
54531,0,0.20699768864318008,0.21259701224709524
54534,0,0.2586948777110693,0.21259701224709524
54535,0,0.16470330559989277,0.21259701224709524
54538,0,0.18838101962108747,0.21259701224709524
54543,0,0.2362422050311383,0.21259701224709524
54544,0,0.14900539704508992,0.21259701224709524
54550,1,0.3246664055180542,0.21259701224709524
54563,0,0.15088689721209653,0.21259701224709524
54564,1,0.23241161544033484,0.21259701224709524
54568,0,0.1213832580045225,0.21259701224709524
54570,1,0.2520252975928787,0.21259701224709524
54577,1,0.22756260719439625,0.21259701224709524
54578,1,0.2684880682061433,0.21259701224709524
54583,0,0.2972508255244928,0.21259701224709524
54595,0,0.3193925381716017,0.21259701224709524
54597,0,0.23885420580159536,0.21259701224709524
54603,0,0.18083379985799017,0.21259701224709524
54608,0,0.14103819874183107,0.21259701224709524
54616,0,0.1322757363086667,0.21259701224709524
54617,0,0.25999744080780274,0.21259701224709524
54619,1,0.3379599045621258,0.21259701224709524
54622,0,0.19205065464166085,0.21259701224709524
54631,0,0.18931541857672307,0.21259701224709524
54636,0,0.24834229450861478,0.21259701224709524
54637,0,0.1913411561302108,0.21259701224709524
54638,0,0.260255839731569,0.21259701224709524
54644,1,0.1596898316737463,0.21259701224709524
54667,0,0.2680804533080813,0.21259701224709524
54679,1,0.30372858418042825,0.21259701224709524
54681,0,0.21663480750321734,0.21259701224709524
54682,0,0.1282142508211091,0.21259701224709524
54693,0,0.24194548592690854,0.21259701224709524
54695,0,0.3584139764245827,0.21259701224709524
54697,0,0.21433196070192473,0.21259701224709524
54702,0,0.2648590390057565,0.21259701224709524
54705,0,0.2583535468919057,0.21259701224709524
54720,0,0.20983896164837523,0.21259701224709524
54726,0,0.19347388127996062,0.21259701224709524
54733,0,0.1275629668242098,0.21259701224709524
54741,1,0.23990769775895723,0.21259701224709524
54743,1,0.31030651066423126,0.21259701224709524
54750,0,0.20433515632852411,0.21259701224709524
54752,0,0.14239903233777682,0.21259701224709524
54753,1,0.25660219637655335,0.21259701224709524
54754,0,0.17785924673214695,0.21259701224709524
54756,1,0.2481779315233799,0.21259701224709524
54760,0,0.37517308865393023,0.21259701224709524
54763,1,0.16102767999635081,0.21259701224709524
54764,0,0.3082463309329064,0.21259701224709524
54770,0,0.33009753307130335,0.21259701224709524
54781,0,0.18186541273084106,0.21259701224709524
54782,1,0.26875779451937876,0.21259701224709524
54787,1,0.16328131717986671,0.21259701224709524
54788,0,0.2630270134350832,0.21259701224709524
54798,0,0.2439020646034337,0.21259701224709524
54810,0,0.2889574598130899,0.21259701224709524
54812,0,0.27568287425800064,0.21259701224709524
54817,0,0.18363622816882685,0.21259701224709524
54821,1,0.15191649159275705,0.21259701224709524
54824,0,0.2911993957791171,0.21259701224709524
54827,0,0.2365524469637537,0.21259701224709524
54835,0,0.1786410076110878,0.21259701224709524
54850,1,0.27956297760371784,0.21259701224709524
54857,0,0.17147989596213323,0.21259701224709524
54862,1,0.2449779552750605,0.21259701224709524
54863,1,0.1977674359878416,0.21259701224709524
54868,0,0.218169709794541,0.21259701224709524
54880,1,0.31459717889565836,0.21259701224709524
54882,0,0.2772194248295407,0.21259701224709524
54883,0,0.24027924368998083,0.21259701224709524
54899,1,0.22049877360795753,0.21259701224709524
54900,0,0.2978013559750935,0.21259701224709524
54902,0,0.1950574980899591,0.21259701224709524
54914,0,0.15579800883458822,0.21259701224709524
54925,0,0.12093224069220067,0.21259701224709524
54928,0,0.17393659792536903,0.21259701224709524
54933,0,0.3556240567540344,0.21259701224709524
54937,1,0.2743253575539486,0.21259701224709524
54938,0,0.13979883097871845,0.21259701224709524
54939,1,0.2401171077736731,0.21259701224709524
54942,0,0.17826755899975943,0.21259701224709524
54948,0,0.24872350768410528,0.21259701224709524
54950,0,0.20589182856144717,0.21259701224709524
54959,1,0.2713201795461665,0.21259701224709524
54961,0,0.3369306922444254,0.21259701224709524
54968,0,0.17942267898927639,0.21259701224709524
54971,0,0.1739306123886001,0.21259701224709524
54973,0,0.1711084684409839,0.21259701224709524
54977,1,0.1785544646693311,0.21259701224709524
54979,1,0.3687232817331357,0.21259701224709524
54980,0,0.19265163204226693,0.21259701224709524
54982,0,0.2980250336964305,0.21259701224709524
54984,0,0.3206184638499445,0.21259701224709524
54990,0,0.19441799758936212,0.21259701224709524
54996,0,0.22945832363304625,0.21259701224709524
54999,0,0.21833215727076077,0.21259701224709524
55001,0,0.14465360754050166,0.21259701224709524
55013,0,0.170316363375099,0.21259701224709524
55015,0,0.17195090618033854,0.21259701224709524
55021,0,0.2913483376878622,0.21259701224709524
55022,0,0.33028141173506764,0.21259701224709524
55029,0,0.27779579778733104,0.21259701224709524
55031,0,0.14668981720883764,0.21259701224709524
55032,1,0.12853404992454098,0.21259701224709524
55033,0,0.15236758005099957,0.21259701224709524
55037,0,0.2594657637115817,0.21259701224709524
55047,1,0.13322068171864904,0.21259701224709524
55053,0,0.27564045817645644,0.21259701224709524
55054,0,0.17674099556593686,0.21259701224709524
55056,0,0.30256722052167706,0.21259701224709524
55059,0,0.17539414090060038,0.21259701224709524
55063,0,0.18708074602602365,0.21259701224709524
55066,0,0.19103827408697197,0.21259701224709524
55067,0,0.21167244362042914,0.21259701224709524
55075,0,0.29153160718069643,0.21259701224709524
55076,0,0.182757258316369,0.21259701224709524
55082,0,0.33725840120311884,0.21259701224709524
55085,1,0.2543472660035358,0.21259701224709524
55089,0,0.18451083850203215,0.21259701224709524
55090,0,0.31350018316282635,0.21259701224709524
55112,0,0.22707737720173007,0.21259701224709524
55114,0,0.253100173357163,0.21259701224709524
55121,0,0.12903929574786224,0.21259701224709524
55127,1,0.27578031925470037,0.21259701224709524
55131,1,0.30754144299840375,0.21259701224709524
55134,0,0.18342909491834036,0.21259701224709524
55135,0,0.19568864971763808,0.21259701224709524
55141,0,0.2396092756480471,0.21259701224709524
55142,1,0.32117679331969273,0.21259701224709524
55144,1,0.2524496687802541,0.21259701224709524
55151,1,0.24367644637029956,0.21259701224709524
55155,0,0.189730803427916,0.21259701224709524
55158,0,0.2652464596246027,0.21259701224709524
55162,0,0.17146177770184742,0.21259701224709524
55167,0,0.16237976499614112,0.21259701224709524
55168,0,0.17480377154276858,0.21259701224709524
55172,1,0.16757743408945333,0.21259701224709524
55177,0,0.1931486009493725,0.21259701224709524
55178,0,0.2411472107698846,0.21259701224709524
55179,1,0.12298371147922262,0.21259701224709524
55185,0,0.2633964786014267,0.21259701224709524
55199,0,0.24000258622411286,0.21259701224709524
55200,1,0.1699568505003498,0.21259701224709524
55205,0,0.12298735795967718,0.21259701224709524
55209,1,0.20593870679427576,0.21259701224709524
55213,0,0.13862660027450613,0.21259701224709524
55224,0,0.23883478043850734,0.21259701224709524
55225,0,0.13040530364795902,0.21259701224709524
55228,1,0.133827797444182,0.21259701224709524
55230,0,0.1974822979101773,0.21259701224709524
55231,0,0.11821804780829966,0.21259701224709524
55234,0,0.19330418398557625,0.21259701224709524
55238,0,0.13945907875415506,0.21259701224709524
55239,1,0.15598554527457978,0.21259701224709524
55243,0,0.1635248427020437,0.21259701224709524
55264,0,0.18122839125471435,0.21259701224709524
55273,0,0.23413692252667734,0.21259701224709524
55276,1,0.1931462649437251,0.21259701224709524
55278,0,0.23777195817072472,0.21259701224709524
55285,0,0.1435804315041527,0.21259701224709524
55288,0,0.2726210521153984,0.21259701224709524
55291,0,0.19830066009377512,0.21259701224709524
55292,1,0.27450745418031336,0.21259701224709524
55299,0,0.1600301272070793,0.21259701224709524
55304,1,0.3024766067594258,0.21259701224709524
55305,1,0.29120700473526884,0.21259701224709524
55306,0,0.22957135203024312,0.21259701224709524
55326,0,0.27060051678283503,0.21259701224709524
55328,0,0.2237709361367396,0.21259701224709524
55331,0,0.20157303358072254,0.21259701224709524
55335,0,0.2014795961583668,0.21259701224709524
55337,0,0.13443248840257557,0.21259701224709524
55346,0,0.182510726314376,0.21259701224709524
55349,0,0.2968247036672479,0.21259701224709524
55350,0,0.17676894531979528,0.21259701224709524
55353,0,0.1454350187128054,0.21259701224709524
55356,0,0.18088641577652342,0.21259701224709524
55361,0,0.26091788246081554,0.21259701224709524
55364,0,0.17362655152269918,0.21259701224709524
55369,1,0.2075101462939385,0.21259701224709524
55371,0,0.29982185833635866,0.21259701224709524
55377,0,0.3533335894724595,0.21259701224709524
55378,1,0.2292724705128331,0.21259701224709524
55381,0,0.15597459939886074,0.21259701224709524
55382,1,0.2867130412031555,0.21259701224709524
55390,1,0.18263124974091965,0.21259701224709524
55399,0,0.24506263056399283,0.21259701224709524
55406,0,0.16520790200638422,0.21259701224709524
55412,0,0.1733194388012344,0.21259701224709524
55420,0,0.1775257558100949,0.21259701224709524
55422,0,0.24461245354949704,0.21259701224709524
55430,0,0.39116381354779745,0.21259701224709524
55435,1,0.19952118590328619,0.21259701224709524
55437,0,0.29520188197882985,0.21259701224709524
55438,0,0.17576296967005386,0.21259701224709524
55441,0,0.13807647194334366,0.21259701224709524
55442,0,0.17524068575067758,0.21259701224709524
55443,0,0.14881064329850752,0.21259701224709524
55452,0,0.33923185856185795,0.21259701224709524
55453,0,0.20087886717500886,0.21259701224709524
55460,0,0.14751192470654037,0.21259701224709524
55465,0,0.2592629593318739,0.21259701224709524
55468,1,0.3204376849474533,0.21259701224709524
55471,0,0.2356213876468078,0.21259701224709524
55477,0,0.20163380381113183,0.21259701224709524
55484,0,0.15784315602659252,0.21259701224709524
55492,0,0.15008231296430716,0.21259701224709524
55499,0,0.17467392058902725,0.21259701224709524
55502,0,0.283394916450092,0.21259701224709524
55504,0,0.1888235679385253,0.21259701224709524
55516,1,0.13521186474539884,0.21259701224709524
55517,0,0.2796715966922379,0.21259701224709524
55539,1,0.29707209007334157,0.21259701224709524
55540,0,0.29476232065018654,0.21259701224709524
55544,0,0.17740721745567625,0.21259701224709524
55545,0,0.1922566983951545,0.21259701224709524
55551,0,0.2622943562618273,0.21259701224709524
55568,1,0.14838289865851437,0.21259701224709524
55580,1,0.2431509839917678,0.21259701224709524
55590,0,0.20625363738724486,0.21259701224709524
55610,0,0.23258986824073244,0.21259701224709524
55613,0,0.40128499898467074,0.21259701224709524
55618,0,0.15712170720778043,0.21259701224709524
55619,1,0.20311679587222636,0.21259701224709524
55623,0,0.08743828845450051,0.21259701224709524
55630,1,0.25485087585309274,0.21259701224709524
55634,0,0.25780481523442145,0.21259701224709524
55635,1,0.19793846823388336,0.21259701224709524
55636,0,0.30269587738571907,0.21259701224709524
55639,0,0.30556250698713977,0.21259701224709524
55644,0,0.15273815802974713,0.21259701224709524
55646,0,0.14734978802894008,0.21259701224709524
55648,0,0.19789308811323525,0.21259701224709524
55652,1,0.15186585025221783,0.21259701224709524
55657,0,0.19320952844166536,0.21259701224709524
55659,0,0.25298227739285084,0.21259701224709524
55663,0,0.1853048897111603,0.21259701224709524
55668,0,0.2756150515131996,0.21259701224709524
55670,0,0.173197091559292,0.21259701224709524
55678,0,0.2025688436509175,0.21259701224709524
55685,0,0.21881984975521332,0.21259701224709524
55687,1,0.17716362735456617,0.21259701224709524
